Open,High,Low,Close,Adj Close,Volume,Ticker,Date
183.77000427246094,184.32000732421875,182.0800018310547,184.30999755859375,156.00970458984375,4193500,VOO,2016-01-04
184.57000732421875,185.1199951171875,183.42999267578125,184.63999938964844,156.2890167236328,2882500,VOO,2016-01-05
181.92999267578125,183.3800048828125,181.19000244140625,182.3000030517578,154.3083038330078,2755100,VOO,2016-01-06
179.14999389648438,181.0,177.5,177.86000061035156,150.55003356933594,4952500,VOO,2016-01-07
178.97000122070312,179.52999877929688,175.64999389648438,175.97000122070312,148.9502716064453,7357300,VOO,2016-01-08
177.0399932861328,177.32000732421875,174.05999755859375,175.99000549316406,148.96717834472656,4493300,VOO,2016-01-11
177.75,178.36000061035156,175.25999450683594,177.4499969482422,150.20303344726562,2998800,VOO,2016-01-12
178.42999267578125,178.63999938964844,172.72000122070312,173.11000061035156,146.52938842773438,4125700,VOO,2016-01-13
173.7899932861328,177.17999267578125,172.05999755859375,175.9199981689453,148.90797424316406,5081400,VOO,2016-01-14
171.1999969482422,173.05999755859375,170.10000610351562,172.14999389648438,145.7168426513672,8087300,VOO,2016-01-15
174.1999969482422,174.2899932861328,170.72000122070312,172.33999633789062,145.87762451171875,5863300,VOO,2016-01-19
169.58999633789062,171.8800048828125,165.9600067138672,170.32000732421875,144.16778564453125,8577600,VOO,2016-01-20
170.7899932861328,173.13999938964844,169.3300018310547,171.14999389648438,144.87037658691406,3004600,VOO,2016-01-21
174.02999877929688,174.86000061035156,173.17999267578125,174.66000366210938,147.84136962890625,2611700,VOO,2016-01-22
174.10000610351562,174.3300018310547,171.8300018310547,172.07000732421875,145.64910888671875,2756400,VOO,2016-01-25
172.85000610351562,174.66000366210938,172.38999938964844,174.39999389648438,147.62132263183594,2263700,VOO,2016-01-26
173.88999938964844,175.6199951171875,171.5,172.4199981689453,145.94534301757812,3543000,VOO,2016-01-27
174.1300048828125,174.35000610351562,171.64999389648438,173.36000061035156,146.74102783203125,2616400,VOO,2016-01-28
174.33999633789062,177.75,174.0800018310547,177.75,150.45693969726562,4453100,VOO,2016-01-29
176.61000061035156,178.38999938964844,175.91000366210938,177.58999633789062,149.89730834960938,3923200,VOO,2016-02-01
175.86000061035156,176.08999633789062,173.8000030517578,174.3699951171875,147.17938232421875,5101200,VOO,2016-02-02
175.47000122070312,175.80999755859375,171.57000732421875,175.38999938964844,148.04037475585938,3871000,VOO,2016-02-03
174.9499969482422,176.6999969482422,174.22999572753906,175.61000061035156,148.22605895996094,3562200,VOO,2016-02-04
175.0399932861328,175.19000244140625,171.64999389648438,172.30999755859375,145.4406280517578,2371900,VOO,2016-02-05
170.2899932861328,170.6199951171875,167.6199951171875,169.94000244140625,143.44020080566406,3402000,VOO,2016-02-08
168.17999267578125,171.3699951171875,167.97000122070312,169.99000549316406,143.48243713378906,2360700,VOO,2016-02-09
170.92999267578125,172.64999389648438,169.72000122070312,169.8800048828125,143.3895721435547,1953600,VOO,2016-02-10
167.25999450683594,168.72000122070312,166.0500030517578,167.6999969482422,141.5494842529297,3439200,VOO,2016-02-11
169.5399932861328,171.13999938964844,168.6999969482422,171.13999938964844,144.4530792236328,1800300,VOO,2016-02-12
173.1999969482422,174.00999450683594,172.0500030517578,174.00999450683594,146.8755645751953,2361000,VOO,2016-02-16
175.32000732421875,177.25,175.1199951171875,176.86000061035156,149.2811279296875,2265400,VOO,2016-02-17
177.1999969482422,177.22000122070312,175.8000030517578,176.11000061035156,148.6480712890625,1646000,VOO,2016-02-18
175.27999877929688,176.1999969482422,174.64999389648438,176.07000732421875,148.6143035888672,1136900,VOO,2016-02-19
177.77999877929688,178.75,177.7100067138672,178.58999633789062,150.74142456054688,2603100,VOO,2016-02-22
177.9199981689453,178.19000244140625,176.22000122070312,176.35000610351562,148.8506317138672,2076000,VOO,2016-02-23
174.7899932861328,177.4499969482422,173.60000610351562,177.17999267578125,149.5512237548828,2599800,VOO,2016-02-24
177.6999969482422,179.30999755859375,176.8300018310547,179.30999755859375,151.34909057617188,2546000,VOO,2016-02-25
180.1999969482422,180.36000061035156,178.74000549316406,178.97999572753906,151.0704803466797,2560800,VOO,2016-02-26
178.94000244140625,179.9499969482422,177.3800048828125,177.3800048828125,149.72010803222656,3128400,VOO,2016-02-29
178.83999633789062,181.75,178.3300018310547,181.75,153.40858459472656,3041400,VOO,2016-03-01
181.36000061035156,182.5399932861328,180.91000366210938,182.52000427246094,154.05856323242188,3839200,VOO,2016-03-02
182.27000427246094,183.22999572753906,181.6999969482422,183.19000244140625,154.62408447265625,3150400,VOO,2016-03-03
183.4499969482422,184.66000366210938,182.5500030517578,183.77999877929688,155.12210083007812,2821000,VOO,2016-03-04
182.85000610351562,184.38999938964844,182.75,183.97999572753906,155.29083251953125,3449900,VOO,2016-03-07
182.8300018310547,183.3300018310547,181.77999877929688,181.91000366210938,153.5436553955078,3385400,VOO,2016-03-08
182.85000610351562,183.22000122070312,182.00999450683594,182.91000366210938,154.38772583007812,1641600,VOO,2016-03-09
183.3800048828125,184.38999938964844,181.02999877929688,183.00999450683594,154.4721221923828,2090500,VOO,2016-03-10
184.57000732421875,186.00999450683594,184.4600067138672,185.97999572753906,156.97898864746094,2231000,VOO,2016-03-11
185.39999389648438,186.1999969482422,185.07000732421875,185.6999969482422,156.74267578125,1412800,VOO,2016-03-14
184.6999969482422,185.4600067138672,184.4199981689453,185.4600067138672,156.54013061523438,1325300,VOO,2016-03-15
184.8800048828125,186.92999267578125,184.86000061035156,186.57000732421875,157.4770050048828,2700700,VOO,2016-03-16
186.4199981689453,188.24000549316406,186.0,187.75,158.47299194335938,1937300,VOO,2016-03-17
188.35000610351562,188.7899932861328,187.91000366210938,188.4499969482422,159.06387329101562,2623400,VOO,2016-03-18
187.17999267578125,187.94000244140625,186.91000366210938,187.72999572753906,159.3065948486328,1535400,VOO,2016-03-21
186.88999938964844,188.2100067138672,186.7100067138672,187.6300048828125,159.2216796875,1521600,VOO,2016-03-22
187.17999267578125,187.36000061035156,186.17999267578125,186.42999267578125,158.20335388183594,1633300,VOO,2016-03-23
185.25,186.32000732421875,185.00999450683594,186.3000030517578,158.09303283691406,1874800,VOO,2016-03-24
186.75999450683594,186.94000244140625,185.9199981689453,186.42999267578125,158.20335388183594,1271200,VOO,2016-03-28
185.99000549316406,188.22000122070312,185.6300048828125,188.22000122070312,159.72235107421875,1604900,VOO,2016-03-29
189.1699981689453,189.72000122070312,188.5800018310547,189.00999450683594,160.39273071289062,1908400,VOO,2016-03-30
188.85000610351562,189.2899932861328,188.32000732421875,188.55999755859375,160.01087951660156,3007800,VOO,2016-03-31
187.39999389648438,189.9600067138672,187.10000610351562,189.77000427246094,161.0377197265625,2971800,VOO,2016-04-01
189.74000549316406,189.89999389648438,188.8300018310547,189.1699981689453,160.5284881591797,1259500,VOO,2016-04-04
187.74000549316406,188.2100067138672,187.0,187.25,158.89923095703125,1737500,VOO,2016-04-05
187.38999938964844,189.3800048828125,187.08999633789062,189.2899932861328,160.63034057617188,1860800,VOO,2016-04-06
188.1699981689453,188.5,186.25999450683594,187.05999755859375,158.73794555664062,2635300,VOO,2016-04-07
188.30999755859375,188.77000427246094,186.99000549316406,187.57000732421875,159.1707763671875,2043800,VOO,2016-04-08
188.25999450683594,188.99000549316406,187.02999877929688,187.0800018310547,158.75497436523438,1355300,VOO,2016-04-11
187.2899932861328,189.17999267578125,186.8300018310547,188.89999389648438,160.29940795898438,1590700,VOO,2016-04-12
189.8800048828125,190.85000610351562,189.7100067138672,190.7899932861328,161.90322875976562,1972900,VOO,2016-04-13
190.83999633789062,191.30999755859375,190.41000366210938,190.77000427246094,161.88623046875,3214800,VOO,2016-04-14
190.8000030517578,190.85000610351562,190.22000122070312,190.55999755859375,161.7080535888672,2059700,VOO,2016-04-15
189.99000549316406,191.94000244140625,189.85000610351562,191.94000244140625,162.8790740966797,2345300,VOO,2016-04-18
192.36000061035156,192.77999877929688,191.63999938964844,192.52000427246094,163.37124633789062,1633300,VOO,2016-04-19
192.60000610351562,193.42999267578125,192.0500030517578,192.67999267578125,163.50709533691406,1636800,VOO,2016-04-20
192.6999969482422,192.82000732421875,191.3699951171875,191.61000061035156,162.59909057617188,1814700,VOO,2016-04-21
191.3000030517578,191.94000244140625,190.69000244140625,191.66000366210938,162.6414794921875,1863900,VOO,2016-04-22
191.07000732421875,191.36000061035156,190.35000610351562,191.35000610351562,162.3784942626953,2368000,VOO,2016-04-25
191.72000122070312,192.16000366210938,191.13999938964844,191.6300048828125,162.61605834960938,1715300,VOO,2016-04-26
191.2100067138672,192.44000244140625,190.8000030517578,192.02999877929688,162.95553588867188,1971700,VOO,2016-04-27
191.22000122070312,192.39999389648438,189.85000610351562,190.3000030517578,161.48739624023438,1578800,VOO,2016-04-28
189.6199951171875,189.97999572753906,188.0500030517578,189.22000122070312,160.57090759277344,2785500,VOO,2016-04-29
189.80999755859375,190.9499969482422,189.33999633789062,190.72999572753906,161.85231018066406,1638900,VOO,2016-05-02
189.44000244140625,189.66000366210938,188.27999877929688,189.10000610351562,160.46914672851562,2351900,VOO,2016-05-03
187.99000549316406,188.77999877929688,187.47000122070312,187.99000549316406,159.52719116210938,2079600,VOO,2016-05-04
188.57000732421875,188.89999389648438,187.57000732421875,187.97000122070312,159.51016235351562,1611600,VOO,2016-05-05
187.2100067138672,188.72000122070312,187.0,188.64999389648438,160.08726501464844,1551400,VOO,2016-05-06
188.5500030517578,189.27000427246094,188.36000061035156,188.85000610351562,160.25698852539062,1569000,VOO,2016-05-09
189.61000061035156,191.2100067138672,189.5399932861328,191.19000244140625,162.24267578125,1021100,VOO,2016-05-10
190.7100067138672,191.07000732421875,189.38999938964844,189.39999389648438,160.7236785888672,2725500,VOO,2016-05-11
190.13999938964844,190.2899932861328,188.36000061035156,189.50999450683594,160.81700134277344,1783200,VOO,2016-05-12
189.10000610351562,189.7100067138672,187.4600067138672,187.75999450683594,159.33201599121094,1658700,VOO,2016-05-13
187.97999572753906,190.16000366210938,187.92999267578125,189.6300048828125,160.9188995361328,1075000,VOO,2016-05-16
189.35000610351562,189.64999389648438,187.3300018310547,187.9600067138672,159.50172424316406,3327100,VOO,2016-05-17
187.5,189.1999969482422,186.77999877929688,187.92999267578125,159.4762725830078,1942000,VOO,2016-05-18
187.14999389648438,187.58999633789062,185.97000122070312,187.32000732421875,158.95864868164062,1796000,VOO,2016-05-19
187.97000122070312,189.0500030517578,187.89999389648438,188.49000549316406,159.9514923095703,1588700,VOO,2016-05-20
188.47999572753906,188.77999877929688,188.02000427246094,188.24000549316406,159.73934936523438,1415400,VOO,2016-05-23
189.1300048828125,191.00999450683594,189.0800018310547,190.6300048828125,161.76747131347656,1985400,VOO,2016-05-24
191.3800048828125,192.4199981689453,191.36000061035156,191.92999267578125,162.87060546875,2006700,VOO,2016-05-25
192.13999938964844,192.36000061035156,191.67999267578125,192.02000427246094,162.94700622558594,1225300,VOO,2016-05-26
192.19000244140625,192.8300018310547,192.16000366210938,192.77000427246094,163.58343505859375,988600,VOO,2016-05-27
193.16000366210938,193.27000427246094,191.8800048828125,192.5399932861328,163.38827514648438,2821900,VOO,2016-05-31
191.8800048828125,193.05999755859375,191.6300048828125,192.89999389648438,163.69374084472656,2375500,VOO,2016-06-01
192.4499969482422,193.47999572753906,191.9199981689453,193.47999572753906,164.1859588623047,1601700,VOO,2016-06-02
192.85000610351562,193.25999450683594,191.58999633789062,192.9199981689453,163.7107391357422,1897100,VOO,2016-06-03
193.2899932861328,194.24000549316406,193.1199951171875,193.85000610351562,164.49993896484375,1177600,VOO,2016-06-06
194.0500030517578,194.77999877929688,194.02000427246094,194.1999969482422,164.79698181152344,1551200,VOO,2016-06-07
194.33999633789062,194.9499969482422,194.2100067138672,194.83999633789062,165.34011840820312,1041100,VOO,2016-06-08
194.02000427246094,194.69000244140625,193.75,194.5399932861328,165.08547973632812,1521600,VOO,2016-06-09
193.07000732421875,193.42999267578125,192.1199951171875,192.6699981689453,163.49862670898438,1932900,VOO,2016-06-10
192.02999877929688,192.97000122070312,191.1199951171875,191.22000122070312,162.26809692382812,2318200,VOO,2016-06-13
190.8300018310547,191.4499969482422,189.8000030517578,190.8000030517578,161.91171264648438,2051200,VOO,2016-06-14
191.25999450683594,191.9600067138672,190.36000061035156,190.52000427246094,161.67408752441406,1590700,VOO,2016-06-15
189.60000610351562,191.3300018310547,188.57000732421875,191.13999938964844,162.20021057128906,2744400,VOO,2016-06-16
191.10000610351562,191.10000610351562,189.72999572753906,190.42999267578125,161.59774780273438,1701000,VOO,2016-06-17
192.55999755859375,193.25999450683594,191.55999755859375,191.64999389648438,162.6329803466797,1192800,VOO,2016-06-20
191.14999389648438,191.64999389648438,190.64999389648438,191.24000549316406,163.09608459472656,1826500,VOO,2016-06-21
191.4499969482422,192.2100067138672,190.77999877929688,190.9199981689453,162.82318115234375,2245900,VOO,2016-06-22
192.52000427246094,193.44000244140625,192.0,193.38999938964844,164.92974853515625,2582200,VOO,2016-06-23
187.0,189.82000732421875,186.0,186.33999633789062,158.917236328125,10310500,VOO,2016-06-24
185.05999755859375,185.05999755859375,182.27000427246094,183.0500030517578,156.11138916015625,7717000,VOO,2016-06-27
184.8699951171875,186.44000244140625,184.52999877929688,186.42999267578125,158.9939727783203,4475900,VOO,2016-06-28
187.9499969482422,189.86000061035156,187.86000061035156,189.63999938964844,161.73159790039062,4147800,VOO,2016-06-29
190.1300048828125,192.24000549316406,189.52999877929688,192.1999969482422,163.9148406982422,3822200,VOO,2016-06-30
192.08999633789062,193.1199951171875,192.07000732421875,192.60000610351562,164.2559814453125,2170900,VOO,2016-07-01
191.72999572753906,191.82000732421875,190.57000732421875,191.25,163.1046142578125,2233000,VOO,2016-07-05
190.7100067138672,192.49000549316406,189.97000122070312,192.3800048828125,164.06832885742188,2197800,VOO,2016-07-06
192.55999755859375,193.25999450683594,191.44000244140625,192.25,163.95748901367188,1704900,VOO,2016-07-07
193.6300048828125,195.36000061035156,193.41000366210938,195.1699981689453,166.44775390625,2048200,VOO,2016-07-08
195.6199951171875,196.41000366210938,195.41000366210938,195.85000610351562,167.0276641845703,3590400,VOO,2016-07-11
196.83999633789062,197.5399932861328,196.58999633789062,197.22999572753906,168.20455932617188,2356700,VOO,2016-07-12
197.69000244140625,197.69000244140625,196.69000244140625,197.16000366210938,168.14492797851562,2767300,VOO,2016-07-13
198.5800018310547,198.8000030517578,197.88999938964844,198.30999755859375,169.12567138671875,3691100,VOO,2016-07-14
198.92999267578125,198.92999267578125,197.55999755859375,198.00999450683594,168.8698272705078,2346500,VOO,2016-07-15
198.14999389648438,198.74000549316406,197.89999389648438,198.5800018310547,169.3559112548828,1155700,VOO,2016-07-18
198.1300048828125,198.38999938964844,197.8800048828125,198.36000061035156,169.1683349609375,1003200,VOO,2016-07-19
198.9199981689453,199.44000244140625,198.41000366210938,199.16000366210938,169.85057067871094,1096900,VOO,2016-07-20
199.07000732421875,199.32000732421875,197.97000122070312,198.41000366210938,169.21092224121094,4509800,VOO,2016-07-21
198.6199951171875,199.3800048828125,198.3000030517578,199.3300018310547,169.9955596923828,1678900,VOO,2016-07-22
199.10000610351562,199.1699981689453,198.1699981689453,198.85000610351562,169.58619689941406,1172600,VOO,2016-07-25
198.6999969482422,199.25,197.97000122070312,198.83999633789062,169.57766723632812,1405300,VOO,2016-07-26
199.2899932861328,199.33999633789062,197.85000610351562,198.7100067138672,169.46681213378906,2120100,VOO,2016-07-27
198.49000549316406,199.2100067138672,197.97999572753906,198.92999267578125,169.65438842773438,937200,VOO,2016-07-28
198.6300048828125,199.60000610351562,198.32000732421875,199.27999877929688,169.9529266357422,1758600,VOO,2016-07-29
199.3300018310547,199.7100067138672,198.5800018310547,199.0500030517578,169.75674438476562,2111500,VOO,2016-08-01
198.7899932861328,198.94000244140625,196.8800048828125,197.80999755859375,168.69924926757812,4085800,VOO,2016-08-02
197.74000549316406,198.4199981689453,197.39999389648438,198.3800048828125,169.18533325195312,2057500,VOO,2016-08-03
198.5,198.89999389648438,198.0500030517578,198.57000732421875,169.34738159179688,1384700,VOO,2016-08-04
199.33999633789062,200.22000122070312,199.19000244140625,200.1699981689453,170.71192932128906,1818600,VOO,2016-08-05
200.41000366210938,200.50999450683594,199.7899932861328,200.07000732421875,170.626708984375,1441900,VOO,2016-08-08
200.19000244140625,200.72999572753906,199.86000061035156,200.1999969482422,170.737548828125,1821100,VOO,2016-08-09
200.33999633789062,200.39999389648438,199.3300018310547,199.69000244140625,170.30258178710938,1222300,VOO,2016-08-10
200.30999755859375,200.88999938964844,200.0,200.6699981689453,171.13833618164062,1644700,VOO,2016-08-11
200.32000732421875,200.6999969482422,200.0399932861328,200.47000122070312,170.9678497314453,1718400,VOO,2016-08-12
200.88999938964844,201.41000366210938,200.85000610351562,201.0500030517578,171.46243286132812,1051100,VOO,2016-08-15
200.61000061035156,200.66000366210938,200.0,200.00999450683594,170.575439453125,1731200,VOO,2016-08-16
200.0500030517578,200.52999877929688,199.13999938964844,200.33999633789062,170.85690307617188,3157700,VOO,2016-08-17
200.3699951171875,200.86000061035156,200.25,200.82000732421875,171.2662811279297,5211200,VOO,2016-08-18
200.33999633789062,200.72000122070312,199.80999755859375,200.5399932861328,171.02748107910156,1190800,VOO,2016-08-19
200.3000030517578,200.75,199.8800048828125,200.52000427246094,171.01040649414062,880300,VOO,2016-08-22
201.17999267578125,201.50999450683594,200.86000061035156,200.88999938964844,171.32595825195312,1214400,VOO,2016-08-23
200.77999877929688,200.8699951171875,199.4600067138672,199.9199981689453,170.49874877929688,1161300,VOO,2016-08-24
199.47999572753906,200.2100067138672,199.3300018310547,199.75999450683594,170.3622589111328,1262600,VOO,2016-08-25
199.9600067138672,201.0500030517578,198.44000244140625,199.3800048828125,170.0382080078125,2890600,VOO,2016-08-26
199.52999877929688,200.64999389648438,199.49000549316406,200.38999938964844,170.89955139160156,1140700,VOO,2016-08-29
200.27999877929688,200.57000732421875,199.4499969482422,200.00999450683594,170.575439453125,1407400,VOO,2016-08-30
199.6999969482422,199.82000732421875,198.64999389648438,199.52000427246094,170.1575927734375,2343900,VOO,2016-08-31
199.5,199.7899932861328,198.24000549316406,199.47999572753906,170.1234588623047,2196100,VOO,2016-09-01
200.41000366210938,200.8300018310547,199.77999877929688,200.3699951171875,170.88250732421875,1555800,VOO,2016-09-02
200.69000244140625,201.0399932861328,199.9199981689453,201.0,171.41973876953125,1589600,VOO,2016-09-06
200.82000732421875,201.14999389648438,200.32000732421875,200.99000549316406,171.41127014160156,1455400,VOO,2016-09-07
200.6199951171875,200.9199981689453,200.19000244140625,200.52000427246094,171.01040649414062,2180400,VOO,2016-09-08
199.0800018310547,199.17999267578125,195.6699981689453,195.67999267578125,166.88275146484375,3435600,VOO,2016-09-09
194.8800048828125,198.9499969482422,194.8000030517578,198.47999572753906,169.2706756591797,2799900,VOO,2016-09-12
196.25,196.50999450683594,194.1199951171875,194.77999877929688,166.8574676513672,3365300,VOO,2016-09-13
194.8300018310547,196.1199951171875,194.1199951171875,194.66000366210938,166.75466918945312,2967100,VOO,2016-09-14
194.50999450683594,197.07000732421875,194.3699951171875,196.66000366210938,168.46800231933594,1874400,VOO,2016-09-15
196.02000427246094,196.19000244140625,195.1699981689453,195.88999938964844,167.808349609375,1774100,VOO,2016-09-16
196.6300048828125,197.27999877929688,195.63999938964844,195.9499969482422,167.8596954345703,2061400,VOO,2016-09-19
196.86000061035156,197.02999877929688,195.92999267578125,195.97000122070312,167.87684631347656,1294100,VOO,2016-09-20
196.69000244140625,198.33999633789062,195.97999572753906,198.1699981689453,169.761474609375,2238800,VOO,2016-09-21
199.25999450683594,199.7100067138672,198.97999572753906,199.36000061035156,170.78091430664062,2215200,VOO,2016-09-22
198.97999572753906,199.11000061035156,198.22000122070312,198.2899932861328,169.86431884765625,1413400,VOO,2016-09-23
197.47000122070312,197.60000610351562,196.5,196.7100067138672,168.51080322265625,2451600,VOO,2016-09-26
196.52999877929688,198.00999450683594,196.16000366210938,197.91000366210938,169.53872680664062,1468000,VOO,2016-09-27
198.17999267578125,199.07000732421875,197.1300048828125,198.97999572753906,170.45538330078125,1419900,VOO,2016-09-28
198.7100067138672,199.11000061035156,196.5399932861328,197.11000061035156,168.85342407226562,2074600,VOO,2016-09-29
198.00999450683594,199.33999633789062,197.75,198.69000244140625,170.20692443847656,3147400,VOO,2016-09-30
198.17999267578125,198.35000610351562,197.4499969482422,198.05999755859375,169.6672821044922,2136000,VOO,2016-10-03
198.25,198.47000122070312,196.47999572753906,197.13999938964844,168.87913513183594,2846600,VOO,2016-10-04
197.77000427246094,198.44000244140625,197.72000122070312,197.9600067138672,169.5816192626953,1126700,VOO,2016-10-05
197.74000549316406,198.33999633789062,197.16000366210938,198.19000244140625,169.77865600585938,1117400,VOO,2016-10-06
198.4199981689453,198.60000610351562,196.64999389648438,197.4600067138672,169.15330505371094,1795100,VOO,2016-10-07
197.4600067138672,198.9499969482422,197.4600067138672,198.3699951171875,169.9328155517578,1297400,VOO,2016-10-10
198.0,198.07000732421875,195.19000244140625,195.9600067138672,167.86827087402344,2643500,VOO,2016-10-11
196.1199951171875,196.74000549316406,195.58999633789062,196.2100067138672,168.08248901367188,1458700,VOO,2016-10-12
194.8300018310547,196.11000061035156,193.9199981689453,195.5800018310547,167.54281616210938,2407100,VOO,2016-10-13
196.64999389648438,197.1199951171875,195.61000061035156,195.6300048828125,167.58563232421875,1218800,VOO,2016-10-14
195.63999938964844,195.92999267578125,194.80999755859375,195.0500030517578,167.08871459960938,1323200,VOO,2016-10-17
196.6999969482422,196.75999450683594,195.82000732421875,196.1999969482422,168.07391357421875,1263300,VOO,2016-10-18
196.49000549316406,197.0800018310547,196.1300048828125,196.74000549316406,168.53652954101562,1041300,VOO,2016-10-19
196.3699951171875,196.97000122070312,195.6999969482422,196.4199981689453,168.2623748779297,1309600,VOO,2016-10-20
195.5399932861328,196.57000732421875,195.3800048828125,196.47000122070312,168.3052215576172,1376300,VOO,2016-10-21
197.3699951171875,197.64999389648438,196.9499969482422,197.27000427246094,168.99049377441406,817000,VOO,2016-10-24
197.1300048828125,197.38999938964844,196.47999572753906,196.7100067138672,168.51080322265625,1465300,VOO,2016-10-25
195.75999450683594,196.86000061035156,195.52999877929688,196.27000427246094,168.1338653564453,1202300,VOO,2016-10-26
197.0399932861328,197.07000732421875,195.64999389648438,195.75,167.6884307861328,1635500,VOO,2016-10-27
195.7100067138672,196.39999389648438,194.39999389648438,195.1300048828125,167.15733337402344,2632000,VOO,2016-10-28
195.49000549316406,195.74000549316406,194.97999572753906,195.1300048828125,167.15733337402344,1816300,VOO,2016-10-31
195.52000427246094,195.5399932861328,192.4499969482422,193.77000427246094,165.99221801757812,2456600,VOO,2016-11-01
193.4199981689453,193.80999755859375,192.10000610351562,192.49000549316406,164.895751953125,3395900,VOO,2016-11-02
192.7899932861328,193.0,191.38999938964844,191.74000549316406,164.2532958984375,1512200,VOO,2016-11-03
191.8000030517578,192.7100067138672,191.32000732421875,191.47999572753906,164.03057861328125,2221300,VOO,2016-11-04
194.1699981689453,195.74000549316406,194.00999450683594,195.67999267578125,167.62850952148438,2699100,VOO,2016-11-07
195.30999755859375,197.17999267578125,195.02000427246094,196.5800018310547,168.3994140625,3055900,VOO,2016-11-08
194.94000244140625,199.33999633789062,194.9199981689453,198.67999267578125,170.19842529296875,6119100,VOO,2016-11-09
199.52999877929688,200.44000244140625,197.61000061035156,199.13999938964844,170.5924530029297,5126400,VOO,2016-11-10
198.4199981689453,198.9600067138672,197.6999969482422,198.77000427246094,170.27548217773438,1954200,VOO,2016-11-11
199.3000030517578,199.49000549316406,198.05999755859375,198.8000030517578,170.30120849609375,2651000,VOO,2016-11-14
199.2899932861328,200.4199981689453,199.07000732421875,200.41000366210938,171.68038940429688,2532400,VOO,2016-11-15
199.77999877929688,200.2899932861328,199.64999389648438,200.07000732421875,171.38917541503906,1195000,VOO,2016-11-16
200.2100067138672,201.1300048828125,200.1199951171875,201.02000427246094,172.20297241210938,1178200,VOO,2016-11-17
201.16000366210938,201.32000732421875,200.44000244140625,200.66000366210938,171.89454650878906,1668300,VOO,2016-11-18
201.25,202.17999267578125,201.11000061035156,202.13999938964844,173.16241455078125,2641300,VOO,2016-11-21
202.5800018310547,202.72999572753906,201.77000427246094,202.50999450683594,173.47940063476562,2773400,VOO,2016-11-22
202.13999938964844,202.7100067138672,201.77000427246094,202.69000244140625,173.633544921875,1466300,VOO,2016-11-23
203.0800018310547,203.5,202.9600067138672,203.5,174.32742309570312,1843100,VOO,2016-11-25
203.07000732421875,203.3699951171875,202.35000610351562,202.5399932861328,173.50503540039062,2193000,VOO,2016-11-28
202.50999450683594,203.35000610351562,202.1699981689453,202.86000061035156,173.7791748046875,1689600,VOO,2016-11-29
203.52999877929688,203.69000244140625,202.30999755859375,202.39999389648438,173.38511657714844,2360100,VOO,2016-11-30
202.67999267578125,202.7100067138672,201.24000549316406,201.61000061035156,172.70835876464844,3284100,VOO,2016-12-01
201.6999969482422,202.22999572753906,201.35000610351562,201.75,172.82827758789062,2118900,VOO,2016-12-02
202.63999938964844,203.3000030517578,202.4199981689453,202.91000366210938,173.822021484375,2070500,VOO,2016-12-05
203.1699981689453,203.6300048828125,202.63999938964844,203.6199951171875,174.4302520751953,2413300,VOO,2016-12-06
203.4499969482422,206.32000732421875,203.3000030517578,206.1999969482422,176.6403350830078,2253900,VOO,2016-12-07
206.25,207.27000427246094,205.9499969482422,206.74000549316406,177.10293579101562,2983000,VOO,2016-12-08
207.02000427246094,208.02999877929688,206.97999572753906,208.0,178.1823272705078,1972000,VOO,2016-12-09
207.9199981689453,208.4199981689453,207.33999633789062,207.77000427246094,177.98529052734375,2419600,VOO,2016-12-12
208.52999877929688,209.6999969482422,208.47000122070312,209.19000244140625,179.20175170898438,2670200,VOO,2016-12-13
208.83999633789062,209.58999633789062,206.97999572753906,207.4600067138672,177.7197723388672,4232900,VOO,2016-12-14
207.72000122070312,209.22999572753906,207.5800018310547,208.22999572753906,178.37936401367188,2812500,VOO,2016-12-15
208.82000732421875,208.83999633789062,207.5500030517578,207.8699951171875,178.07093811035156,3074000,VOO,2016-12-16
208.10000610351562,208.8000030517578,207.92999267578125,208.33999633789062,178.47361755371094,2042000,VOO,2016-12-19
208.9199981689453,209.30999755859375,208.67999267578125,209.13999938964844,179.15892028808594,3195300,VOO,2016-12-20
209.05999755859375,209.1999969482422,208.57000732421875,208.57000732421875,178.6706085205078,1546600,VOO,2016-12-21
207.16000366210938,207.24000549316406,206.5,207.00999450683594,178.4429931640625,1863700,VOO,2016-12-22
206.97999572753906,207.22000122070312,206.77000427246094,207.19000244140625,178.5982208251953,1278900,VOO,2016-12-23
207.47999572753906,208.14999389648438,207.47999572753906,207.6999969482422,179.03781127929688,1818500,VOO,2016-12-27
208.0,208.07000732421875,205.91000366210938,206.05999755859375,177.62411499023438,2228000,VOO,2016-12-28
206.10000610351562,206.47000122070312,205.50999450683594,206.02000427246094,177.5896453857422,1772700,VOO,2016-12-29
206.3699951171875,206.42999267578125,204.50999450683594,205.30999755859375,176.9776611328125,4251000,VOO,2016-12-30
206.67999267578125,207.3300018310547,205.55999755859375,206.74000549316406,178.21029663085938,4750200,VOO,2017-01-03
207.1999969482422,208.17999267578125,207.1199951171875,207.9600067138672,179.2620086669922,4622400,VOO,2017-01-04
207.75,208.0399932861328,207.00999450683594,207.8000030517578,179.12399291992188,2772100,VOO,2017-01-05
207.99000549316406,209.08999633789062,207.39999389648438,208.61000061035156,179.822265625,2194600,VOO,2017-01-06
208.33999633789062,208.47999572753906,207.88999938964844,207.9499969482422,179.2533416748047,1705200,VOO,2017-01-09
207.89999389648438,208.82000732421875,207.50999450683594,207.9199981689453,179.2274627685547,2189400,VOO,2017-01-10
207.83999633789062,208.50999450683594,207.1199951171875,208.50999450683594,179.73602294921875,5677600,VOO,2017-01-11
207.97000122070312,208.19000244140625,206.5399932861328,208.0500030517578,179.3395233154297,3244600,VOO,2017-01-12
208.17999267578125,208.77999877929688,208.1300048828125,208.4600067138672,179.69296264648438,2822700,VOO,2017-01-13
207.7899932861328,208.2100067138672,207.3300018310547,207.72000122070312,179.05503845214844,1690000,VOO,2017-01-17
208.00999450683594,208.22000122070312,207.4199981689453,208.16000366210938,179.4343719482422,1980500,VOO,2017-01-18
208.27000427246094,208.42999267578125,206.97000122070312,207.4600067138672,178.83099365234375,1666900,VOO,2017-01-19
208.13999938964844,208.6999969482422,207.55999755859375,208.1300048828125,179.40847778320312,2082500,VOO,2017-01-20
207.83999633789062,208.2100067138672,206.8300018310547,207.64999389648438,178.9947052001953,4586600,VOO,2017-01-23
207.86000061035156,209.39999389648438,207.75,208.97000122070312,180.13259887695312,1940100,VOO,2017-01-24
209.97999572753906,210.77000427246094,209.7899932861328,210.7100067138672,181.63246154785156,2873000,VOO,2017-01-25
210.64999389648438,210.89999389648438,210.25,210.5500030517578,181.4945068359375,2485100,VOO,2017-01-26
210.64999389648438,210.75999450683594,210.02999877929688,210.25,181.23590087890625,1428200,VOO,2017-01-27
209.47999572753906,209.52000427246094,207.8800048828125,208.97999572753906,180.1411895751953,2782300,VOO,2017-01-30
208.33999633789062,208.97000122070312,207.7899932861328,208.97000122070312,180.13259887695312,3787100,VOO,2017-01-31
209.6199951171875,209.86000061035156,208.3699951171875,209.0,180.15843200683594,2698800,VOO,2017-02-01
208.58999633789062,209.39999389648438,208.22999572753906,209.08999633789062,180.2360076904297,1661300,VOO,2017-02-02
210.0800018310547,210.72999572753906,209.77000427246094,210.63999938964844,181.57212829589844,4264400,VOO,2017-02-03
210.1199951171875,210.5399932861328,209.83999633789062,210.1999969482422,181.19284057617188,1345500,VOO,2017-02-06
210.64999389648438,210.83999633789062,209.99000549316406,210.25,181.23590087890625,1194600,VOO,2017-02-07
210.25,210.61000061035156,209.6300048828125,210.52000427246094,181.4686279296875,1096100,VOO,2017-02-08
210.52000427246094,212.0399932861328,210.52000427246094,211.72000122070312,182.5030975341797,1237100,VOO,2017-02-09
212.1300048828125,212.8000030517578,212.00999450683594,212.57000732421875,183.2357635498047,1412400,VOO,2017-02-10
213.11000061035156,214.0,213.07000732421875,213.6999969482422,184.2098388671875,1756300,VOO,2017-02-13
213.5500030517578,214.58999633789062,213.16000366210938,214.58999633789062,184.97703552246094,2528100,VOO,2017-02-14
214.33999633789062,215.88999938964844,214.30999755859375,215.67999267578125,185.91659545898438,2050200,VOO,2017-02-15
215.74000549316406,215.89999389648438,214.72999572753906,215.50999450683594,185.77000427246094,1920100,VOO,2017-02-16
214.83999633789062,215.83999633789062,214.7899932861328,215.83999633789062,186.05453491210938,1452600,VOO,2017-02-17
216.32000732421875,217.32000732421875,216.25,217.11000061035156,187.14926147460938,1893000,VOO,2017-02-21
216.72000122070312,217.19000244140625,216.5500030517578,217.00999450683594,187.06301879882812,1471400,VOO,2017-02-22
217.5399932861328,217.5399932861328,216.3000030517578,217.1300048828125,187.16648864746094,1717200,VOO,2017-02-23
216.22000122070312,217.4199981689453,216.16000366210938,217.38999938964844,187.39064025878906,1637700,VOO,2017-02-24
217.32000732421875,217.89999389648438,217.02000427246094,217.7100067138672,187.6664581298828,1942200,VOO,2017-02-27
217.33999633789062,217.5800018310547,216.72000122070312,217.07000732421875,187.11477661132812,2181000,VOO,2017-02-28
218.89999389648438,220.66000366210938,218.8699951171875,220.14999389648438,189.76974487304688,3325500,VOO,2017-03-01
219.99000549316406,220.02000427246094,218.75,218.86000061035156,188.6577606201172,1657100,VOO,2017-03-02
218.6999969482422,219.08999633789062,218.30999755859375,218.97999572753906,188.76121520996094,1765900,VOO,2017-03-03
218.07000732421875,218.64999389648438,217.6300048828125,218.3000030517578,188.17506408691406,1530600,VOO,2017-03-06
217.97999572753906,218.3300018310547,217.4199981689453,217.63999938964844,187.60610961914062,1743200,VOO,2017-03-07
217.9499969482422,218.1999969482422,217.07000732421875,217.17999267578125,187.20962524414062,1784400,VOO,2017-03-08
217.3300018310547,217.83999633789062,216.4600067138672,217.41000366210938,187.40789794921875,1636200,VOO,2017-03-09
218.5500030517578,218.55999755859375,217.25999450683594,218.1699981689453,188.06298828125,1819900,VOO,2017-03-10
218.17999267578125,218.41000366210938,217.86000061035156,218.3000030517578,188.17506408691406,1388100,VOO,2017-03-13
217.77000427246094,217.80999755859375,216.88999938964844,217.55999755859375,187.53717041015625,1428400,VOO,2017-03-14
218.1300048828125,219.85000610351562,217.8699951171875,219.3699951171875,189.09739685058594,3358800,VOO,2017-03-15
219.61000061035156,219.64999389648438,218.64999389648438,219.0,188.77847290039062,1710900,VOO,2017-03-16
219.3000030517578,219.44000244140625,218.55999755859375,218.55999755859375,188.39918518066406,1588500,VOO,2017-03-17
218.58999633789062,218.88999938964844,217.97999572753906,218.3699951171875,188.23538208007812,1035900,VOO,2017-03-20
219.0,219.1300048828125,215.41000366210938,215.5800018310547,185.8303985595703,3468700,VOO,2017-03-21
214.5800018310547,215.33999633789062,213.9499969482422,215.02000427246094,186.20970153808594,2600300,VOO,2017-03-22
214.8000030517578,216.02000427246094,214.44000244140625,214.8000030517578,186.01918029785156,2436700,VOO,2017-03-23
215.13999938964844,215.77000427246094,213.8800048828125,214.72999572753906,185.95858764648438,2647600,VOO,2017-03-24
212.8699951171875,214.72000122070312,212.6199951171875,214.3800048828125,185.65548706054688,2082900,VOO,2017-03-27
214.16000366210938,216.4600067138672,214.0500030517578,215.97000122070312,187.03245544433594,3057200,VOO,2017-03-28
215.72000122070312,216.47000122070312,215.47999572753906,216.2899932861328,187.30950927734375,1748500,VOO,2017-03-29
216.1699981689453,217.1300048828125,215.97999572753906,216.8699951171875,187.81185913085938,2494800,VOO,2017-03-30
216.55999755859375,217.11000061035156,216.35000610351562,216.35000610351562,187.3615264892578,1331400,VOO,2017-03-31
216.50999450683594,216.69000244140625,214.74000549316406,216.0800018310547,187.12767028808594,2843700,VOO,2017-04-03
215.7100067138672,216.25,215.3300018310547,216.1999969482422,187.23158264160156,2481600,VOO,2017-04-04
216.88999938964844,217.92999267578125,215.33999633789062,215.5399932861328,186.6600341796875,2311800,VOO,2017-04-05
215.7100067138672,216.67999267578125,215.22000122070312,216.10000610351562,187.14498901367188,1635500,VOO,2017-04-06
215.86000061035156,216.63999938964844,215.39999389648438,215.91000366210938,186.98049926757812,1835900,VOO,2017-04-07
216.05999755859375,216.8800048828125,215.5,216.05999755859375,187.11036682128906,1311900,VOO,2017-04-10
215.6300048828125,215.8800048828125,214.25,215.7899932861328,186.8765106201172,1787300,VOO,2017-04-11
215.49000549316406,215.69000244140625,214.6199951171875,214.89999389648438,186.1057586669922,2002700,VOO,2017-04-12
214.5,215.24000549316406,213.47000122070312,213.47000122070312,184.86744689941406,1806800,VOO,2017-04-13
214.0,215.35000610351562,213.8000030517578,215.33999633789062,186.4868621826172,1746900,VOO,2017-04-17
214.5500030517578,215.24000549316406,213.97999572753906,214.75,185.97589111328125,2695900,VOO,2017-04-18
215.30999755859375,215.6999969482422,214.05999755859375,214.27999877929688,185.56884765625,2032400,VOO,2017-04-19
214.97999572753906,216.5,214.6199951171875,216.02999877929688,187.08441162109375,2734000,VOO,2017-04-20
215.97000122070312,216.02000427246094,214.92999267578125,215.39999389648438,186.538818359375,2594400,VOO,2017-04-21
217.75,217.9499969482422,217.22999572753906,217.6999969482422,188.53060913085938,2366400,VOO,2017-04-24
218.41000366210938,219.36000061035156,218.2899932861328,219.00999450683594,189.66506958007812,1745100,VOO,2017-04-25
218.9600067138672,219.89999389648438,218.80999755859375,218.85000610351562,189.52655029296875,2824500,VOO,2017-04-26
219.1999969482422,219.36000061035156,218.47000122070312,219.02000427246094,189.6737518310547,1154200,VOO,2017-04-27
219.3300018310547,219.33999633789062,218.42999267578125,218.60000610351562,189.31005859375,1257600,VOO,2017-04-28
219.16000366210938,219.57000732421875,218.64999389648438,219.1300048828125,189.76904296875,1506700,VOO,2017-05-01
219.2899932861328,219.3800048828125,218.77000427246094,219.1999969482422,189.8296661376953,2573000,VOO,2017-05-02
218.77999877929688,219.1699981689453,218.24000549316406,218.97999572753906,189.63912963867188,1654600,VOO,2017-05-03
219.27000427246094,219.35000610351562,218.30999755859375,219.17999267578125,189.81236267089844,1439100,VOO,2017-05-04
219.55999755859375,220.05999755859375,219.1199951171875,220.05999755859375,190.5744171142578,1729700,VOO,2017-05-05
220.1300048828125,220.25,219.57000732421875,220.07000732421875,190.5830841064453,2225000,VOO,2017-05-08
220.2899932861328,220.49000549316406,219.44000244140625,219.7899932861328,190.34056091308594,1636900,VOO,2017-05-09
219.75999450683594,220.22000122070312,219.5500030517578,220.1999969482422,190.69566345214844,1066900,VOO,2017-05-10
219.74000549316406,219.92999267578125,218.6199951171875,219.75,190.30596923828125,1855700,VOO,2017-05-11
219.5,219.60000610351562,219.1199951171875,219.41000366210938,190.01150512695312,1056500,VOO,2017-05-12
219.8800048828125,220.72000122070312,219.8300018310547,220.52000427246094,190.9727783203125,1440600,VOO,2017-05-15
220.8800048828125,220.94000244140625,220.0,220.47999572753906,190.93814086914062,2452500,VOO,2017-05-16
218.61000061035156,219.07000732421875,216.4199981689453,216.57000732421875,187.55206298828125,3507700,VOO,2017-05-17
216.3300018310547,218.24000549316406,216.1300048828125,217.36000061035156,188.2362060546875,2894500,VOO,2017-05-18
217.8800048828125,219.47000122070312,217.8300018310547,218.7100067138672,189.40528869628906,2436500,VOO,2017-05-19
219.25999450683594,220.0500030517578,219.22999572753906,219.92999267578125,190.46176147460938,1865000,VOO,2017-05-22
220.30999755859375,220.5399932861328,219.89999389648438,220.36000061035156,190.83419799804688,1259000,VOO,2017-05-23
220.63999938964844,221.0,220.27999877929688,220.88999938964844,191.29324340820312,1453900,VOO,2017-05-24
221.42999267578125,222.24000549316406,221.2100067138672,221.9199981689453,192.18519592285156,1564600,VOO,2017-05-25
221.75999450683594,222.07000732421875,221.6699981689453,221.92999267578125,192.19384765625,1196000,VOO,2017-05-26
221.55999755859375,221.97000122070312,221.4199981689453,221.72000122070312,192.01199340820312,1511700,VOO,2017-05-30
222.0399932861328,222.0800018310547,220.9199981689453,221.6699981689453,191.9686737060547,2326200,VOO,2017-05-31
222.13999938964844,223.4499969482422,221.86000061035156,223.39999389648438,193.46685791015625,2112900,VOO,2017-06-01
223.47999572753906,224.32000732421875,223.1699981689453,224.10000610351562,194.07310485839844,1857600,VOO,2017-06-02
223.99000549316406,224.27999877929688,223.80999755859375,223.9499969482422,193.94322204589844,1831200,VOO,2017-06-05
223.3699951171875,223.9499969482422,223.1999969482422,223.30999755859375,193.38897705078125,1449400,VOO,2017-06-06
223.69000244140625,223.92999267578125,222.92999267578125,223.67999267578125,193.7093963623047,1328800,VOO,2017-06-07
223.82000732421875,224.30999755859375,223.24000549316406,223.75999450683594,193.77865600585938,1116100,VOO,2017-06-08
224.1199951171875,224.92999267578125,222.10000610351562,223.5,193.55348205566406,2117600,VOO,2017-06-09
223.2100067138672,223.47999572753906,222.50999450683594,223.41000366210938,193.4755859375,1812100,VOO,2017-06-12
223.99000549316406,224.57000732421875,223.63999938964844,224.5,194.41949462890625,2170700,VOO,2017-06-13
224.82000732421875,224.83999633789062,223.3800048828125,224.25999450683594,194.211669921875,1886000,VOO,2017-06-14
222.86000061035156,223.92999267578125,222.50999450683594,223.80999755859375,193.82196044921875,2170900,VOO,2017-06-15
224.0,224.05999755859375,222.94000244140625,223.8699951171875,193.8739013671875,1603600,VOO,2017-06-16
224.72999572753906,225.77000427246094,224.6199951171875,225.6999969482422,195.45872497558594,1433100,VOO,2017-06-19
225.36000061035156,225.36000061035156,224.17999267578125,224.22000122070312,194.177001953125,1366000,VOO,2017-06-20
224.57000732421875,224.6999969482422,223.63999938964844,224.1300048828125,194.09909057617188,1422000,VOO,2017-06-21
224.1699981689453,224.66000366210938,223.8699951171875,224.0,193.98651123046875,1344400,VOO,2017-06-22
223.1199951171875,223.64999389648438,222.72000122070312,223.3699951171875,194.31703186035156,1257400,VOO,2017-06-23
224.0,224.4499969482422,223.24000549316406,223.44000244140625,194.37799072265625,1321700,VOO,2017-06-26
223.2100067138672,223.52000427246094,221.6300048828125,221.66000366210938,192.8295135498047,3476700,VOO,2017-06-27
222.72999572753906,223.83999633789062,222.5,223.6199951171875,194.53453063964844,2875800,VOO,2017-06-28
223.80999755859375,223.9199981689453,220.4199981689453,221.69000244140625,192.85556030273438,4613000,VOO,2017-06-29
222.57000732421875,222.91000366210938,221.86000061035156,222.05999755859375,193.17747497558594,2982300,VOO,2017-06-30
223.08999633789062,223.52999877929688,222.47000122070312,222.5500030517578,193.60377502441406,1762500,VOO,2017-07-03
222.83999633789062,223.1699981689453,222.0,222.94000244140625,193.94302368164062,2043800,VOO,2017-07-05
222.16000366210938,222.25,220.72000122070312,220.94000244140625,192.203125,2540700,VOO,2017-07-06
221.52000427246094,222.52000427246094,221.3800048828125,222.33999633789062,193.42103576660156,2148000,VOO,2017-07-07
222.1999969482422,222.99000549316406,222.0399932861328,222.57000732421875,193.6211700439453,1800100,VOO,2017-07-10
222.4199981689453,222.75999450683594,221.22000122070312,222.39999389648438,193.47323608398438,1638700,VOO,2017-07-11
223.47000122070312,224.27999877929688,223.47000122070312,224.07000732421875,194.926025390625,1492100,VOO,2017-07-12
224.16000366210938,224.61000061035156,223.88999938964844,224.4499969482422,195.25660705566406,1485500,VOO,2017-07-13
224.52000427246094,225.89999389648438,224.38999938964844,225.47000122070312,196.1439208984375,1642400,VOO,2017-07-14
225.4499969482422,225.86000061035156,225.33999633789062,225.5,196.17001342773438,1176200,VOO,2017-07-17
225.1300048828125,225.69000244140625,224.72999572753906,225.6699981689453,196.31790161132812,3146500,VOO,2017-07-18
225.97999572753906,226.86000061035156,225.9600067138672,226.86000061035156,197.35308837890625,1255300,VOO,2017-07-19
227.1300048828125,227.25,226.39999389648438,226.92999267578125,197.41403198242188,1698100,VOO,2017-07-20
226.36000061035156,226.77999877929688,226.11000061035156,226.77000427246094,197.27488708496094,2461700,VOO,2017-07-21
226.6699981689453,226.8300018310547,226.22000122070312,226.69000244140625,197.20526123046875,1278200,VOO,2017-07-24
227.50999450683594,227.58999633789062,227.02000427246094,227.22999572753906,197.67503356933594,1349500,VOO,2017-07-25
227.57000732421875,227.58999633789062,226.97999572753906,227.3000030517578,197.73590087890625,1574100,VOO,2017-07-26
227.75,227.77999877929688,225.64999389648438,227.02999877929688,197.5010223388672,1834500,VOO,2017-07-27
226.5399932861328,226.9199981689453,226.08999633789062,226.77000427246094,197.27488708496094,2364100,VOO,2017-07-28
227.22999572753906,227.3000030517578,226.44000244140625,226.63999938964844,197.16171264648438,3020000,VOO,2017-07-31
227.3000030517578,227.32000732421875,226.67999267578125,227.14999389648438,197.60545349121094,1674500,VOO,2017-08-01
227.30999755859375,227.4199981689453,226.2899932861328,227.27999877929688,197.71849060058594,1889300,VOO,2017-08-02
227.17999267578125,227.17999267578125,226.5500030517578,226.8800048828125,197.37049865722656,1266400,VOO,2017-08-03
227.36000061035156,227.58999633789062,226.83999633789062,227.25999450683594,197.7011260986328,1039800,VOO,2017-08-04
227.3300018310547,227.66000366210938,227.1999969482422,227.6300048828125,198.02297973632812,848500,VOO,2017-08-07
227.33999633789062,228.6199951171875,226.72999572753906,227.17999267578125,197.6315155029297,1064700,VOO,2017-08-08
226.35000610351562,227.14999389648438,226.0,227.0500030517578,197.51840209960938,1536600,VOO,2017-08-09
226.24000549316406,226.35000610351562,223.85000610351562,223.92999267578125,194.80422973632812,3043300,VOO,2017-08-10
224.1300048828125,224.82000732421875,223.8699951171875,224.22999572753906,195.06524658203125,1584300,VOO,2017-08-11
225.55999755859375,226.6699981689453,225.55999755859375,226.42999267578125,196.97903442382812,2201900,VOO,2017-08-14
226.83999633789062,226.8699951171875,226.10000610351562,226.4499969482422,196.9964599609375,1309700,VOO,2017-08-15
226.9499969482422,227.38999938964844,226.3699951171875,226.80999755859375,197.30963134765625,1531400,VOO,2017-08-16
226.19000244140625,226.5,223.27999877929688,223.27999877929688,194.23875427246094,3396200,VOO,2017-08-17
223.08999633789062,224.27000427246094,222.4499969482422,222.8699951171875,193.88206481933594,2691100,VOO,2017-08-18
222.85000610351562,223.36000061035156,222.1199951171875,223.13999938964844,194.11697387695312,1281300,VOO,2017-08-21
223.72000122070312,225.60000610351562,223.69000244140625,225.39999389648438,196.08303833007812,1455700,VOO,2017-08-22
224.4600067138672,225.05999755859375,224.25999450683594,224.6300048828125,195.41319274902344,1462900,VOO,2017-08-23
225.0399932861328,225.1699981689453,223.8800048828125,224.11000061035156,194.96080017089844,1345100,VOO,2017-08-24
224.9499969482422,225.5800018310547,224.47000122070312,224.60000610351562,195.3871307373047,1220800,VOO,2017-08-25
225.16000366210938,225.2100067138672,224.19000244140625,224.67999267578125,195.45664978027344,801000,VOO,2017-08-28
223.25,225.16000366210938,223.14999389648438,224.85000610351562,195.60455322265625,1397400,VOO,2017-08-29
224.86000061035156,226.24000549316406,224.69000244140625,225.97000122070312,196.5789337158203,1377800,VOO,2017-08-30
226.6300048828125,227.5800018310547,226.5500030517578,227.3000030517578,197.73590087890625,2202700,VOO,2017-08-31
227.75999450683594,228.11000061035156,227.50999450683594,227.69000244140625,198.07521057128906,1393700,VOO,2017-09-01
227.10000610351562,227.35000610351562,224.97999572753906,226.00999450683594,196.61366271972656,2222300,VOO,2017-09-05
226.75999450683594,227.13999938964844,226.19000244140625,226.8000030517578,197.30096435546875,1523300,VOO,2017-09-06
227.1300048828125,227.1300048828125,226.33999633789062,226.75,197.25746154785156,1620300,VOO,2017-09-07
226.4499969482422,226.97999572753906,226.25,226.39999389648438,196.95294189453125,1896900,VOO,2017-09-08
227.85000610351562,229.00999450683594,227.83999633789062,228.8699951171875,199.10169982910156,2007200,VOO,2017-09-11
229.32000732421875,229.72000122070312,229.1300048828125,229.7100067138672,199.83242797851562,1535000,VOO,2017-09-12
229.3699951171875,229.85000610351562,229.27999877929688,229.85000610351562,199.9542236328125,1155800,VOO,2017-09-13
229.47000122070312,229.94000244140625,229.30999755859375,229.77000427246094,199.88465881347656,1857300,VOO,2017-09-14
229.6199951171875,230.1300048828125,229.49000549316406,230.08999633789062,200.1630096435547,1419700,VOO,2017-09-15
230.4600067138672,230.89999389648438,230.1199951171875,230.49000549316406,200.510986328125,1325200,VOO,2017-09-18
230.7899932861328,230.85000610351562,230.44000244140625,230.77000427246094,200.7545623779297,1302400,VOO,2017-09-19
229.67999267578125,229.77999877929688,228.6300048828125,229.72000122070312,200.86471557617188,1850500,VOO,2017-09-20
229.5399932861328,229.5800018310547,228.8699951171875,229.07000732421875,200.29641723632812,1899900,VOO,2017-09-21
228.75,229.25999450683594,228.72000122070312,229.0399932861328,200.2701416015625,1599200,VOO,2017-09-22
228.82000732421875,229.1999969482422,227.86000061035156,228.6999969482422,199.97283935546875,1523300,VOO,2017-09-25
229.08999633789062,229.32000732421875,228.52999877929688,228.77999877929688,200.0428009033203,2335000,VOO,2017-09-26
229.52999877929688,230.05999755859375,228.60000610351562,229.6699981689453,200.821044921875,2103600,VOO,2017-09-27
229.36000061035156,230.00999450683594,229.2899932861328,229.94000244140625,201.05712890625,1084700,VOO,2017-09-28
229.91000366210938,230.8300018310547,229.74000549316406,230.75999450683594,201.7741241455078,1726200,VOO,2017-09-29
231.0,231.72999572753906,230.91000366210938,231.72999572753906,202.6222686767578,1960600,VOO,2017-10-02
231.89999389648438,232.25,231.6699981689453,232.1999969482422,203.03321838378906,1316400,VOO,2017-10-03
232.1199951171875,232.77999877929688,231.97999572753906,232.52000427246094,203.31301879882812,1006700,VOO,2017-10-04
232.86000061035156,233.92999267578125,232.75999450683594,233.89999389648438,204.51966857910156,1471800,VOO,2017-10-05
233.4600067138672,233.6999969482422,233.17999267578125,233.67999267578125,204.32730102539062,1101500,VOO,2017-10-06
233.9199981689453,233.92999267578125,232.97999572753906,233.27000427246094,203.9688262939453,768300,VOO,2017-10-09
233.83999633789062,234.25,233.2899932861328,233.86000061035156,204.4846954345703,1027600,VOO,2017-10-10
233.74000549316406,234.24000549316406,233.60000610351562,234.24000549316406,204.81698608398438,1036400,VOO,2017-10-11
233.8699951171875,234.27000427246094,233.63999938964844,233.8800048828125,204.502197265625,1079400,VOO,2017-10-12
234.3699951171875,234.47000122070312,234.02000427246094,234.13999938964844,204.72950744628906,1067900,VOO,2017-10-13
234.41000366210938,234.69000244140625,234.0399932861328,234.50999450683594,205.0530548095703,1767300,VOO,2017-10-16
234.47000122070312,234.69000244140625,234.22000122070312,234.66000366210938,205.18423461914062,1332100,VOO,2017-10-17
235.05999755859375,235.08999633789062,234.67999267578125,234.8699951171875,205.3678436279297,1527800,VOO,2017-10-18
234.02999877929688,234.99000549316406,233.6199951171875,234.99000549316406,205.47279357910156,1653600,VOO,2017-10-19
235.8000030517578,236.19000244140625,235.52999877929688,236.16000366210938,206.4958038330078,1296300,VOO,2017-10-20
236.49000549316406,236.49000549316406,235.14999389648438,235.3000030517578,205.74388122558594,1101000,VOO,2017-10-23
235.67999267578125,235.88999938964844,235.27000427246094,235.6300048828125,206.03236389160156,1818400,VOO,2017-10-24
235.3000030517578,235.41000366210938,233.2899932861328,234.5,205.0443115234375,1943400,VOO,2017-10-25
235.10000610351562,235.41000366210938,234.6699981689453,234.72000122070312,205.2367401123047,3298200,VOO,2017-10-26
235.6300048828125,236.8800048828125,235.3000030517578,236.72000122070312,206.98545837402344,2825000,VOO,2017-10-27
235.6300048828125,236.6199951171875,235.52999877929688,235.86000061035156,206.23350524902344,1292500,VOO,2017-10-30
236.25999450683594,236.47000122070312,235.89999389648438,236.1300048828125,206.46957397460938,1357600,VOO,2017-10-31
237.02999877929688,237.38999938964844,236.1300048828125,236.5399932861328,206.82803344726562,2078300,VOO,2017-11-01
236.4499969482422,236.77000427246094,235.32000732421875,236.63999938964844,206.91555786132812,1908100,VOO,2017-11-02
236.8300018310547,237.44000244140625,236.33999633789062,237.42999267578125,207.6062774658203,1934200,VOO,2017-11-03
237.24000549316406,237.88999938964844,237.2100067138672,237.7899932861328,207.92103576660156,1688600,VOO,2017-11-06
237.88999938964844,238.22000122070312,237.11000061035156,237.69000244140625,207.83358764648438,1502700,VOO,2017-11-07
237.41000366210938,238.1199951171875,237.14999389648438,238.0399932861328,208.13966369628906,4711000,VOO,2017-11-08
236.72999572753906,237.33999633789062,235.47999572753906,237.17999267578125,207.3876495361328,1644100,VOO,2017-11-09
236.72000122070312,237.17999267578125,236.39999389648438,237.0399932861328,207.26528930664062,1019000,VOO,2017-11-10
236.3300018310547,237.52000427246094,236.30999755859375,237.32000732421875,207.51011657714844,900000,VOO,2017-11-13
236.44000244140625,236.85000610351562,235.63999938964844,236.74000549316406,207.00294494628906,2763300,VOO,2017-11-14
235.74000549316406,236.24000549316406,234.82000732421875,235.52999877929688,205.94503784179688,2436200,VOO,2017-11-15
236.52000427246094,237.92999267578125,236.5,237.5399932861328,207.70245361328125,1072300,VOO,2017-11-16
237.1699981689453,237.38999938964844,236.7899932861328,236.89999389648438,207.14291381835938,1370500,VOO,2017-11-17
237.1199951171875,237.47000122070312,236.86000061035156,237.2100067138672,207.41397094726562,1420400,VOO,2017-11-20
238.05999755859375,239.0,238.0,238.7899932861328,208.7954559326172,1151500,VOO,2017-11-21
238.86000061035156,238.9499969482422,238.44000244140625,238.6199951171875,208.64683532714844,2143500,VOO,2017-11-22
239.1199951171875,239.27999877929688,238.99000549316406,239.1199951171875,209.08396911621094,1219300,VOO,2017-11-24
239.19000244140625,239.52999877929688,238.8300018310547,239.0500030517578,209.0227813720703,2654000,VOO,2017-11-27
239.58999633789062,241.47999572753906,239.44000244140625,241.4199981689453,211.09507751464844,1800500,VOO,2017-11-28
241.60000610351562,242.17999267578125,240.83999633789062,241.3300018310547,211.0164337158203,2442100,VOO,2017-11-29
242.3000030517578,244.39999389648438,242.22999572753906,243.35000610351562,212.7826690673828,5451700,VOO,2017-11-30
243.25,243.7100067138672,239.52000427246094,242.89999389648438,212.38919067382812,3775600,VOO,2017-12-01
244.6999969482422,245.07000732421875,242.58999633789062,242.63999938964844,212.16188049316406,2162000,VOO,2017-12-04
242.91000366210938,243.5800018310547,241.6300048828125,241.77999877929688,211.4098663330078,1886300,VOO,2017-12-05
241.72999572753906,242.25999450683594,241.3300018310547,241.77000427246094,211.40113830566406,1204800,VOO,2017-12-06
241.69000244140625,242.91000366210938,241.5500030517578,242.57000732421875,212.10067749023438,2670000,VOO,2017-12-07
243.4499969482422,243.9199981689453,243.1999969482422,243.88999938964844,213.2548828125,1685700,VOO,2017-12-08
244.02000427246094,244.7100067138672,243.89999389648438,244.67999267578125,213.9456024169922,2513300,VOO,2017-12-11
244.94000244140625,245.5800018310547,244.69000244140625,245.10000610351562,214.31292724609375,1855000,VOO,2017-12-12
245.36000061035156,245.8000030517578,244.97000122070312,245.0399932861328,214.26036071777344,1808300,VOO,2017-12-13
245.39999389648438,245.47999572753906,244.0,244.07000732421875,213.41224670410156,1932900,VOO,2017-12-14
245.14999389648438,246.5500030517578,245.07000732421875,246.1199951171875,215.2047119140625,3170800,VOO,2017-12-15
247.52000427246094,248.00999450683594,247.4499969482422,247.64999389648438,216.5425262451172,2089600,VOO,2017-12-18
247.9199981689453,247.9499969482422,246.6300048828125,246.75,215.75558471679688,3170300,VOO,2017-12-19
247.72000122070312,247.77000427246094,246.27000427246094,246.55999755859375,215.5894775390625,2570000,VOO,2017-12-20
247.22000122070312,247.80999755859375,246.82000732421875,247.05999755859375,216.0266876220703,2262400,VOO,2017-12-21
247.08999633789062,247.1300048828125,246.44000244140625,247.00999450683594,215.9829559326172,1888500,VOO,2017-12-22
245.66000366210938,245.7100067138672,245.25999450683594,245.5399932861328,215.73159790039062,1492300,VOO,2017-12-26
245.7100067138672,246.02000427246094,245.3800048828125,245.67999267578125,215.8546905517578,1379100,VOO,2017-12-27
246.1300048828125,246.2100067138672,245.77000427246094,246.13999938964844,216.25880432128906,2346700,VOO,2017-12-28
246.75999450683594,246.77000427246094,245.02999877929688,245.2899932861328,215.51199340820312,2326700,VOO,2017-12-29
246.14999389648438,247.08999633789062,245.74000549316406,247.08999633789062,217.0934600830078,2784300,VOO,2018-01-02
247.24000549316406,248.6999969482422,247.17999267578125,248.55999755859375,218.38504028320312,2917700,VOO,2018-01-03
249.27000427246094,250.1199951171875,249.1699981689453,249.64999389648438,219.34268188476562,2918000,VOO,2018-01-04
250.4600067138672,251.39999389648438,249.9499969482422,251.25,220.7484588623047,2190200,VOO,2018-01-05
251.16000366210938,251.8800048828125,250.8699951171875,251.77000427246094,221.20538330078125,2476200,VOO,2018-01-08
252.17999267578125,252.94000244140625,251.91000366210938,252.3000030517578,221.67103576660156,2129800,VOO,2018-01-09
251.50999450683594,252.1699981689453,250.82000732421875,251.8699951171875,221.29318237304688,1953600,VOO,2018-01-10
252.47000122070312,253.72999572753906,252.3300018310547,253.72999572753906,222.92738342285156,2280300,VOO,2018-01-11
254.02999877929688,255.55999755859375,253.89999389648438,255.41000366210938,224.4034423828125,2054900,VOO,2018-01-12
256.7900085449219,257.3999938964844,253.8000030517578,254.47999572753906,223.58633422851562,3719600,VOO,2018-01-16
255.5,257.3500061035156,254.74000549316406,256.94000244140625,225.7477264404297,1867700,VOO,2018-01-17
256.8399963378906,257.2699890136719,256.0199890136719,256.5899963378906,225.44020080566406,3154200,VOO,2018-01-18
257.1499938964844,257.69000244140625,256.5299987792969,257.67999267578125,226.39788818359375,2541200,VOO,2018-01-19
257.45001220703125,259.7799987792969,257.45001220703125,259.75,228.2166290283203,1607800,VOO,2018-01-22
259.8399963378906,260.6300048828125,259.510009765625,260.3399963378906,228.7349395751953,2161100,VOO,2018-01-23
261.0299987792969,261.6300048828125,259.0199890136719,260.2099914550781,228.62074279785156,2935500,VOO,2018-01-24
261.1700134277344,261.2200012207031,259.5299987792969,260.3299865722656,228.7261199951172,3585600,VOO,2018-01-25
261.3299865722656,263.3699951171875,260.9700012207031,263.3599853515625,231.38832092285156,2857300,VOO,2018-01-26
262.8299865722656,263.25,261.4800109863281,261.5400085449219,229.78933715820312,5145000,VOO,2018-01-29
259.6700134277344,260.3500061035156,258.4599914550781,258.75,227.33795166015625,6678900,VOO,2018-01-30
259.8299865722656,260.3800048828125,257.95001220703125,258.989990234375,227.548828125,5585800,VOO,2018-01-31
258.2900085449219,260.1199951171875,257.95001220703125,258.7300109863281,227.3203887939453,3125700,VOO,2018-02-01
257.3699951171875,257.5,253.08999633789062,253.19000244140625,222.4529266357422,5532200,VOO,2018-02-02
251.25999450683594,253.47000122070312,241.9199981689453,242.7899932861328,213.31553649902344,8559200,VOO,2018-02-05
238.8000030517578,247.80999755859375,237.6699981689453,247.27999877929688,217.26040649414062,11701700,VOO,2018-02-06
246.7100067138672,250.27999877929688,245.9199981689453,245.92999267578125,216.07431030273438,6240200,VOO,2018-02-07
246.25,246.42999267578125,236.6999969482422,236.7899932861328,208.04391479492188,6985700,VOO,2018-02-08
239.60000610351562,242.1999969482422,232.4199981689453,240.44000244140625,211.2508087158203,9713100,VOO,2018-02-09
242.5,245.32000732421875,240.66000366210938,243.74000549316406,214.1501922607422,4236200,VOO,2018-02-12
242.6300048828125,245.0,241.97000122070312,244.55999755859375,214.87060546875,3077700,VOO,2018-02-13
243.0,248.1199951171875,242.83999633789062,247.75999450683594,217.6822052001953,3650800,VOO,2018-02-14
249.60000610351562,250.97000122070312,246.97999572753906,250.97000122070312,220.50250244140625,2923800,VOO,2018-02-15
250.27000427246094,253.0,250.1699981689453,250.94000244140625,220.47613525390625,3007500,VOO,2018-02-16
250.0,251.50999450683594,248.60000610351562,249.4199981689453,219.14064025878906,3454400,VOO,2018-02-20
249.86000061035156,252.44000244140625,248.11000061035156,248.11000061035156,217.98963928222656,2798000,VOO,2018-02-21
249.1699981689453,250.89999389648438,247.80999755859375,248.41000366210938,218.2532501220703,3177700,VOO,2018-02-22
249.82000732421875,252.49000549316406,249.3000030517578,252.49000549316406,221.83790588378906,2923100,VOO,2018-02-23
253.55999755859375,255.5,252.99000549316406,255.39999389648438,224.39466857910156,1892000,VOO,2018-02-26
255.6300048828125,256.3399963378906,252.13999938964844,252.13999938964844,221.53041076660156,2947100,VOO,2018-02-27
253.3699951171875,253.82000732421875,249.33999633789062,249.33999633789062,219.07032775878906,2716600,VOO,2018-02-28
249.52999877929688,251.02999877929688,244.4499969482422,246.0500030517578,216.1797332763672,5182300,VOO,2018-03-01
244.24000549316406,247.86000061035156,243.3300018310547,247.36000061035156,217.33071899414062,3276500,VOO,2018-03-02
246.02000427246094,250.7899932861328,245.9499969482422,250.1999969482422,219.8259735107422,3024600,VOO,2018-03-05
251.22000122070312,251.25,249.22999572753906,250.8300018310547,220.3794708251953,1932000,VOO,2018-03-06
248.5399932861328,251.07000732421875,248.36000061035156,250.72000122070312,220.2828369140625,2730200,VOO,2018-03-07
251.39999389648438,252.02000427246094,250.36000061035156,251.88999938964844,221.31076049804688,3021600,VOO,2018-03-08
253.39999389648438,256.260009765625,253.0500030517578,256.25,225.14149475097656,2450800,VOO,2018-03-09
256.6400146484375,257.25,255.5800018310547,256.0,224.92184448242188,2029200,VOO,2018-03-12
257.20001220703125,257.7099914550781,253.7100067138672,254.30999755859375,223.4369659423828,3080600,VOO,2018-03-13
255.3300018310547,255.50999450683594,252.4600067138672,252.97000122070312,222.2596893310547,2352700,VOO,2018-03-14
253.5500030517578,254.2100067138672,252.22000122070312,252.72999572753906,222.04881286621094,2161500,VOO,2018-03-15
253.22999572753906,254.0800018310547,252.97000122070312,252.99000549316406,222.27723693847656,1554600,VOO,2018-03-16
252.25,252.25999450683594,247.8699951171875,249.61000061035156,219.3075714111328,2715800,VOO,2018-03-19
249.99000549316406,250.66000366210938,249.3300018310547,250.0500030517578,219.6941680908203,1991400,VOO,2018-03-20
249.94000244140625,252.1199951171875,249.30999755859375,249.47000122070312,219.18455505371094,2777300,VOO,2018-03-21
247.11000061035156,248.0800018310547,243.02999877929688,243.27000427246094,213.73724365234375,3589400,VOO,2018-03-22
243.74000549316406,244.08999633789062,237.9199981689453,238.08999633789062,209.18614196777344,3815500,VOO,2018-03-23
240.82000732421875,243.80999755859375,238.32000732421875,243.52999877929688,214.94430541992188,5529000,VOO,2018-03-26
244.47000122070312,245.0399932861328,237.77000427246094,239.30999755859375,211.2196502685547,3363600,VOO,2018-03-27
239.4600067138672,241.22000122070312,237.52999877929688,238.63999938964844,210.6282958984375,4384100,VOO,2018-03-28
239.85000610351562,243.61000061035156,239.0800018310547,242.0800018310547,213.6644744873047,2910800,VOO,2018-03-29
241.19000244140625,241.6999969482422,233.9199981689453,236.47999572753906,208.7218475341797,4696400,VOO,2018-04-02
237.80999755859375,240.0,235.92999267578125,239.47999572753906,211.3697509765625,3287900,VOO,2018-04-03
235.8699951171875,242.80999755859375,235.6999969482422,242.24000549316406,213.80569458007812,4598000,VOO,2018-04-04
243.89999389648438,244.88999938964844,242.8000030517578,243.99000549316406,215.3502960205078,3436600,VOO,2018-04-05
241.94000244140625,243.50999450683594,236.97999572753906,238.6199951171875,210.61062622070312,4931600,VOO,2018-04-06
240.14999389648438,243.25,239.32000732421875,239.58999633789062,211.466796875,2956000,VOO,2018-04-09
242.75,244.3800048828125,241.57000732421875,243.5399932861328,214.95309448242188,2903800,VOO,2018-04-10
242.0,243.99000549316406,241.9499969482422,242.25,213.8145751953125,2068300,VOO,2018-04-11
243.7100067138672,245.25,243.47000122070312,244.27999877929688,215.606201171875,1723600,VOO,2018-04-12
245.83999633789062,245.83999633789062,242.5,243.60000610351562,215.00608825683594,2887700,VOO,2018-04-13
245.27000427246094,246.35000610351562,244.41000366210938,245.5800018310547,216.753662109375,2149200,VOO,2018-04-16
247.4199981689453,248.80999755859375,246.8800048828125,248.22000122070312,219.0837860107422,2301800,VOO,2018-04-17
248.66000366210938,249.22000122070312,247.94000244140625,248.36000061035156,219.20733642578125,1365100,VOO,2018-04-18
247.6199951171875,247.88999938964844,245.9600067138672,247.0,218.00694274902344,1997100,VOO,2018-04-19
246.9499969482422,247.1300048828125,243.97000122070312,245.0,216.24172973632812,2103900,VOO,2018-04-20
245.5500030517578,246.0800018310547,243.75,244.88999938964844,216.14468383789062,1472600,VOO,2018-04-23
245.97000122070312,246.1199951171875,240.00999450683594,241.5500030517578,213.19671630859375,3653500,VOO,2018-04-24
241.50999450683594,242.6300048828125,239.60000610351562,242.1699981689453,213.74391174316406,2354800,VOO,2018-04-25
243.22000122070312,245.47000122070312,242.77000427246094,244.66000366210938,215.941650390625,2106800,VOO,2018-04-26
245.22999572753906,245.57000732421875,243.88999938964844,244.9199981689453,216.17111206054688,2178600,VOO,2018-04-27
245.50999450683594,246.0500030517578,242.85000610351562,242.9199981689453,214.40591430664062,2146100,VOO,2018-04-30
242.4499969482422,243.52000427246094,240.75999450683594,243.44000244140625,214.86488342285156,2323100,VOO,2018-05-01
243.2100067138672,244.02000427246094,241.36000061035156,241.77999877929688,213.3997344970703,1636400,VOO,2018-05-02
240.8800048828125,241.89999389648438,237.9199981689453,241.2100067138672,212.89659118652344,2666500,VOO,2018-05-03
240.25,245.05999755859375,239.88999938964844,244.41000366210938,215.72100830078125,1785200,VOO,2018-05-04
245.19000244140625,246.19000244140625,244.4600067138672,245.1699981689453,216.39178466796875,3127200,VOO,2018-05-07
244.8300018310547,245.52999877929688,243.57000732421875,245.16000366210938,216.38296508789062,1924500,VOO,2018-05-08
245.86000061035156,247.89999389648438,245.36000061035156,247.5399932861328,218.48358154296875,1506200,VOO,2018-05-09
248.36000061035156,250.1999969482422,248.25,249.86000061035156,220.53123474121094,1537600,VOO,2018-05-10
250.0399932861328,250.9199981689453,249.47999572753906,250.47000122070312,221.06967163085938,1703500,VOO,2018-05-11
251.1199951171875,251.75999450683594,250.2100067138672,250.75,221.31675720214844,1478200,VOO,2018-05-14
249.5,249.52000427246094,248.05999755859375,249.02999877929688,219.79872131347656,2600600,VOO,2018-05-15
249.0800018310547,250.5399932861328,249.07000732421875,250.08999633789062,220.73428344726562,2588700,VOO,2018-05-16
249.7899932861328,250.99000549316406,249.0800018310547,249.8800048828125,220.5489501953125,1714200,VOO,2018-05-17
249.52999877929688,249.85000610351562,248.88999938964844,249.25999450683594,220.00173950195312,1702800,VOO,2018-05-18
250.77000427246094,251.67999267578125,250.42999267578125,251.08999633789062,221.616943359375,1262900,VOO,2018-05-21
251.6699981689453,251.94000244140625,250.10000610351562,250.3699951171875,220.9813995361328,1055400,VOO,2018-05-22
249.1199951171875,251.14999389648438,248.9499969482422,251.14999389648438,221.66983032226562,1484100,VOO,2018-05-23
250.74000549316406,251.0,248.75999450683594,250.6699981689453,221.24618530273438,2025300,VOO,2018-05-24
250.0399932861328,250.63999938964844,249.49000549316406,250.0399932861328,220.6901397705078,1654700,VOO,2018-05-25
248.27999877929688,249.0800018310547,245.97000122070312,247.14999389648438,218.13934326171875,4465800,VOO,2018-05-29
248.52999877929688,250.8800048828125,248.42999267578125,250.41000366210938,221.01673889160156,1359700,VOO,2018-05-30
249.99000549316406,250.3000030517578,248.27999877929688,248.7899932861328,219.58685302734375,2378800,VOO,2018-05-31
250.22999572753906,251.64999389648438,250.1699981689453,251.41000366210938,221.89935302734375,1953900,VOO,2018-06-01
252.1699981689453,252.8000030517578,251.9600067138672,252.52000427246094,222.87904357910156,2031500,VOO,2018-06-04
252.66000366210938,253.1300048828125,251.8699951171875,252.8699951171875,223.18798828125,1491200,VOO,2018-06-05
253.3699951171875,254.9600067138672,252.72000122070312,254.88999938964844,224.97084045410156,2763200,VOO,2018-06-06
255.3699951171875,255.6999969482422,253.8800048828125,254.77000427246094,224.86497497558594,2615900,VOO,2018-06-07
254.36000061035156,255.6199951171875,254.19000244140625,255.57000732421875,225.57107543945312,1517500,VOO,2018-06-08
255.7899932861328,256.6700134277344,255.6999969482422,255.89999389648438,225.86228942871094,2648000,VOO,2018-06-11
256.3900146484375,256.6300048828125,255.60000610351562,256.3299865722656,226.2418212890625,1182200,VOO,2018-06-12
256.5299987792969,256.7699890136719,255.22999572753906,255.30999755859375,225.341552734375,2507800,VOO,2018-06-13
256.30999755859375,256.6199951171875,255.4600067138672,256.04998779296875,225.99461364746094,1913800,VOO,2018-06-14
255.27000427246094,256.07000732421875,254.1300048828125,255.8300018310547,225.8004913330078,2000100,VOO,2018-06-15
254.17999267578125,255.36000061035156,253.7100067138672,255.22000122070312,225.2620849609375,2015800,VOO,2018-06-18
252.8300018310547,254.4600067138672,252.4199981689453,254.25,224.40599060058594,1863300,VOO,2018-06-19
254.97000122070312,255.3699951171875,254.32000732421875,254.7100067138672,224.81199645996094,1578200,VOO,2018-06-20
254.66000366210938,254.6699981689453,252.5800018310547,253.1199951171875,223.40863037109375,4037600,VOO,2018-06-21
254.39999389648438,254.52000427246094,253.32000732421875,253.57000732421875,223.80580139160156,3092000,VOO,2018-06-22
252.3699951171875,252.50999450683594,248.35000610351562,250.05999755859375,220.70777893066406,6690000,VOO,2018-06-25
250.66000366210938,251.52999877929688,249.91000366210938,250.61000061035156,221.19326782226562,2968600,VOO,2018-06-26
251.27000427246094,252.72999572753906,248.42999267578125,248.52999877929688,219.35736083984375,3433800,VOO,2018-06-27
247.3000030517578,249.60000610351562,246.6300048828125,248.8800048828125,220.6937255859375,2638400,VOO,2018-06-28
249.97999572753906,251.36000061035156,249.10000610351562,249.50999450683594,221.25238037109375,3711600,VOO,2018-06-29
247.55999755859375,249.88999938964844,247.32000732421875,249.8000030517578,221.509521484375,1943100,VOO,2018-07-02
250.67999267578125,250.75999450683594,248.44000244140625,248.7899932861328,220.61390686035156,1157900,VOO,2018-07-03
250.07000732421875,250.94000244140625,248.91000366210938,250.9199981689453,222.50267028808594,1948100,VOO,2018-07-05
250.91000366210938,253.38999938964844,250.52000427246094,253.00999450683594,224.35597229003906,2622200,VOO,2018-07-06
254.0500030517578,255.32000732421875,254.00999450683594,255.25,226.34226989746094,3979500,VOO,2018-07-09
255.75,256.29998779296875,255.4499969482422,256.1400146484375,227.13148498535156,1314500,VOO,2018-07-10
254.60000610351562,255.41000366210938,254.02999877929688,254.38999938964844,225.5797119140625,2335100,VOO,2018-07-11
255.66000366210938,256.6600036621094,255.00999450683594,256.57000732421875,227.51280212402344,2874000,VOO,2018-07-12
256.489990234375,257.1600036621094,255.99000549316406,256.7900085449219,227.70787048339844,1814500,VOO,2018-07-13
256.8900146484375,257.010009765625,256.1600036621094,256.6300048828125,227.56600952148438,993500,VOO,2018-07-16
255.85000610351562,258.05999755859375,255.8000030517578,257.7300109863281,228.5414581298828,1825900,VOO,2018-07-17
257.760009765625,258.32000732421875,257.2799987792969,258.20001220703125,228.95814514160156,2606800,VOO,2018-07-18
257.5,257.8999938964844,256.75,257.2200012207031,228.08921813964844,2050500,VOO,2018-07-19
257.0,257.6499938964844,256.7799987792969,256.9800109863281,227.87635803222656,2710700,VOO,2018-07-20
256.7300109863281,257.6099853515625,256.3999938964844,257.4700012207031,228.31089782714844,1447000,VOO,2018-07-23
258.8399963378906,259.57000732421875,257.82000732421875,258.67999267578125,229.38385009765625,2916000,VOO,2018-07-24
258.5400085449219,261.25,258.42999267578125,261.04998779296875,231.48541259765625,2608700,VOO,2018-07-25
260.1400146484375,261.010009765625,260.1000061035156,260.2799987792969,230.80267333984375,2166500,VOO,2018-07-26
260.7300109863281,260.739990234375,257.5799865722656,258.5899963378906,229.30406188964844,2666200,VOO,2018-07-27
258.6000061035156,258.7799987792969,256.6400146484375,257.1000061035156,227.9827880859375,1601400,VOO,2018-07-30
258.0199890136719,259.0899963378906,257.6000061035156,258.3999938964844,229.13551330566406,1992500,VOO,2018-07-31
258.6400146484375,259.19000244140625,257.3500061035156,258.0799865722656,228.8517608642578,1651700,VOO,2018-08-01
256.7300109863281,259.6000061035156,256.4800109863281,259.3900146484375,230.01344299316406,1767300,VOO,2018-08-02
259.6000061035156,260.6600036621094,259.3900146484375,260.6600036621094,231.1396026611328,2017600,VOO,2018-08-03
260.55999755859375,261.8299865722656,260.20001220703125,261.6400146484375,232.0085906982422,1843000,VOO,2018-08-06
262.20001220703125,262.7799987792969,262.0799865722656,262.3699951171875,232.6559600830078,2619200,VOO,2018-08-07
262.2300109863281,262.6700134277344,261.7900085449219,262.2300109863281,232.5317840576172,1560400,VOO,2018-08-08
262.3299865722656,262.739990234375,261.760009765625,261.8999938964844,232.23922729492188,1084400,VOO,2018-08-09
260.3599853515625,260.9599914550781,259.42999267578125,260.1199951171875,230.66078186035156,2395500,VOO,2018-08-10
260.4100036621094,261.07000732421875,258.8999938964844,259.1400146484375,229.79173278808594,3684700,VOO,2018-08-13
259.94000244140625,261.07000732421875,259.54998779296875,260.80999755859375,231.27264404296875,1531800,VOO,2018-08-14
259.42999267578125,259.54998779296875,257.3900146484375,258.8900146484375,229.570068359375,2587800,VOO,2018-08-15
260.3599853515625,261.8900146484375,260.3500061035156,260.989990234375,231.43222045898438,1693100,VOO,2018-08-16
260.7099914550781,262.3800048828125,260.3500061035156,261.8599853515625,232.20370483398438,2278800,VOO,2018-08-17
262.3999938964844,262.739990234375,261.8999938964844,262.44000244140625,232.71804809570312,1245500,VOO,2018-08-20
263.010009765625,263.9700012207031,262.8599853515625,263.010009765625,233.22349548339844,1937900,VOO,2018-08-21
262.6400146484375,263.45001220703125,262.3900146484375,262.92999267578125,233.1525115966797,1708100,VOO,2018-08-22
262.67999267578125,263.6300048828125,262.2099914550781,262.54998779296875,232.81553649902344,2308100,VOO,2018-08-23
263.1600036621094,264.2900085449219,263.1099853515625,264.20001220703125,234.27874755859375,2328900,VOO,2018-08-24
265.3800048828125,266.3500061035156,265.260009765625,266.19000244140625,236.04335021972656,2371000,VOO,2018-08-27
266.760009765625,266.8299865722656,265.8900146484375,266.3399963378906,236.1763153076172,3026900,VOO,2018-08-28
266.5899963378906,268.04998779296875,266.3399963378906,267.79998779296875,237.47100830078125,2116100,VOO,2018-08-29
267.30999755859375,267.7099914550781,266.1199951171875,266.7099914550781,236.50440979003906,2625500,VOO,2018-08-30
266.3299865722656,267.2200012207031,265.8299865722656,266.7200012207031,236.5132598876953,3172400,VOO,2018-08-31
266.3500061035156,266.6600036621094,265.260009765625,266.3500061035156,236.1851806640625,3623300,VOO,2018-09-04
265.9100036621094,266.1300048828125,264.5199890136719,265.6000061035156,235.52011108398438,4595500,VOO,2018-09-05
265.69000244140625,265.989990234375,263.70001220703125,264.82000732421875,234.8284149169922,1687900,VOO,2018-09-06
263.6300048828125,265.260009765625,263.45001220703125,264.17999267578125,234.26095581054688,2634100,VOO,2018-09-07
265.2799987792969,265.57000732421875,264.510009765625,264.67999267578125,234.704345703125,2832700,VOO,2018-09-10
264.0299987792969,266.04998779296875,263.67999267578125,265.67999267578125,235.591064453125,3420400,VOO,2018-09-11
265.6099853515625,266.260009765625,264.8299865722656,265.7099914550781,235.61767578125,3019800,VOO,2018-09-12
266.7799987792969,267.4200134277344,266.4700012207031,267.2200012207031,236.9567413330078,2087500,VOO,2018-09-13
267.4700012207031,267.6199951171875,266.4700012207031,267.3599853515625,237.080810546875,1861000,VOO,2018-09-14
267.2200012207031,267.260009765625,265.5899963378906,265.8500061035156,235.74179077148438,2515300,VOO,2018-09-17
266.1000061035156,267.9200134277344,266.0899963378906,267.29998779296875,237.027587890625,1823600,VOO,2018-09-18
267.3500061035156,268.0299987792969,267.2300109863281,267.6000061035156,237.2936553955078,2077500,VOO,2018-09-19
268.8900146484375,270.1000061035156,268.7900085449219,269.75,239.20008850097656,3349700,VOO,2018-09-20
270.54998779296875,270.6700134277344,269.3699951171875,269.55999755859375,239.03167724609375,1352500,VOO,2018-09-21
268.92999267578125,269.07000732421875,268.0199890136719,268.6600036621094,238.2335968017578,2070900,VOO,2018-09-24
269.1000061035156,269.1700134277344,268.1499938964844,268.3299865722656,237.94088745117188,2360400,VOO,2018-09-25
267.32000732421875,268.5400085449219,265.95001220703125,266.3399963378906,237.2434539794922,2568400,VOO,2018-09-26
266.8800048828125,268.239990234375,266.6000061035156,267.0799865722656,237.90261840820312,3077500,VOO,2018-09-27
266.5,267.6499938964844,266.42999267578125,267.04998779296875,237.8758544921875,1774300,VOO,2018-09-28
268.4599914550781,269.17999267578125,267.3900146484375,268.0400085449219,238.75775146484375,1968800,VOO,2018-10-01
267.9700012207031,268.6700134277344,267.54998779296875,268.010009765625,238.73101806640625,3034100,VOO,2018-10-02
269.0199890136719,269.4700012207031,267.7200012207031,268.239990234375,238.9358673095703,2505800,VOO,2018-10-03
267.57000732421875,267.6600036621094,264.3699951171875,266.0400085449219,236.97628784179688,5004400,VOO,2018-10-04
266.19000244140625,266.7699890136719,263.0199890136719,264.5400085449219,235.64016723632812,2564700,VOO,2018-10-05
263.7699890136719,264.8500061035156,262.3800048828125,264.4700012207031,235.57781982421875,3219600,VOO,2018-10-08
264.1000061035156,265.45001220703125,263.54998779296875,264.1300048828125,235.2749786376953,2078000,VOO,2018-10-09
263.6199951171875,263.6199951171875,255.3699951171875,255.60000610351562,227.6768035888672,5803900,VOO,2018-10-10
254.80999755859375,256.2900085449219,248.4499969482422,250.22000122070312,222.8845672607422,9037000,VOO,2018-10-11
254.38999938964844,254.63999938964844,250.3000030517578,253.60000610351562,225.895263671875,7116700,VOO,2018-10-12
253.19000244140625,254.55999755859375,252.0399932861328,252.2100067138672,224.65711975097656,3306200,VOO,2018-10-15
254.13999938964844,258.1000061035156,253.6999969482422,257.5799865722656,229.44052124023438,3308500,VOO,2018-10-16
257.75,258.3399963378906,255.07000732421875,257.6700134277344,229.52066040039062,2845800,VOO,2018-10-17
256.75,257.3500061035156,252.69000244140625,254.0500030517578,226.296142578125,3046800,VOO,2018-10-18
254.6699981689453,256.6199951171875,253.14999389648438,253.85000610351562,226.1179656982422,2684200,VOO,2018-10-19
254.5500030517578,254.86000061035156,252.1699981689453,252.8000030517578,225.1826934814453,2102000,VOO,2018-10-22
249.0,252.5800018310547,246.83999633789062,251.27999877929688,223.82875061035156,5206500,VOO,2018-10-23
251.19000244140625,251.5500030517578,243.25,243.77999877929688,217.14805603027344,4065700,VOO,2018-10-24
245.7100067138672,249.7899932861328,244.6699981689453,248.14999389648438,221.04063415527344,4443800,VOO,2018-10-25
244.33999633789062,246.97999572753906,241.0399932861328,243.75999450683594,217.1302032470703,5278700,VOO,2018-10-26
247.02999877929688,248.35000610351562,238.7899932861328,242.5,216.0079345703125,5126200,VOO,2018-10-29
242.30999755859375,246.3800048828125,241.8000030517578,246.2100067138672,219.31263732910156,3619100,VOO,2018-10-30
248.72000122070312,251.0800018310547,248.27000427246094,248.7899932861328,221.61074829101562,4073400,VOO,2018-10-31
249.6300048828125,251.5399932861328,248.4600067138672,251.3699951171875,223.90887451171875,2870700,VOO,2018-11-01
252.44000244140625,252.89999389648438,247.75,249.80999755859375,222.519287109375,3184500,VOO,2018-11-02
250.32000732421875,251.7899932861328,249.38999938964844,251.22999572753906,223.78414916992188,1912100,VOO,2018-11-05
251.17999267578125,252.97999572753906,251.1199951171875,252.82000732421875,225.2004852294922,2255200,VOO,2018-11-06
255.07000732421875,258.32000732421875,254.64999389648438,258.1600036621094,229.95712280273438,3090800,VOO,2018-11-07
257.489990234375,258.44000244140625,256.6499938964844,257.7200012207031,229.56517028808594,2466900,VOO,2018-11-08
256.5,256.6400146484375,253.80999755859375,255.33999633789062,227.44517517089844,3078700,VOO,2018-11-09
254.69000244140625,254.9600067138672,249.9499969482422,250.41000366210938,223.0537872314453,2710200,VOO,2018-11-12
250.9600067138672,253.00999450683594,249.27999877929688,249.99000549316406,222.6796417236328,3097000,VOO,2018-11-13
251.9600067138672,252.33999633789062,246.66000366210938,248.27999877929688,221.15646362304688,3619900,VOO,2018-11-14
247.02000427246094,251.38999938964844,245.42999267578125,250.85000610351562,223.44573974609375,3911900,VOO,2018-11-15
249.77000427246094,252.47000122070312,249.25999450683594,251.49000549316406,224.01583862304688,2342800,VOO,2018-11-16
250.94000244140625,251.2100067138672,246.35000610351562,247.32000732421875,220.30133056640625,2973700,VOO,2018-11-19
243.83999633789062,245.32000732421875,241.8300018310547,242.77000427246094,216.24842834472656,5000900,VOO,2018-11-20
244.24000549316406,245.44000244140625,243.52000427246094,243.5800018310547,216.9699249267578,2425500,VOO,2018-11-21
241.8000030517578,243.35000610351562,241.72999572753906,242.00999450683594,215.5714874267578,830900,VOO,2018-11-23
244.22999572753906,245.83999633789062,243.85000610351562,245.8000030517578,218.94741821289062,2498500,VOO,2018-11-26
244.72999572753906,246.60000610351562,244.1199951171875,246.57000732421875,219.63328552246094,2849700,VOO,2018-11-27
247.72000122070312,252.3300018310547,246.75,252.3300018310547,224.76400756835938,3723300,VOO,2018-11-28
251.5399932861328,253.25,250.36000061035156,251.80999755859375,224.30084228515625,3279400,VOO,2018-11-29
251.63999938964844,253.94000244140625,251.35000610351562,253.47999572753906,225.78834533691406,2992800,VOO,2018-11-30
257.6499938964844,257.739990234375,255.05999755859375,256.6099853515625,228.57640075683594,3943500,VOO,2018-12-03
255.85000610351562,256.2699890136719,248.05999755859375,248.64999389648438,221.4860076904297,3837400,VOO,2018-12-04
244.4199981689453,248.08999633789062,241.1300048828125,248.02000427246094,220.92483520507812,7712700,VOO,2018-12-06
247.6300048828125,249.24000549316406,241.3699951171875,242.25999450683594,215.7941131591797,3928400,VOO,2018-12-07
242.0,243.6199951171875,237.6199951171875,242.5500030517578,216.0524444580078,5983700,VOO,2018-12-10
245.9499969482422,246.1199951171875,241.19000244140625,242.6199951171875,216.1147918701172,4543200,VOO,2018-12-11
245.8000030517578,247.16000366210938,243.85000610351562,243.9600067138672,217.30841064453125,4117000,VOO,2018-12-12
244.86000061035156,245.75999450683594,242.6999969482422,243.8800048828125,217.23715209960938,2610800,VOO,2018-12-13
241.64999389648438,242.6300048828125,238.77000427246094,239.3800048828125,213.22877502441406,5088500,VOO,2018-12-14
237.05999755859375,238.22000122070312,231.67999267578125,233.22999572753906,208.87539672851562,6127200,VOO,2018-12-17
235.0,235.67999267578125,231.47999572753906,233.13999938964844,208.79476928710938,4691400,VOO,2018-12-18
233.2100067138672,237.0,227.77999877929688,229.4199981689453,205.4632110595703,8215600,VOO,2018-12-19
228.35000610351562,229.89999389648438,223.5399932861328,225.64999389648438,202.0868682861328,12141900,VOO,2018-12-20
226.74000549316406,229.4600067138672,220.57000732421875,221.16000366210938,198.0657958984375,11811600,VOO,2018-12-21
219.74000549316406,220.8000030517578,215.07000732421875,215.07000732421875,192.6116943359375,8493500,VOO,2018-12-24
216.8800048828125,226.10000610351562,214.8300018310547,225.9499969482422,202.3555908203125,11598000,VOO,2018-12-26
222.9600067138672,228.1199951171875,219.60000610351562,228.0500030517578,204.23626708984375,9578400,VOO,2018-12-27
229.32000732421875,231.07000732421875,226.52000427246094,227.75999450683594,203.97654724121094,7436100,VOO,2018-12-28
229.30999755859375,229.97000122070312,227.4499969482422,229.80999755859375,205.8125,6683900,VOO,2018-12-31
226.17999267578125,230.85000610351562,226.02000427246094,229.99000549316406,205.9736785888672,4891300,VOO,2019-01-02
228.10000610351562,228.4199981689453,223.97000122070312,224.5,201.0569610595703,3329600,VOO,2019-01-03
227.5399932861328,232.6199951171875,227.14999389648438,231.91000366210938,207.69320678710938,5100100,VOO,2019-01-04
232.2899932861328,235.22999572753906,231.32000732421875,233.64999389648438,209.2515106201172,3706000,VOO,2019-01-07
236.0500030517578,236.4600067138672,233.42999267578125,235.9199981689453,211.284423828125,3546600,VOO,2019-01-08
236.7100067138672,237.94000244140625,235.4600067138672,237.00999450683594,212.26058959960938,4565000,VOO,2019-01-09
235.64999389648438,238.1699981689453,234.85000610351562,238.0,213.1472625732422,2813500,VOO,2019-01-10
236.85000610351562,238.0,236.24000549316406,237.88999938964844,213.04876708984375,2551000,VOO,2019-01-11
236.10000610351562,237.38999938964844,235.69000244140625,236.5800018310547,211.87557983398438,2653400,VOO,2019-01-14
236.97000122070312,239.58999633789062,236.97000122070312,239.35000610351562,214.3562774658203,5103700,VOO,2019-01-15
239.72000122070312,240.77000427246094,239.52000427246094,239.8800048828125,214.83090209960938,4066700,VOO,2019-01-16
239.0,242.5500030517578,238.9499969482422,241.6699981689453,216.4340362548828,3059000,VOO,2019-01-17
243.55999755859375,245.3699951171875,242.75999450683594,244.9199981689453,219.34461975097656,4943300,VOO,2019-01-18
243.38999938964844,243.5800018310547,239.97000122070312,241.66000366210938,216.42506408691406,5786300,VOO,2019-01-22
242.67999267578125,243.33999633789062,239.5800018310547,242.02000427246094,216.7474365234375,3076400,VOO,2019-01-23
241.89999389648438,242.82000732421875,240.91000366210938,242.25999450683594,216.96243286132812,2197100,VOO,2019-01-24
244.11000061035156,245.11000061035156,243.6699981689453,244.32000732421875,218.8072967529297,3677500,VOO,2019-01-25
242.08999633789062,242.49000549316406,240.6300048828125,242.42999267578125,217.1146697998047,2407800,VOO,2019-01-28
242.5500030517578,243.1199951171875,241.27000427246094,242.1300048828125,216.84596252441406,2436900,VOO,2019-01-29
243.66000366210938,246.77999877929688,242.8800048828125,245.9600067138672,220.2760467529297,6028400,VOO,2019-01-30
245.86000061035156,248.52999877929688,245.67999267578125,248.00999450683594,222.1119842529297,5308100,VOO,2019-01-31
248.30999755859375,249.2899932861328,247.4600067138672,248.22000122070312,222.300048828125,3718500,VOO,2019-02-01
248.3000030517578,250.02000427246094,247.58999633789062,249.99000549316406,223.88525390625,2541700,VOO,2019-02-04
250.44000244140625,251.3300018310547,249.9199981689453,251.10000610351562,224.8793182373047,3613300,VOO,2019-02-05
250.75,251.22000122070312,249.9499969482422,250.7899932861328,224.60166931152344,2052200,VOO,2019-02-06
249.0399932861328,249.5800018310547,246.6199951171875,248.3300018310547,222.3985595703125,3907800,VOO,2019-02-07
247.00999450683594,248.7100067138672,246.1999969482422,248.64999389648438,222.68516540527344,2512600,VOO,2019-02-08
249.27999877929688,249.50999450683594,248.22000122070312,248.77999877929688,222.8015594482422,2986600,VOO,2019-02-11
250.3800048828125,252.36000061035156,250.33999633789062,252.0,225.68531799316406,5980500,VOO,2019-02-12
252.82000732421875,253.66000366210938,252.38999938964844,252.75999450683594,226.365966796875,3569100,VOO,2019-02-13
251.64999389648438,253.36000061035156,250.8300018310547,252.1999969482422,225.8644561767578,3247800,VOO,2019-02-14
254.02999877929688,255.0,253.80999755859375,254.97999572753906,228.3541717529297,2806600,VOO,2019-02-15
254.14999389648438,256.0899963378906,254.14999389648438,255.4199981689453,228.7482147216797,2509300,VOO,2019-02-19
255.41000366210938,256.3800048828125,254.88999938964844,256.010009765625,229.276611328125,2156300,VOO,2019-02-20
255.3300018310547,255.63999938964844,254.0399932861328,255.0800018310547,228.44371032714844,2020000,VOO,2019-02-21
255.69000244140625,256.80999755859375,255.4499969482422,256.6099853515625,229.81394958496094,2119400,VOO,2019-02-22
258.0899963378906,258.6099853515625,256.8800048828125,256.989990234375,230.1542510986328,2941300,VOO,2019-02-25
256.54998779296875,257.6400146484375,256.4100036621094,256.79998779296875,229.98406982421875,4629600,VOO,2019-02-26
256.05999755859375,257.0199890136719,255.10000610351562,256.6700134277344,229.86769104003906,2136400,VOO,2019-02-27
256.4200134277344,256.8800048828125,255.85000610351562,256.07000732421875,229.33035278320312,2207000,VOO,2019-02-28
257.80999755859375,258.2099914550781,256.3299865722656,257.8299865722656,230.90650939941406,2867000,VOO,2019-03-01
258.8699951171875,259.1000061035156,254.49000549316406,256.8399963378906,230.01992797851562,3384200,VOO,2019-03-04
256.989990234375,257.1700134277344,255.9600067138672,256.5400085449219,229.7512664794922,2475900,VOO,2019-03-05
256.6199951171875,256.6199951171875,254.60000610351562,254.89999389648438,228.2825469970703,2514900,VOO,2019-03-06
254.47999572753906,254.60000610351562,251.9499969482422,252.85000610351562,226.44659423828125,6441200,VOO,2019-03-07
250.8800048828125,252.4499969482422,250.33999633789062,252.33999633789062,225.98983764648438,4522300,VOO,2019-03-08
253.0399932861328,256.1199951171875,253.02000427246094,256.0199890136719,229.28553771972656,1884200,VOO,2019-03-11
256.5199890136719,257.4599914550781,256.3699951171875,256.92999267578125,230.10052490234375,2271900,VOO,2019-03-12
257.8399963378906,259.5899963378906,257.69000244140625,258.67999267578125,231.66783142089844,1974300,VOO,2019-03-13
258.67999267578125,259.1199951171875,258.0400085449219,258.5899963378906,231.5872039794922,1557500,VOO,2019-03-14
259.0199890136719,260.57000732421875,258.8699951171875,259.8500061035156,232.71563720703125,3151200,VOO,2019-03-15
260.0,260.989990234375,259.7699890136719,260.7799987792969,233.54844665527344,1830000,VOO,2019-03-18
261.80999755859375,262.5899963378906,259.8800048828125,260.8599853515625,233.6201171875,4061800,VOO,2019-03-19
260.5400085449219,261.7699890136719,258.8399963378906,259.92999267578125,232.78724670410156,3415200,VOO,2019-03-20
257.67999267578125,261.8599853515625,257.67999267578125,261.42999267578125,235.44862365722656,2968300,VOO,2019-03-21
260.07000732421875,260.6099853515625,256.3699951171875,256.4599914550781,230.9724884033203,4317400,VOO,2019-03-22
256.0899963378906,257.2799987792969,254.9499969482422,256.2300109863281,230.76531982421875,2893600,VOO,2019-03-25
258.010009765625,259.1199951171875,256.7300109863281,258.0799865722656,232.4315185546875,3177600,VOO,2019-03-26
258.1499938964844,258.7300109863281,255.22999572753906,256.8800048828125,231.35076904296875,2714300,VOO,2019-03-27
257.45001220703125,258.2200012207031,256.2699890136719,257.8800048828125,232.25140380859375,1716700,VOO,2019-03-28
259.3399963378906,259.7200012207031,258.17999267578125,259.5400085449219,233.7464141845703,2831100,VOO,2019-03-29
261.4599914550781,262.7799987792969,261.19000244140625,262.5299987792969,236.4392547607422,3303900,VOO,2019-04-01
262.6700134277344,262.8500061035156,261.80999755859375,262.6199951171875,236.5203857421875,1512600,VOO,2019-04-02
263.8699951171875,264.25,262.3999938964844,263.1099853515625,236.96160888671875,1933900,VOO,2019-04-03
263.3699951171875,263.9599914550781,262.6700134277344,263.739990234375,237.529052734375,1738500,VOO,2019-04-04
264.4200134277344,265.05999755859375,264.1199951171875,265.010009765625,238.67283630371094,1505000,VOO,2019-04-05
264.57000732421875,265.30999755859375,263.9100036621094,265.239990234375,238.87994384765625,1720100,VOO,2019-04-08
264.2200012207031,264.5400085449219,263.2900085449219,263.8299865722656,237.6100616455078,2016900,VOO,2019-04-09
264.25,264.8399963378906,263.8500061035156,264.739990234375,238.42962646484375,2990600,VOO,2019-04-10
265.239990234375,265.239990234375,264.0899963378906,264.69000244140625,238.3846435546875,1567700,VOO,2019-04-11
266.3299865722656,266.7699890136719,265.6300048828125,266.4800109863281,239.99668884277344,1903400,VOO,2019-04-12
266.57000732421875,266.6400146484375,265.4700012207031,266.29998779296875,239.8345489501953,1584500,VOO,2019-04-15
267.20001220703125,267.239990234375,265.8599853515625,266.489990234375,240.0056915283203,2447700,VOO,2019-04-16
267.5899963378906,267.6099853515625,265.3999938964844,265.8399963378906,239.4202880859375,1872400,VOO,2019-04-17
266.44000244140625,266.6000061035156,265.0799865722656,266.3399963378906,239.87062072753906,2788900,VOO,2019-04-18
265.55999755859375,266.7099914550781,265.4700012207031,266.6000061035156,240.10476684570312,1126500,VOO,2019-04-22
266.9599914550781,269.19000244140625,266.7099914550781,268.8999938964844,242.17616271972656,2618300,VOO,2019-04-23
268.8900146484375,269.2099914550781,268.2300109863281,268.3699951171875,241.6988525390625,1393400,VOO,2019-04-24
268.2799987792969,268.8800048828125,266.9800109863281,268.2699890136719,241.6088104248047,1237400,VOO,2019-04-25
268.2799987792969,269.5400085449219,267.4599914550781,269.5,242.71661376953125,2172600,VOO,2019-04-26
269.55999755859375,270.4100036621094,269.4599914550781,269.8399963378906,243.02276611328125,1892500,VOO,2019-04-29
269.55999755859375,270.30999755859375,268.1099853515625,270.010009765625,243.17584228515625,2024600,VOO,2019-04-30
270.67999267578125,270.8699951171875,268.0,268.0400085449219,241.4016876220703,2669400,VOO,2019-05-01
267.8800048828125,268.79998779296875,265.92999267578125,267.510009765625,240.92430114746094,3009000,VOO,2019-05-02
268.9200134277344,270.32000732421875,268.70001220703125,270.04998779296875,243.21194458007812,1969000,VOO,2019-05-03
265.6499938964844,269.3599853515625,265.30999755859375,268.9800109863281,242.24835205078125,3966900,VOO,2019-05-06
266.4800109863281,267.0799865722656,262.4800109863281,264.6199951171875,238.32150268554688,4752500,VOO,2019-05-07
264.1400146484375,265.82000732421875,263.4700012207031,264.1000061035156,237.85325622558594,2662500,VOO,2019-05-08
261.94000244140625,263.8399963378906,260.20001220703125,263.2900085449219,237.1237335205078,3094800,VOO,2019-05-09
262.3699951171875,265.3800048828125,259.2699890136719,264.5199890136719,238.2314910888672,3131900,VOO,2019-05-10
259.3699951171875,260.3399963378906,257.07000732421875,258.0299987792969,232.386474609375,5548200,VOO,2019-05-13
258.989990234375,261.82000732421875,258.8399963378906,260.2699890136719,234.40383911132812,4702600,VOO,2019-05-14
258.6300048828125,262.45001220703125,258.3999938964844,261.80999755859375,235.79078674316406,2444100,VOO,2019-05-15
262.4700012207031,265.6000061035156,262.45001220703125,264.2099914550781,237.9523162841797,3221500,VOO,2019-05-16
261.8900146484375,265.0199890136719,261.8599853515625,262.6099853515625,236.51133728027344,2719500,VOO,2019-05-17
260.8999938964844,262.1099853515625,260.0199890136719,260.82000732421875,234.89926147460938,2762600,VOO,2019-05-20
262.5,263.510009765625,262.25,263.0299987792969,236.8895263671875,2760500,VOO,2019-05-21
262.1199951171875,263.2900085449219,261.8699951171875,262.30999755859375,236.24110412597656,3421500,VOO,2019-05-22
260.0799865722656,260.1000061035156,257.67999267578125,259.239990234375,233.4762420654297,3813200,VOO,2019-05-23
260.6000061035156,260.989990234375,259.05999755859375,259.69000244140625,233.8814697265625,1833100,VOO,2019-05-24
259.9599914550781,260.9599914550781,257.2900085449219,257.3599853515625,231.7830352783203,2565900,VOO,2019-05-28
256.1300048828125,256.5199890136719,254.10000610351562,255.58999633789062,230.18893432617188,4593500,VOO,2019-05-29
256.2799987792969,257.17999267578125,255.13999938964844,256.29998779296875,230.82839965820312,2977200,VOO,2019-05-30
253.6300048828125,254.49000549316406,252.77000427246094,252.8699951171875,227.73927307128906,3698600,VOO,2019-05-31
252.8300018310547,253.9600067138672,250.77000427246094,252.1199951171875,227.06382751464844,3825600,VOO,2019-06-03
254.47999572753906,257.760009765625,254.02999877929688,257.6700134277344,232.0623016357422,3536300,VOO,2019-06-04
259.239990234375,259.8800048828125,257.4200134277344,259.8500061035156,234.025634765625,2646500,VOO,2019-06-05
260.1700134277344,262.260009765625,259.510009765625,261.5400085449219,235.54763793945312,2277500,VOO,2019-06-06
262.6199951171875,265.2900085449219,262.45001220703125,264.1499938964844,237.89820861816406,1877400,VOO,2019-06-07
265.760009765625,267.1000061035156,265.29998779296875,265.3900146484375,239.01504516601562,2845900,VOO,2019-06-10
267.25,267.6499938964844,264.69000244140625,265.3399963378906,238.9700469970703,1894500,VOO,2019-06-11
265.1199951171875,265.70001220703125,264.3599853515625,264.8399963378906,238.5196990966797,1711900,VOO,2019-06-12
265.82000732421875,266.3599853515625,265.1099853515625,266.0199890136719,239.58242797851562,1813700,VOO,2019-06-13
265.7099914550781,266.2900085449219,264.9100036621094,265.6199951171875,239.22210693359375,1203300,VOO,2019-06-14
265.94000244140625,266.55999755859375,265.6199951171875,265.8599853515625,239.43829345703125,1782500,VOO,2019-06-17
267.6499938964844,269.6600036621094,267.29998779296875,268.510009765625,241.82501220703125,2340700,VOO,2019-06-18
268.739990234375,269.7200012207031,267.760009765625,269.2200012207031,242.46437072753906,1684500,VOO,2019-06-19
271.94000244140625,272.19000244140625,269.7300109863281,271.7300109863281,244.7249755859375,3288100,VOO,2019-06-20
271.5299987792969,272.7900085449219,271.1700134277344,271.4100036621094,244.43673706054688,2226000,VOO,2019-06-21
271.5899963378906,271.9200134277344,270.8999938964844,271.05999755859375,244.12156677246094,3518400,VOO,2019-06-24
271.1000061035156,271.1300048828125,268.2699890136719,268.3800048828125,241.70791625976562,2287100,VOO,2019-06-25
269.29998779296875,269.82000732421875,268.0199890136719,268.1199951171875,241.4737091064453,2988700,VOO,2019-06-26
267.489990234375,268.19000244140625,267.1700134277344,267.6700134277344,242.3211212158203,2054600,VOO,2019-06-27
268.70001220703125,269.54998779296875,268.17999267578125,269.1499938964844,243.660888671875,2883300,VOO,2019-06-28
272.4599914550781,272.6499938964844,270.29998779296875,271.44000244140625,245.73397827148438,4497900,VOO,2019-07-01
271.4700012207031,272.25,270.6199951171875,272.2300109863281,246.44920349121094,3040700,VOO,2019-07-02
272.9100036621094,274.3699951171875,272.760009765625,274.32000732421875,248.3413848876953,2335800,VOO,2019-07-03
273.1400146484375,274.25,271.8599853515625,273.9700012207031,248.0244598388672,3362500,VOO,2019-07-05
272.7900085449219,273.05999755859375,272.0299987792969,272.6000061035156,246.7841796875,3131800,VOO,2019-07-08
271.3999938964844,273.2200012207031,271.3399963378906,272.94000244140625,247.0919952392578,2532900,VOO,2019-07-09
274.0199890136719,275.19000244140625,273.4599914550781,274.2099914550781,248.2416534423828,2853200,VOO,2019-07-10
274.8699951171875,275.1099853515625,273.8500061035156,274.760009765625,248.73968505859375,2249400,VOO,2019-07-11
275.3900146484375,276.19000244140625,275.05999755859375,276.1099853515625,249.96177673339844,2932300,VOO,2019-07-12
276.5299987792969,276.54998779296875,275.7099914550781,276.17999267578125,250.02513122558594,1466200,VOO,2019-07-15
276.1199951171875,276.2699890136719,274.989990234375,275.2799987792969,249.2103729248047,1564000,VOO,2019-07-16
275.2799987792969,275.3999938964844,273.4200134277344,273.4200134277344,247.5265350341797,1758100,VOO,2019-07-17
272.9100036621094,274.7900085449219,272.4700012207031,274.4200134277344,248.43191528320312,3461100,VOO,2019-07-18
275.5199890136719,275.5400085449219,272.70001220703125,272.95001220703125,247.10096740722656,2319400,VOO,2019-07-19
273.32000732421875,274.1099853515625,272.7900085449219,273.6099853515625,247.69854736328125,1304100,VOO,2019-07-22
274.7099914550781,275.5,273.8900146484375,275.489990234375,249.4005126953125,1753000,VOO,2019-07-23
274.7799987792969,276.7900085449219,274.6700134277344,276.760009765625,250.5502166748047,1669900,VOO,2019-07-24
276.4100036621094,276.4100036621094,274.67999267578125,275.4100036621094,249.32809448242188,1874200,VOO,2019-07-25
276.20001220703125,277.54998779296875,276.1000061035156,277.3800048828125,251.11151123046875,1796900,VOO,2019-07-26
277.2300109863281,277.2699890136719,276.260009765625,276.8800048828125,250.65887451171875,2925900,VOO,2019-07-29
275.45001220703125,276.55999755859375,275.0400085449219,276.2099914550781,250.05230712890625,1751100,VOO,2019-07-30
276.3900146484375,276.6099853515625,271.07000732421875,273.0799865722656,247.21868896484375,4910000,VOO,2019-07-31
273.2799987792969,276.2799987792969,269.94000244140625,270.7900085449219,245.14561462402344,6921000,VOO,2019-08-01
269.8900146484375,270.0799865722656,267.1499938964844,268.80999755859375,243.3530731201172,5310400,VOO,2019-08-02
264.57000732421875,264.67999267578125,258.70001220703125,260.8800048828125,236.17413330078125,7354000,VOO,2019-08-05
262.5299987792969,264.4700012207031,261.05999755859375,264.239990234375,239.21591186523438,4366800,VOO,2019-08-06
261.1600036621094,265.2300109863281,258.989990234375,264.4200134277344,239.37887573242188,4261200,VOO,2019-08-07
266.0,269.5899963378906,265.3999938964844,269.5799865722656,244.0501708984375,3618800,VOO,2019-08-08
268.7200012207031,269.2900085449219,266.0,267.70001220703125,242.34828186035156,2616300,VOO,2019-08-09
266.239990234375,266.7900085449219,263.57000732421875,264.55999755859375,239.5055389404297,2104500,VOO,2019-08-12
264.2200012207031,270.1000061035156,263.9100036621094,268.6600036621094,243.21731567382812,3402300,VOO,2019-08-13
264.55999755859375,265.1499938964844,260.57000732421875,260.57000732421875,235.8934326171875,4354800,VOO,2019-08-14
261.6199951171875,262.2699890136719,259.3399963378906,261.3900146484375,236.63580322265625,2775200,VOO,2019-08-15
263.07000732421875,265.67999267578125,263.0199890136719,265.2200012207031,240.1031494140625,2432700,VOO,2019-08-16
268.3599853515625,269.1400146484375,267.6400146484375,268.4800109863281,243.0543975830078,1430800,VOO,2019-08-19
267.9800109863281,268.489990234375,266.2900085449219,266.3999938964844,241.17137145996094,1865000,VOO,2019-08-20
268.5799865722656,268.92999267578125,267.9200134277344,268.55999755859375,243.12684631347656,2007400,VOO,2019-08-21
269.2799987792969,269.9100036621094,266.70001220703125,268.4599914550781,243.03622436523438,1883700,VOO,2019-08-22
267.19000244140625,268.8399963378906,260.3299865722656,261.57000732421875,236.7987823486328,4184200,VOO,2019-08-23
263.80999755859375,264.4700012207031,262.2699890136719,264.4700012207031,239.4241485595703,2260000,VOO,2019-08-26
265.9200134277344,266.260009765625,262.7099914550781,263.42999267578125,238.48257446289062,2490400,VOO,2019-08-27
262.7300109863281,265.45001220703125,262.0,265.260009765625,240.1393585205078,3124000,VOO,2019-08-28
267.9100036621094,269.2300109863281,266.8999938964844,268.7099914550781,243.26258850097656,3128700,VOO,2019-08-29
270.1499938964844,270.2099914550781,267.6600036621094,268.6000061035156,243.1630096435547,4209200,VOO,2019-08-30
266.8299865722656,267.79998779296875,265.67999267578125,267.1099853515625,241.81407165527344,3368500,VOO,2019-09-03
269.25,270.05999755859375,268.4800109863281,269.9700012207031,244.4032745361328,1486100,VOO,2019-09-04
272.57000732421875,274.44000244140625,272.4599914550781,273.5400085449219,247.63519287109375,1755800,VOO,2019-09-05
273.92999267578125,274.3900146484375,273.19000244140625,273.739990234375,247.8162384033203,1890800,VOO,2019-09-06
274.79998779296875,274.8299865722656,272.9599914550781,273.80999755859375,247.87954711914062,2158500,VOO,2019-09-09
273.1099853515625,273.8800048828125,271.8699951171875,273.8699951171875,247.9339141845703,1870400,VOO,2019-09-10
274.1499938964844,275.8399963378906,273.5,275.8399963378906,249.7173309326172,2080300,VOO,2019-09-11
276.7099914550781,277.79998779296875,275.94000244140625,276.6499938964844,250.45062255859375,2433700,VOO,2019-09-12
277.2099914550781,277.5400085449219,276.1499938964844,276.5799865722656,250.38726806640625,2292000,VOO,2019-09-13
275.3800048828125,276.1000061035156,275.0400085449219,275.6700134277344,249.5635528564453,1432400,VOO,2019-09-16
275.4599914550781,276.4800109863281,275.3399963378906,276.4200134277344,250.242431640625,1789200,VOO,2019-09-17
276.0,276.67999267578125,273.95001220703125,276.5899963378906,250.3963623046875,2028700,VOO,2019-09-18
277.0,277.9800109863281,276.2300109863281,276.5299987792969,250.34197998046875,2267900,VOO,2019-09-19
277.17999267578125,277.4100036621094,274.5,275.04998779296875,249.00218200683594,2052700,VOO,2019-09-20
274.5899963378906,275.8999938964844,274.3299865722656,275.239990234375,249.1741180419922,1286400,VOO,2019-09-23
276.30999755859375,276.67999267578125,272.05999755859375,272.9599914550781,247.11012268066406,5124900,VOO,2019-09-24
273.0799865722656,275.0799865722656,271.6000061035156,274.6300048828125,248.6219482421875,2649200,VOO,2019-09-25
273.3399963378906,273.54998779296875,271.3500061035156,272.7900085449219,248.13169860839844,2355000,VOO,2019-09-26
273.55999755859375,273.5899963378906,269.7200012207031,271.260009765625,246.73995971679688,2836500,VOO,2019-09-27
271.82000732421875,273.2699890136719,271.7900085449219,272.6000061035156,247.95883178710938,2735200,VOO,2019-09-30
273.44000244140625,274.0799865722656,269.0899963378906,269.32000732421875,244.97532653808594,3696000,VOO,2019-10-01
267.7300109863281,267.7300109863281,263.25,264.57000732421875,240.6547088623047,4463500,VOO,2019-10-02
264.3500061035156,266.7300109863281,261.5899963378906,266.6700134277344,242.56492614746094,2988800,VOO,2019-10-03
267.45001220703125,270.55999755859375,267.3599853515625,270.3699951171875,245.9304962158203,1907800,VOO,2019-10-04
269.55999755859375,271.1600036621094,268.8999938964844,269.2099914550781,244.875244140625,1821900,VOO,2019-10-07
267.2799987792969,268.0199890136719,264.9599914550781,265.0299987792969,241.0730438232422,2153100,VOO,2019-10-08
267.0400085449219,268.44000244140625,266.3900146484375,267.5,243.31983947753906,1921200,VOO,2019-10-09
267.4200134277344,270.20001220703125,267.25,269.32000732421875,244.97532653808594,1559300,VOO,2019-10-10
272.1000061035156,274.3500061035156,271.94000244140625,272.1300048828125,247.5313262939453,2806500,VOO,2019-10-11
271.7900085449219,272.45001220703125,271.4800109863281,271.8800048828125,247.30389404296875,1215500,VOO,2019-10-14
272.8699951171875,275.25,272.7699890136719,274.510009765625,249.6962432861328,1783800,VOO,2019-10-15
274.07000732421875,274.7300109863281,273.6199951171875,274.0799865722656,249.3050079345703,1150800,VOO,2019-10-16
275.239990234375,275.7200012207031,274.19000244140625,274.82000732421875,249.9781036376953,3100600,VOO,2019-10-17
274.3599853515625,274.9700012207031,272.80999755859375,273.69000244140625,248.9503173828125,1152200,VOO,2019-10-18
275.04998779296875,275.7200012207031,274.57000732421875,275.6000061035156,250.68768310546875,3017500,VOO,2019-10-21
276.0899963378906,276.3299865722656,274.5199890136719,274.6300048828125,249.8053436279297,1601500,VOO,2019-10-22
274.4100036621094,275.4800109863281,274.17999267578125,275.44000244140625,250.5421142578125,1296500,VOO,2019-10-23
276.3800048828125,276.510009765625,275.04998779296875,275.8900146484375,250.95150756835938,2220600,VOO,2019-10-24
275.3299865722656,277.5400085449219,275.2799987792969,277.0400085449219,251.99752807617188,5500900,VOO,2019-10-25
278.2200012207031,279.07000732421875,278.2200012207031,278.6499938964844,253.4619598388672,1795900,VOO,2019-10-28
278.32000732421875,279.42999267578125,278.17999267578125,278.4700012207031,253.2982635498047,1599200,VOO,2019-10-29
278.69000244140625,279.69000244140625,277.3800048828125,279.45001220703125,254.18959045410156,1811300,VOO,2019-10-30
279.3500061035156,279.3500061035156,277.1499938964844,278.54998779296875,253.37100219726562,2312100,VOO,2019-10-31
280.04998779296875,281.2099914550781,279.9100036621094,281.20001220703125,255.7815399169922,2361900,VOO,2019-11-01
282.7900085449219,282.8999938964844,281.9599914550781,282.32000732421875,256.80023193359375,3797500,VOO,2019-11-04
282.5799865722656,282.82000732421875,281.7099914550781,281.9599914550781,256.47271728515625,2995600,VOO,2019-11-05
282.0400085449219,282.3399963378906,281.1199951171875,282.1099853515625,256.6091613769531,1457200,VOO,2019-11-06
283.4599914550781,284.2300109863281,282.5799865722656,283.1099853515625,257.5188903808594,2689600,VOO,2019-11-07
282.739990234375,283.79998779296875,282.0,283.79998779296875,258.14642333984375,2328700,VOO,2019-11-08
282.42999267578125,283.3699951171875,282.239990234375,283.25,257.6461181640625,1123700,VOO,2019-11-11
283.5799865722656,284.7200012207031,283.0299987792969,283.80999755859375,258.1555480957031,1737600,VOO,2019-11-12
282.8299865722656,284.32000732421875,282.5899963378906,283.92999267578125,258.2647399902344,1721400,VOO,2019-11-13
283.6400146484375,284.3999938964844,282.989990234375,284.30999755859375,258.6103820800781,2244000,VOO,2019-11-14
285.6400146484375,286.42999267578125,285.0,286.42999267578125,260.5386657714844,1892400,VOO,2019-11-15
286.17999267578125,286.8500061035156,285.7099914550781,286.6099853515625,260.7023620605469,2278500,VOO,2019-11-18
287.239990234375,287.239990234375,285.8800048828125,286.4700012207031,260.57501220703125,3212500,VOO,2019-11-19
285.9100036621094,286.4200134277344,283.8900146484375,285.4599914550781,259.6563720703125,2816300,VOO,2019-11-20
285.5199890136719,285.6400146484375,284.1700134277344,285.0199890136719,259.2562561035156,2307200,VOO,2019-11-21
285.75,285.8599853515625,284.6000061035156,285.6499938964844,259.8292236328125,1266500,VOO,2019-11-22
286.6000061035156,287.8399963378906,286.57000732421875,287.82000732421875,261.8030090332031,2040300,VOO,2019-11-25
287.9100036621094,288.67999267578125,287.57000732421875,288.3999938964844,262.33062744140625,1795700,VOO,2019-11-26
289.05999755859375,289.7799987792969,288.760009765625,289.760009765625,263.5677185058594,1631500,VOO,2019-11-27
289.25,289.4800109863281,288.4800109863281,288.6499938964844,262.5580749511719,1988500,VOO,2019-11-29
289.0299987792969,289.0299987792969,285.8399963378906,286.29998779296875,260.4204406738281,4416100,VOO,2019-12-02
283.5199890136719,284.42999267578125,282.1000061035156,284.2900085449219,258.5921936035156,3236000,VOO,2019-12-03
285.4100036621094,286.70001220703125,285.07000732421875,286.1099853515625,260.24761962890625,3188800,VOO,2019-12-04
286.8299865722656,286.8299865722656,285.2900085449219,286.6400146484375,260.729736328125,1597200,VOO,2019-12-05
288.5799865722656,289.6499938964844,288.54998779296875,289.19000244140625,263.0492858886719,1609400,VOO,2019-12-06
288.8699951171875,289.5199890136719,288.2699890136719,288.30999755859375,262.2488098144531,1478900,VOO,2019-12-09
288.30999755859375,288.94000244140625,287.3500061035156,288.0400085449219,262.003173828125,1822700,VOO,2019-12-10
288.45001220703125,289.0799865722656,288.0799865722656,288.7900085449219,262.685302734375,1835400,VOO,2019-12-11
288.8500061035156,292.1000061035156,288.6099853515625,291.3299865722656,264.9956970214844,3276600,VOO,2019-12-12
291.0899963378906,292.760009765625,290.29998779296875,291.44000244140625,265.0959167480469,3519600,VOO,2019-12-13
293.260009765625,294.1099853515625,293.2200012207031,293.5,266.9695739746094,3141900,VOO,2019-12-16
293.989990234375,294.19000244140625,293.5,293.55999755859375,267.0242004394531,3658200,VOO,2019-12-17
294.0199890136719,294.2200012207031,293.57000732421875,293.5799865722656,267.0423889160156,3294400,VOO,2019-12-18
293.7799987792969,294.8800048828125,293.75,294.79998779296875,268.15216064453125,2331600,VOO,2019-12-19
295.8900146484375,296.760009765625,295.7799987792969,296.29998779296875,269.51641845703125,4985600,VOO,2019-12-20
295.489990234375,295.5299987792969,294.989990234375,295.1600036621094,269.7806701660156,2325200,VOO,2019-12-23
295.3599853515625,295.3999938964844,294.8500061035156,295.1600036621094,269.7806701660156,1305900,VOO,2019-12-24
295.55999755859375,296.69000244140625,295.5199890136719,296.6700134277344,271.1608581542969,2390300,VOO,2019-12-26
297.510009765625,297.510009765625,296.1499938964844,296.6700134277344,271.1608581542969,2225400,VOO,2019-12-27
296.75,296.8399963378906,294.510009765625,295.0400085449219,269.67095947265625,2345400,VOO,2019-12-30
294.5299987792969,295.989990234375,294.1700134277344,295.79998779296875,270.3656005859375,2512700,VOO,2019-12-31
297.2900085449219,298.45001220703125,296.3399963378906,298.4200134277344,272.7603759765625,3142400,VOO,2020-01-02
295.2200012207031,297.3599853515625,295.0400085449219,296.239990234375,270.767822265625,3247900,VOO,2020-01-03
294.4200134277344,297.4200134277344,294.3500061035156,297.3500061035156,271.78240966796875,2777100,VOO,2020-01-06
296.82000732421875,297.2699890136719,296.05999755859375,296.5299987792969,271.0328369140625,2251800,VOO,2020-01-07
296.7099914550781,299.30999755859375,296.4700012207031,298.05999755859375,272.4313049316406,3719500,VOO,2020-01-08
299.7300109863281,300.19000244140625,299.0899963378906,300.1199951171875,274.3141784667969,2168500,VOO,2020-01-09
300.739990234375,300.8599853515625,298.7900085449219,299.260009765625,273.5281677246094,3666800,VOO,2020-01-10
299.9100036621094,301.32000732421875,299.4800109863281,301.239990234375,275.337890625,2728000,VOO,2020-01-13
300.8900146484375,301.9100036621094,300.32000732421875,300.8399963378906,274.97235107421875,2620100,VOO,2020-01-14
300.80999755859375,302.29998779296875,300.69000244140625,301.510009765625,275.58465576171875,2822300,VOO,2020-01-15
302.94000244140625,304.0400085449219,302.7099914550781,304.0299987792969,277.88800048828125,2582600,VOO,2020-01-16
304.7699890136719,305.20001220703125,304.20001220703125,305.05999755859375,278.829345703125,2218000,VOO,2020-01-17
304.0799865722656,305.2200012207031,304.0,304.42999267578125,278.25360107421875,2757900,VOO,2020-01-21
305.30999755859375,305.9200134277344,304.32000732421875,304.510009765625,278.3267822265625,2765300,VOO,2020-01-22
303.8399963378906,304.9700012207031,302.6600036621094,304.80999755859375,278.6009521484375,2673100,VOO,2020-01-23
305.4200134277344,305.5199890136719,300.80999755859375,302.0299987792969,276.0599365234375,3448200,VOO,2020-01-24
296.8399963378906,298.7300109863281,296.45001220703125,297.2300109863281,271.6726989746094,4302000,VOO,2020-01-27
298.70001220703125,301.2200012207031,298.2200012207031,300.45001220703125,274.6159362792969,3562500,VOO,2020-01-28
301.7799987792969,301.94000244140625,299.9200134277344,300.1499938964844,274.3415832519531,2739400,VOO,2020-01-29
298.0400085449219,301.2900085449219,297.29998779296875,301.0899963378906,275.2007751464844,4432700,VOO,2020-01-30
300.44000244140625,300.6000061035156,294.7200012207031,295.69000244140625,270.2651062011719,6184700,VOO,2020-01-31
297.1199951171875,299.6700134277344,297.0299987792969,297.8399963378906,272.2302551269531,3205200,VOO,2020-02-03
301.5,303.2300109863281,301.1600036621094,302.42999267578125,276.42559814453125,2292800,VOO,2020-02-04
305.3999938964844,306.0799865722656,303.8699951171875,305.8500061035156,279.55145263671875,3049900,VOO,2020-02-05
306.79998779296875,307.0799865722656,305.80999755859375,306.8900146484375,280.5021057128906,1925500,VOO,2020-02-06
305.8299865722656,306.5899963378906,304.739990234375,305.3299865722656,279.076171875,2249000,VOO,2020-02-07
304.3900146484375,307.55999755859375,304.3500061035156,307.5199890136719,281.0779113769531,2246900,VOO,2020-02-10
308.92999267578125,309.69000244140625,307.6099853515625,308.0799865722656,281.58978271484375,2438800,VOO,2020-02-11
309.55999755859375,310.2699890136719,309.1700134277344,310.05999755859375,283.39947509765625,2115800,VOO,2020-02-12
308.6000061035156,310.7200012207031,308.3599853515625,309.760009765625,283.1253356933594,2043400,VOO,2020-02-13
310.1099853515625,310.3299865722656,309.0,310.2799987792969,283.6005554199219,1637000,VOO,2020-02-14
309.239990234375,309.82000732421875,308.0299987792969,309.42999267578125,282.8236389160156,3000300,VOO,2020-02-18
310.4200134277344,311.5899963378906,310.1199951171875,310.9200134277344,284.185546875,2257500,VOO,2020-02-19
310.3500061035156,311.19000244140625,306.6700134277344,309.70001220703125,283.0704345703125,4617300,VOO,2020-02-20
308.29998779296875,308.5799865722656,305.6199951171875,306.489990234375,280.136474609375,2678000,VOO,2020-02-21
296.9599914550781,299.3800048828125,295.1700134277344,296.239990234375,270.767822265625,7097000,VOO,2020-02-24
297.7300109863281,298.2300109863281,286.3599853515625,287.3399963378906,262.633056640625,8465800,VOO,2020-02-25
288.6099853515625,292.2799987792969,285.4800109863281,286.07000732421875,261.4722595214844,10233700,VOO,2020-02-26
280.57000732421875,284.4800109863281,273.3599853515625,273.3900146484375,249.8825225830078,14897000,VOO,2020-02-27
265.32000732421875,272.9200134277344,262.25,271.739990234375,248.3744659423828,23179600,VOO,2020-02-28
274.0,284.0400085449219,270.489990234375,283.8699951171875,259.46142578125,12428600,VOO,2020-03-02
284.3399963378906,288.32000732421875,273.3599853515625,276.0400085449219,252.3046875,9805900,VOO,2020-03-03
281.2300109863281,287.6499938964844,278.70001220703125,287.4800109863281,262.7610168457031,5253900,VOO,2020-03-04
280.29998779296875,283.4100036621094,275.6099853515625,277.8500061035156,253.95912170410156,6220000,VOO,2020-03-05
269.32000732421875,274.4599914550781,266.6000061035156,273.19000244140625,249.6997833251953,6669100,VOO,2020-03-06
253.88999938964844,260.989990234375,251.14999389648438,252.11000061035156,230.4323272705078,16425900,VOO,2020-03-09
260.4800109863281,263.80999755859375,250.0,263.80999755859375,242.25830078125,10879100,VOO,2020-03-10
256.6600036621094,257.7200012207031,247.6199951171875,250.72999572753906,230.24684143066406,11480100,VOO,2020-03-11
234.94000244140625,243.67999267578125,225.80999755859375,226.47999572753906,207.97793579101562,24669300,VOO,2020-03-12
240.66000366210938,247.77999877929688,228.10000610351562,247.63999938964844,227.4092559814453,19533600,VOO,2020-03-13
222.85000610351562,234.77000427246094,218.13999938964844,218.57000732421875,200.71408081054688,17271500,VOO,2020-03-16
223.75,233.9499969482422,216.60000610351562,232.8800048828125,213.85507202148438,15115500,VOO,2020-03-17
216.0800018310547,224.74000549316406,208.30999755859375,220.14999389648438,202.16500854492188,20177500,VOO,2020-03-18
218.42999267578125,226.0,212.11000061035156,220.33999633789062,202.33949279785156,12441200,VOO,2020-03-19
222.8000030517578,224.55999755859375,210.0500030517578,210.74000549316406,193.52377319335938,11533200,VOO,2020-03-20
209.6300048828125,210.77999877929688,200.5500030517578,204.27000427246094,187.5823516845703,14128200,VOO,2020-03-23
216.38999938964844,224.3000030517578,214.8300018310547,223.75,205.470947265625,13160800,VOO,2020-03-24
225.0,235.50999450683594,220.32000732421875,226.6199951171875,208.10647583007812,11876400,VOO,2020-03-25
229.27000427246094,241.44000244140625,228.85000610351562,240.24000549316406,220.61380004882812,12411100,VOO,2020-03-26
232.6999969482422,239.63999938964844,230.66000366210938,232.86000061035156,213.83673095703125,11170600,VOO,2020-03-27
234.9199981689453,241.10000610351562,232.97000122070312,240.38999938964844,220.75152587890625,8727800,VOO,2020-03-30
239.4499969482422,241.94000244140625,235.44000244140625,236.82000732421875,217.47320556640625,10386300,VOO,2020-03-31
227.9199981689453,231.0500030517578,224.1300048828125,226.14999389648438,207.67486572265625,13710100,VOO,2020-04-01
225.3300018310547,232.17999267578125,224.72000122070312,231.44000244140625,212.53269958496094,6547000,VOO,2020-04-02
230.42999267578125,232.7100067138672,225.33999633789062,228.02000427246094,209.39212036132812,5490200,VOO,2020-04-03
236.9600067138672,245.3000030517578,235.92999267578125,243.52999877929688,223.63502502441406,7624000,VOO,2020-04-06
251.9199981689453,252.8000030517578,243.4600067138672,243.66000366210938,223.75442504882812,12936600,VOO,2020-04-07
246.24000549316406,253.0500030517578,244.0500030517578,251.92999267578125,231.3488006591797,6958600,VOO,2020-04-08
255.1199951171875,258.3900146484375,253.13999938964844,255.6699981689453,234.78326416015625,8812600,VOO,2020-04-09
254.63999938964844,254.9499969482422,249.3800048828125,253.19000244140625,232.50587463378906,7666400,VOO,2020-04-13
258.239990234375,261.6300048828125,257.2099914550781,260.9200134277344,239.60440063476562,6631100,VOO,2020-04-14
255.0800018310547,256.8999938964844,253.11000061035156,255.24000549316406,234.38839721679688,4888900,VOO,2020-04-15
256.510009765625,257.29998779296875,253.39999389648438,256.5299987792969,235.57302856445312,6165700,VOO,2020-04-16
262.30999755859375,264.0,259.5,263.6099853515625,242.0745849609375,6738800,VOO,2020-04-17
259.6499938964844,263.1000061035156,258.5799865722656,258.8599853515625,237.71263122558594,6498700,VOO,2020-04-20
254.25,255.49000549316406,250.0,250.9499969482422,230.4488525390625,6526100,VOO,2020-04-21
255.8300018310547,258.2300109863281,254.47999572753906,256.4700012207031,235.51788330078125,5626800,VOO,2020-04-22
257.75,260.8999938964844,256.20001220703125,256.4200134277344,235.4720001220703,7665400,VOO,2020-04-23
258.0,260.70001220703125,255.94000244140625,260.1400146484375,238.8881072998047,4768200,VOO,2020-04-24
262.010009765625,264.9100036621094,261.57000732421875,263.8999938964844,242.34091186523438,3892200,VOO,2020-04-27
267.4800109863281,267.7900085449219,262.29998779296875,262.67999267578125,241.2205810546875,5849500,VOO,2020-04-28
267.9800109863281,271.0,266.9100036621094,269.45001220703125,247.4376220703125,6773100,VOO,2020-04-29
268.0799865722656,268.5799865722656,265.2300109863281,267.1000061035156,245.27960205078125,7386600,VOO,2020-04-30
262.1400146484375,262.8500061035156,258.739990234375,259.82000732421875,238.59423828125,4790700,VOO,2020-05-01
257.9200134277344,260.8999938964844,256.5299987792969,260.6400146484375,239.34722900390625,4128900,VOO,2020-05-04
263.45001220703125,265.80999755859375,262.6000061035156,263.0400085449219,241.55117797851562,4437200,VOO,2020-05-05
264.7099914550781,265.1099853515625,261.1400146484375,261.2699890136719,239.9257354736328,3021400,VOO,2020-05-06
264.45001220703125,266.29998779296875,263.8999938964844,264.3599853515625,242.7633056640625,3410200,VOO,2020-05-07
267.5299987792969,269.1400146484375,266.3800048828125,268.7799987792969,246.82220458984375,3201100,VOO,2020-05-08
266.7799987792969,270.20001220703125,266.42999267578125,268.82000732421875,246.85894775390625,3469300,VOO,2020-05-11
269.9800109863281,270.3999938964844,263.3299865722656,263.4100036621094,241.89089965820312,5159900,VOO,2020-05-12
262.8699951171875,263.8999938964844,256.3599853515625,258.739990234375,237.60244750976562,5617500,VOO,2020-05-13
256.3299865722656,262.0,253.97000122070312,261.8599853515625,240.4675750732422,7737600,VOO,2020-05-14
259.5400085449219,263.1099853515625,258.55999755859375,263.0400085449219,241.55117797851562,3385900,VOO,2020-05-15
269.32000732421875,272.70001220703125,269.05999755859375,271.0799865722656,248.93429565429688,6759200,VOO,2020-05-18
270.6099853515625,272.25,268.3399963378906,268.5199890136719,246.58340454101562,4921100,VOO,2020-05-19
271.9200134277344,273.7900085449219,271.69000244140625,272.8999938964844,250.6056365966797,4896200,VOO,2020-05-20
272.79998779296875,273.5899963378906,269.95001220703125,270.94000244140625,248.80584716796875,3581300,VOO,2020-05-21
270.760009765625,271.7200012207031,269.5,271.54998779296875,249.36593627929688,2296400,VOO,2020-05-22
277.5299987792969,277.739990234375,274.54998779296875,275.0400085449219,252.5708770751953,4911800,VOO,2020-05-26
277.7799987792969,279.04998779296875,272.8599853515625,279.04998779296875,256.2532653808594,5152400,VOO,2020-05-27
280.0299987792969,282.0400085449219,277.80999755859375,278.5,255.74830627441406,4630600,VOO,2020-05-28
278.0299987792969,280.3500061035156,275.3599853515625,279.75,256.8961181640625,7049300,VOO,2020-05-29
279.07000732421875,281.489990234375,278.57000732421875,280.9700012207031,258.016357421875,3888200,VOO,2020-06-01
281.7900085449219,283.2799987792969,280.4599914550781,283.2799987792969,260.13763427734375,4343900,VOO,2020-06-02
285.20001220703125,287.92999267578125,284.92999267578125,287.0199890136719,263.5721435546875,5568100,VOO,2020-06-03
286.0,287.75,284.20001220703125,286.2900085449219,262.9018249511719,3818600,VOO,2020-06-04
291.6300048828125,295.3800048828125,291.6099853515625,293.6099853515625,269.623779296875,6015500,VOO,2020-06-05
294.42999267578125,297.32000732421875,293.8800048828125,297.1700134277344,272.8929443359375,5559700,VOO,2020-06-08
294.489990234375,296.3900146484375,293.6300048828125,295.05999755859375,270.9553527832031,4686400,VOO,2020-06-09
295.5299987792969,296.3900146484375,292.5899963378906,293.2200012207031,269.26556396484375,5602600,VOO,2020-06-10
286.3599853515625,286.9200134277344,275.79998779296875,276.32000732421875,253.7462615966797,7748200,VOO,2020-06-11
283.3500061035156,284.1499938964844,274.5,279.6499938964844,256.8042907714844,6232200,VOO,2020-06-12
273.9100036621094,283.3500061035156,272.7699890136719,282.20001220703125,259.1459655761719,4431400,VOO,2020-06-15
290.04998779296875,290.20001220703125,282.8299865722656,287.7200012207031,264.2149658203125,5295000,VOO,2020-06-16
288.7300109863281,289.0199890136719,285.8800048828125,286.3999938964844,263.0028381347656,2662800,VOO,2020-06-17
284.9700012207031,287.1199951171875,284.54998779296875,286.6600036621094,263.2415466308594,2756300,VOO,2020-06-18
290.0400085449219,290.2699890136719,283.6700134277344,284.9700012207031,261.6896057128906,3479500,VOO,2020-06-19
284.3500061035156,287.19000244140625,283.260009765625,286.8599853515625,263.4252014160156,2518000,VOO,2020-06-22
289.510009765625,290.42999267578125,287.760009765625,288.1600036621094,264.6189880371094,2503600,VOO,2020-06-23
286.0799865722656,286.70001220703125,278.9700012207031,280.7900085449219,257.85107421875,4532300,VOO,2020-06-24
280.260009765625,284.1000061035156,278.2200012207031,283.760009765625,260.5784912109375,3897400,VOO,2020-06-25
282.7200012207031,282.9200134277344,276.5199890136719,277.1099853515625,254.4717254638672,4479000,VOO,2020-06-26
276.8900146484375,279.7200012207031,274.7200012207031,279.70001220703125,258.1852722167969,3464600,VOO,2020-06-29
279.2900085449219,284.95001220703125,279.1499938964844,283.42999267578125,261.62841796875,5215700,VOO,2020-06-30
284.3699951171875,286.510009765625,283.95001220703125,285.3699951171875,263.4190979003906,3712600,VOO,2020-07-01
288.760009765625,290.04998779296875,286.17999267578125,286.80999755859375,264.74835205078125,3661100,VOO,2020-07-02
290.6700134277344,291.5799865722656,289.8999938964844,291.260009765625,268.8560791015625,3573800,VOO,2020-07-06
289.6700134277344,291.67999267578125,287.8900146484375,288.239990234375,266.0682678222656,3420300,VOO,2020-07-07
289.0,290.54998779296875,287.2900085449219,290.3800048828125,268.0437927246094,2434200,VOO,2020-07-08
291.0199890136719,291.29998779296875,285.4100036621094,288.8999938964844,266.67767333984375,3164600,VOO,2020-07-09
288.7200012207031,292.010009765625,287.3399963378906,291.79998779296875,269.3545227050781,2712400,VOO,2020-07-10
294.1000061035156,296.45001220703125,288.6099853515625,289.1600036621094,266.9176940917969,3657900,VOO,2020-07-13
287.7900085449219,293.32000732421875,286.6300048828125,293.0299987792969,270.4898681640625,4053100,VOO,2020-07-14
296.19000244140625,296.75,293.3500061035156,295.6300048828125,272.8899841308594,6601400,VOO,2020-07-15
293.79998779296875,295.1099853515625,293.1499938964844,294.7699890136719,272.0960998535156,3082900,VOO,2020-07-16
295.7200012207031,296.3500061035156,293.75,295.54998779296875,272.8160400390625,2246000,VOO,2020-07-17
295.3299865722656,298.67999267578125,294.6000061035156,298.010009765625,275.0868225097656,2539900,VOO,2020-07-20
299.8599853515625,300.3500061035156,297.6600036621094,298.6300048828125,275.6592102050781,3305500,VOO,2020-07-21
298.2200012207031,300.55999755859375,298.1099853515625,300.3299865722656,277.2283935546875,4121100,VOO,2020-07-22
299.92999267578125,300.6199951171875,295.3800048828125,296.739990234375,273.9145202636719,3487100,VOO,2020-07-23
294.8599853515625,295.80999755859375,293.29998779296875,294.82000732421875,272.1422424316406,2851000,VOO,2020-07-24
295.4800109863281,297.1199951171875,294.739990234375,296.9700012207031,274.1269226074219,2253300,VOO,2020-07-27
296.17999267578125,297.3299865722656,294.7900085449219,295.1300048828125,272.4283752441406,3135600,VOO,2020-07-28
296.0,299.260009765625,295.8999938964844,298.70001220703125,275.7237854003906,2370800,VOO,2020-07-29
295.739990234375,298.05999755859375,293.6700134277344,297.6099853515625,274.7176818847656,2951700,VOO,2020-07-30
299.45001220703125,300.1000061035156,295.239990234375,300.1000061035156,277.01611328125,4460300,VOO,2020-07-31
301.6499938964844,302.82000732421875,301.1300048828125,301.989990234375,278.76068115234375,3767700,VOO,2020-08-03
301.2200012207031,303.260009765625,301.2200012207031,303.260009765625,279.9330749511719,2129200,VOO,2020-08-04
304.6099853515625,305.3999938964844,304.30999755859375,305.1499938964844,281.6777648925781,2615100,VOO,2020-08-05
304.5799865722656,307.2900085449219,304.25,307.20001220703125,283.5699768066406,4088200,VOO,2020-08-06
306.2300109863281,307.6000061035156,305.32000732421875,307.3599853515625,283.7176513671875,3319600,VOO,2020-08-07
307.8800048828125,308.5,305.9200134277344,308.3399963378906,284.62225341796875,2118200,VOO,2020-08-10
309.5199890136719,310.1199951171875,305.07000732421875,305.8500061035156,282.32379150390625,3571200,VOO,2020-08-11
308.25,310.80999755859375,308.20001220703125,310.0400085449219,286.1915283203125,2947400,VOO,2020-08-12
309.29998779296875,310.7799987792969,308.55999755859375,309.510009765625,285.7022399902344,4074200,VOO,2020-08-13
309.1499938964844,310.0199890136719,308.3399963378906,309.510009765625,285.7022399902344,2097600,VOO,2020-08-14
310.44000244140625,310.8699951171875,310.0899963378906,310.510009765625,286.6253356933594,2183400,VOO,2020-08-17
310.92999267578125,311.54998779296875,309.2799987792969,311.1600036621094,287.2254333496094,2415800,VOO,2020-08-18
311.54998779296875,312.2799987792969,309.30999755859375,309.8399963378906,286.0068664550781,2498300,VOO,2020-08-19
308.1099853515625,311.2699890136719,308.0199890136719,310.82000732421875,286.9114990234375,2409300,VOO,2020-08-20
310.4800109863281,312.1000061035156,310.1700134277344,311.92999267578125,287.93609619140625,2316200,VOO,2020-08-21
314.3599853515625,315.1700134277344,313.3699951171875,315.1000061035156,290.8623046875,2349600,VOO,2020-08-24
315.69000244140625,316.260009765625,314.5,316.20001220703125,291.8776550292969,2890800,VOO,2020-08-25
316.75,319.6300048828125,316.25,319.42999267578125,294.8592834472656,2606000,VOO,2020-08-26
320.2200012207031,321.5,318.4700012207031,320.07000732421875,295.4500732421875,2295900,VOO,2020-08-27
321.1400146484375,322.2799987792969,319.95001220703125,322.1499938964844,297.36993408203125,3538700,VOO,2020-08-28
321.9800109863281,322.8299865722656,320.79998779296875,321.0199890136719,296.32696533203125,5068000,VOO,2020-08-31
321.80999755859375,324.1000061035156,320.94000244140625,324.0199890136719,299.0961608886719,3008000,VOO,2020-09-01
325.94000244140625,329.6700134277344,324.7799987792969,328.739990234375,303.4531555175781,5273100,VOO,2020-09-02
327.010009765625,327.510009765625,314.80999755859375,317.3599853515625,292.9484558105469,6892000,VOO,2020-09-03
317.7699890136719,319.6000061035156,306.8999938964844,314.82000732421875,290.60382080078125,5133900,VOO,2020-09-04
309.3500061035156,310.5899963378906,305.8500061035156,306.1700134277344,282.61920166015625,4278300,VOO,2020-09-08
310.1499938964844,314.6600036621094,309.2900085449219,312.2099914550781,288.1946105957031,3339800,VOO,2020-09-09
314.04998779296875,314.7099914550781,305.82000732421875,306.75,283.1545104980469,3589000,VOO,2020-09-10
308.54998779296875,309.5899963378906,304.1700134277344,306.9800109863281,283.366943359375,3690100,VOO,2020-09-11
310.0799865722656,312.75,309.6099853515625,310.9700012207031,287.0500183105469,3056100,VOO,2020-09-14
313.4700012207031,314.260009765625,311.5199890136719,312.57000732421875,288.5269470214844,2570900,VOO,2020-09-15
313.80999755859375,315.17999267578125,311.0400085449219,311.30999755859375,287.36383056640625,2313400,VOO,2020-09-16
306.4800109863281,310.2699890136719,305.9599914550781,308.5899963378906,284.85302734375,2848300,VOO,2020-09-17
309.44000244140625,309.4800109863281,302.54998779296875,305.0,281.539306640625,3420800,VOO,2020-09-18
300.4700012207031,301.75,296.8299865722656,301.69000244140625,278.4837646484375,4536800,VOO,2020-09-21
303.1099853515625,305.239990234375,300.6700134277344,304.739990234375,281.2992858886719,2741500,VOO,2020-09-22
305.2799987792969,305.54998779296875,297.1700134277344,297.67999267578125,274.78228759765625,2755800,VOO,2020-09-23
296.30999755859375,301.4599914550781,295.0400085449219,298.5,275.5391540527344,3130700,VOO,2020-09-24
297.5799865722656,304.0400085449219,296.7200012207031,303.2799987792969,279.95147705078125,2683800,VOO,2020-09-25
307.4200134277344,309.0199890136719,306.42999267578125,308.3599853515625,284.6407165527344,2437900,VOO,2020-09-28
306.8399963378906,307.510009765625,304.6499938964844,305.29998779296875,283.017578125,2303900,VOO,2020-09-29
306.0400085449219,310.75,305.8500061035156,307.6499938964844,285.1959533691406,4304500,VOO,2020-09-30
310.1600036621094,311.1099853515625,307.760009765625,309.6000061035156,287.00372314453125,3005700,VOO,2020-10-01
304.7200012207031,308.5799865722656,304.2099914550781,306.7200012207031,284.3338623046875,3125100,VOO,2020-10-02
308.69000244140625,312.2900085449219,308.69000244140625,312.0799865722656,289.302734375,2364500,VOO,2020-10-05
312.25,314.32000732421875,307.17999267578125,307.7200012207031,285.26092529296875,3389800,VOO,2020-10-06
310.6099853515625,313.80999755859375,310.6000061035156,313.0,290.15557861328125,1707800,VOO,2020-10-07
314.9599914550781,315.8500061035156,314.04998779296875,315.7699890136719,292.7234191894531,1731700,VOO,2020-10-08
317.4700012207031,319.1000061035156,316.8500061035156,318.5799865722656,295.3282775878906,2794100,VOO,2020-10-09
321.1400146484375,325.2200012207031,320.6600036621094,323.7200012207031,300.0931091308594,2194300,VOO,2020-10-12
323.6400146484375,323.7300109863281,320.7099914550781,321.6499938964844,298.1742248535156,2229700,VOO,2020-10-13
322.2200012207031,323.29998779296875,318.92999267578125,319.6400146484375,296.31097412109375,1902100,VOO,2020-10-14
315.7099914550781,319.70001220703125,315.2300109863281,319.260009765625,295.9585876464844,2481700,VOO,2020-10-15
320.6499938964844,322.2099914550781,318.8999938964844,318.989990234375,295.7084045410156,1669600,VOO,2020-10-16
320.29998779296875,320.8900146484375,313.3299865722656,314.1700134277344,291.2401428222656,2229600,VOO,2020-10-19
315.4800109863281,318.6700134277344,314.7799987792969,315.4100036621094,292.3896789550781,3066600,VOO,2020-10-20
315.4100036621094,317.5199890136719,314.5899963378906,314.8399963378906,291.8611755371094,2607700,VOO,2020-10-21
315.05999755859375,317.1600036621094,312.989990234375,316.57000732421875,293.4649963378906,2362400,VOO,2020-10-22
317.8399963378906,317.8399963378906,315.239990234375,317.6499938964844,294.4662170410156,1429300,VOO,2020-10-23
314.30999755859375,315.0799865722656,308.3599853515625,311.79998779296875,289.0431213378906,3335800,VOO,2020-10-26
312.17999267578125,312.4700012207031,310.55999755859375,310.7699890136719,288.0882568359375,2196100,VOO,2020-10-27
305.1300048828125,305.739990234375,299.6199951171875,300.07000732421875,278.16925048828125,5650500,VOO,2020-10-28
300.32000732421875,306.25,298.69000244140625,303.2300109863281,281.0986633300781,5365200,VOO,2020-10-29
301.55999755859375,302.8599853515625,296.3699951171875,299.82000732421875,277.9375915527344,5892100,VOO,2020-10-30
303.3699951171875,305.30999755859375,300.6300048828125,303.30999755859375,281.1728515625,4080400,VOO,2020-11-02
306.57000732421875,310.739990234375,306.0899963378906,308.6600036621094,286.13232421875,3378300,VOO,2020-11-03
313.19000244140625,319.6499938964844,312.0,315.6099853515625,292.5750732421875,5750200,VOO,2020-11-04
320.94000244140625,323.54998779296875,320.5199890136719,321.7900085449219,298.3040466308594,3950300,VOO,2020-11-05
321.44000244140625,322.9200134277344,319.42999267578125,321.75,298.2669677734375,3640600,VOO,2020-11-06
334.3599853515625,335.20001220703125,325.2799987792969,325.760009765625,301.98431396484375,8097300,VOO,2020-11-09
324.7699890136719,326.29998779296875,322.05999755859375,325.3399963378906,301.5948181152344,4120800,VOO,2020-11-10
327.4200134277344,328.5,326.1700134277344,327.6300048828125,303.7177734375,2773500,VOO,2020-11-11
326.739990234375,327.44000244140625,322.7300109863281,324.6000061035156,300.9089050292969,2532700,VOO,2020-11-12
326.45001220703125,329.7300109863281,325.8900146484375,329.010009765625,304.9971008300781,1996100,VOO,2020-11-13
331.6499938964844,333.1199951171875,330.4100036621094,333.0,308.6958312988281,3018800,VOO,2020-11-16
330.7300109863281,332.5,329.25,331.3399963378906,307.156982421875,3052100,VOO,2020-11-17
331.6300048828125,332.1400146484375,327.2900085449219,327.32000732421875,303.43035888671875,2647800,VOO,2020-11-18
326.760009765625,329.0899963378906,325.4100036621094,328.69000244140625,304.700439453125,2962200,VOO,2020-11-19
328.4100036621094,328.6600036621094,326.3999938964844,326.489990234375,302.6609191894531,3516800,VOO,2020-11-20
328.2799987792969,329.6000061035156,326.05999755859375,328.4200134277344,304.4501647949219,2222600,VOO,2020-11-23
331.0199890136719,334.25,330.1000061035156,333.739990234375,309.3818054199219,2659700,VOO,2020-11-24
333.6700134277344,333.6700134277344,332.1499938964844,333.19000244140625,308.87188720703125,2256900,VOO,2020-11-25
334.2900085449219,334.6099853515625,333.17999267578125,334.1400146484375,309.75262451171875,984700,VOO,2020-11-27
333.3999938964844,333.6300048828125,330.0400085449219,332.6400146484375,308.3620910644531,4175700,VOO,2020-11-30
335.9200134277344,337.79998779296875,335.32000732421875,336.29998779296875,311.7549743652344,3224200,VOO,2020-12-01
335.2200012207031,337.1099853515625,334.6499938964844,337.010009765625,312.41314697265625,2270300,VOO,2020-12-02
336.9100036621094,338.29998779296875,335.8800048828125,336.9100036621094,312.3204650878906,2851100,VOO,2020-12-03
337.5,339.8399963378906,337.45001220703125,339.80999755859375,315.0088806152344,2907000,VOO,2020-12-04
339.07000732421875,339.6300048828125,337.9100036621094,339.17999267578125,314.4248352050781,1943100,VOO,2020-12-07
337.8900146484375,340.70001220703125,337.8500061035156,340.1600036621094,315.333251953125,1948200,VOO,2020-12-08
340.7900085449219,340.92999267578125,336.260009765625,337.1400146484375,312.5337829589844,2545800,VOO,2020-12-09
335.739990234375,338.0,334.8399963378906,336.9800109863281,312.3854064941406,2738600,VOO,2020-12-10
335.30999755859375,336.79998779296875,333.7699890136719,336.54998779296875,311.9867248535156,2387900,VOO,2020-12-11
338.760009765625,339.7900085449219,334.8900146484375,335.010009765625,310.5591125488281,2654600,VOO,2020-12-14
337.6400146484375,339.6400146484375,336.239990234375,339.6400146484375,314.85125732421875,2757400,VOO,2020-12-15
339.8299865722656,341.0400085449219,338.9599914550781,340.1600036621094,315.333251953125,2943200,VOO,2020-12-16
341.7699890136719,342.25,340.9599914550781,342.010009765625,317.04827880859375,2627000,VOO,2020-12-17
342.3900146484375,342.5,338.70001220703125,340.6400146484375,315.77825927734375,6025700,VOO,2020-12-18
336.8299865722656,340.3800048828125,334.1099853515625,339.5899963378906,314.8049011230469,3918100,VOO,2020-12-21
338.4700012207031,338.54998779296875,336.4700012207031,337.5400085449219,314.1839904785156,2371900,VOO,2020-12-22
338.5400085449219,339.75,337.69000244140625,337.80999755859375,314.43536376953125,3682200,VOO,2020-12-23
338.3699951171875,339.17999267578125,337.7699890136719,339.1600036621094,315.69195556640625,1447500,VOO,2020-12-24
341.739990234375,342.4599914550781,341.0899963378906,342.1099853515625,318.4378356933594,2798800,VOO,2020-12-28
343.6300048828125,343.7699890136719,340.8699951171875,341.3900146484375,317.76763916015625,2555500,VOO,2020-12-29
342.2799987792969,342.9100036621094,341.57000732421875,341.8500061035156,318.1957702636719,2009100,VOO,2020-12-30
341.82000732421875,344.3699951171875,341.2300109863281,343.69000244140625,319.908447265625,3507000,VOO,2020-12-31
345.0199890136719,345.0899963378906,335.3699951171875,339.0299987792969,315.5709228515625,5402600,VOO,2021-01-04
338.3999938964844,342.3900146484375,338.3900146484375,341.260009765625,317.64654541015625,3299700,VOO,2021-01-05
339.7900085449219,346.5,339.29998779296875,343.3299865722656,319.5733337402344,4805000,VOO,2021-01-06
345.739990234375,349.20001220703125,345.5400085449219,348.4599914550781,324.3484191894531,3638900,VOO,2021-01-07
349.8800048828125,350.6199951171875,346.6400146484375,350.4200134277344,326.1728210449219,3758500,VOO,2021-01-08
347.3599853515625,349.82000732421875,347.20001220703125,348.1300048828125,324.0412292480469,2975000,VOO,2021-01-11
348.29998779296875,349.1499938964844,345.9700012207031,348.1600036621094,324.06915283203125,2298400,VOO,2021-01-12
348.1099853515625,350.05999755859375,347.32000732421875,349.0299987792969,324.87890625,3039900,VOO,2021-01-13
349.8500061035156,350.32000732421875,347.54998779296875,347.8500061035156,323.7806091308594,3497400,VOO,2021-01-14
346.2699890136719,347.05999755859375,343.5299987792969,345.3699951171875,321.4721984863281,3622100,VOO,2021-01-15
347.79998779296875,348.5899963378906,346.3599853515625,348.1000061035156,324.01336669921875,3433800,VOO,2021-01-19
350.32000732421875,353.7099914550781,349.9700012207031,352.8299865722656,328.4161071777344,2920600,VOO,2021-01-20
353.4599914550781,353.8399963378906,352.29998779296875,353.1600036621094,328.7232360839844,2580800,VOO,2021-01-21
351.3800048828125,353.0400085449219,350.989990234375,351.8999938964844,327.5503845214844,1812200,VOO,2021-01-22
352.7099914550781,353.67999267578125,347.9700012207031,353.3299865722656,328.88140869140625,3549000,VOO,2021-01-25
354.2300109863281,354.6499938964844,352.6000061035156,352.79998779296875,328.3880920410156,2430200,VOO,2021-01-26
349.5400085449219,349.55999755859375,341.989990234375,344.239990234375,320.4203796386719,5010400,VOO,2021-01-27
345.9700012207031,351.07000732421875,345.5799865722656,347.1300048828125,323.1104736328125,3432200,VOO,2021-01-28
345.30999755859375,346.2200012207031,338.57000732421875,340.17999267578125,316.6413269042969,5803600,VOO,2021-01-29
343.6300048828125,346.8500061035156,341.3999938964844,345.7699890136719,321.84454345703125,3334000,VOO,2021-02-01
349.04998779296875,352.3399963378906,349.0,350.739990234375,326.4706115722656,2955200,VOO,2021-02-02
351.70001220703125,352.79998779296875,349.8800048828125,351.0899963378906,326.7965087890625,3392800,VOO,2021-02-03
352.1199951171875,355.0400085449219,351.9200134277344,355.0199890136719,330.45458984375,1988300,VOO,2021-02-04
356.8999938964844,357.1300048828125,355.32000732421875,356.44000244140625,331.77618408203125,2091800,VOO,2021-02-05
357.9200134277344,359.07000732421875,357.05999755859375,359.07000732421875,334.224365234375,3371100,VOO,2021-02-08
358.2200012207031,359.3299865722656,357.7699890136719,358.7799987792969,333.9542541503906,1891200,VOO,2021-02-09
360.5299987792969,360.6099853515625,356.29998779296875,358.6400146484375,333.8239440917969,2400000,VOO,2021-02-10
359.7099914550781,360.1000061035156,356.8399963378906,359.2200012207031,334.3638916015625,2237200,VOO,2021-02-11
358.45001220703125,361.19000244140625,358.3599853515625,361.04998779296875,336.0672912597656,2144500,VOO,2021-02-12
362.1499938964844,362.3699951171875,359.9800109863281,360.7099914550781,335.750732421875,4408500,VOO,2021-02-16
359.0299987792969,360.9700012207031,357.9200134277344,360.7900085449219,335.8251953125,3211800,VOO,2021-02-17
358.239990234375,359.92999267578125,356.489990234375,359.25,334.3917236328125,3010500,VOO,2021-02-18
360.4700012207031,360.7099914550781,358.1400146484375,358.5899963378906,333.7774658203125,2487100,VOO,2021-02-19
355.8399963378906,358.19000244140625,355.55999755859375,355.7699890136719,331.1524963378906,3291000,VOO,2021-02-22
353.69000244140625,357.55999755859375,349.5299987792969,356.2200012207031,331.57147216796875,5251100,VOO,2021-02-23
355.1499938964844,360.5799865722656,354.20001220703125,360.1600036621094,335.23883056640625,3301200,VOO,2021-02-24
359.0299987792969,360.2699890136719,350.0799865722656,351.5199890136719,327.1966247558594,7049200,VOO,2021-02-25
353.4700012207031,354.4700012207031,347.7099914550781,349.5899963378906,325.4001770019531,7579500,VOO,2021-02-26
354.54998779296875,359.3900146484375,354.5,358.1199951171875,333.34002685546875,3721100,VOO,2021-03-01
358.3800048828125,358.6300048828125,355.1600036621094,355.3500061035156,330.76171875,5462600,VOO,2021-03-02
354.70001220703125,355.6400146484375,350.55999755859375,350.6600036621094,326.39617919921875,6317600,VOO,2021-03-03
350.489990234375,353.0199890136719,341.9200134277344,346.3399963378906,322.3751220703125,6604500,VOO,2021-03-04
349.7699890136719,353.7300109863281,342.5899963378906,352.69000244140625,328.2857666015625,8721300,VOO,2021-03-05
353.6300048828125,356.3999938964844,350.6600036621094,350.9599914550781,326.6754455566406,5663500,VOO,2021-03-08
354.75,358.4599914550781,354.2300109863281,355.8699951171875,331.24566650390625,6075100,VOO,2021-03-09
358.29998779296875,359.8399963378906,356.8800048828125,358.07000732421875,333.29339599609375,7231400,VOO,2021-03-10
360.6600036621094,363.760009765625,360.1600036621094,361.8500061035156,336.8119201660156,3340700,VOO,2021-03-11
360.5,362.45001220703125,359.6700134277344,362.3599853515625,337.28656005859375,4847300,VOO,2021-03-12
362.6700134277344,364.75,360.45001220703125,364.4599914550781,339.2413024902344,3154800,VOO,2021-03-15
365.1199951171875,365.7799987792969,363.25,364.04998779296875,338.85968017578125,3698400,VOO,2021-03-16
362.8299865722656,366.04998779296875,361.6199951171875,365.239990234375,339.9673156738281,5011600,VOO,2021-03-17
362.7300109863281,364.760009765625,359.2799987792969,359.8699951171875,334.9689025878906,5067500,VOO,2021-03-18
359.6499938964844,361.1700134277344,357.1400146484375,359.2300109863281,334.37322998046875,5382800,VOO,2021-03-19
359.7900085449219,363.5,359.760009765625,362.07000732421875,337.0166931152344,3417600,VOO,2021-03-22
361.5299987792969,362.94000244140625,358.510009765625,359.4100036621094,334.5407409667969,4954600,VOO,2021-03-23
360.7099914550781,362.2699890136719,357.4200134277344,357.4200134277344,332.6883850097656,4099000,VOO,2021-03-24
356.0799865722656,360.239990234375,354.1400146484375,359.42999267578125,334.5593566894531,5487300,VOO,2021-03-25
359.3699951171875,364.3699951171875,358.75,364.010009765625,340.0172424316406,3322600,VOO,2021-03-26
362.57000732421875,364.67999267578125,361.1099853515625,363.7900085449219,339.811767578125,3143300,VOO,2021-03-29
362.55999755859375,363.4700012207031,361.2699890136719,362.8599853515625,338.9429931640625,3696200,VOO,2021-03-30
363.3900146484375,365.82000732421875,363.3900146484375,364.29998779296875,340.28802490234375,7470300,VOO,2021-03-31
366.20001220703125,368.2900085449219,366.0299987792969,368.1600036621094,343.8937072753906,5132000,VOO,2021-04-01
370.8900146484375,374.07000732421875,370.80999755859375,373.4700012207031,348.8536376953125,3764100,VOO,2021-04-05
373.0400085449219,374.3299865722656,372.6700134277344,373.260009765625,348.657470703125,3583500,VOO,2021-04-06
373.1400146484375,374.0799865722656,372.7200012207031,373.7300109863281,349.0965270996094,2768900,VOO,2021-04-07
374.9700012207031,375.55999755859375,374.05999755859375,375.54998779296875,350.796630859375,3949400,VOO,2021-04-08
375.4200134277344,378.3999938964844,375.3299865722656,378.25,353.318603515625,2627500,VOO,2021-04-09
377.70001220703125,378.6499938964844,377.0799865722656,378.4200134277344,353.4774475097656,2747500,VOO,2021-04-12
378.3699951171875,380.1199951171875,377.9200134277344,379.45001220703125,354.4394226074219,2985500,VOO,2021-04-13
379.4599914550781,380.510009765625,377.70001220703125,378.2300109863281,353.29986572265625,3691100,VOO,2021-04-14
380.3299865722656,382.5400085449219,380.2799987792969,382.2900085449219,357.09228515625,3573800,VOO,2021-04-15
383.55999755859375,384.1499938964844,382.19000244140625,383.6300048828125,358.3440856933594,3252500,VOO,2021-04-16
382.6199951171875,383.0899963378906,380.3699951171875,381.739990234375,356.57855224609375,3945700,VOO,2021-04-19
380.489990234375,381.1600036621094,377.4700012207031,378.94000244140625,353.9630432128906,4106700,VOO,2021-04-20
378.2799987792969,382.6700134277344,378.1400146484375,382.5,357.2884826660156,3640100,VOO,2021-04-21
382.32000732421875,383.1199951171875,377.9599914550781,378.989990234375,354.0098876953125,3965000,VOO,2021-04-22
379.57000732421875,384.4599914550781,379.4599914550781,383.0299987792969,357.7835388183594,3781100,VOO,2021-04-23
383.7300109863281,384.45001220703125,383.32000732421875,383.8599853515625,358.5588684082031,3125200,VOO,2021-04-26
384.20001220703125,384.3800048828125,382.7200012207031,383.739990234375,358.44677734375,3370600,VOO,2021-04-27
384.1000061035156,385.1700134277344,383.239990234375,383.55999755859375,358.2785949707031,3960400,VOO,2021-04-28
386.3999938964844,386.739990234375,382.80999755859375,386.1199951171875,360.66986083984375,4209900,VOO,2021-04-29
383.9100036621094,384.760009765625,382.7300109863281,383.57000732421875,358.2879333496094,5219200,VOO,2021-04-30
385.55999755859375,385.94000244140625,383.9599914550781,384.44000244140625,359.1005554199219,4180800,VOO,2021-05-03
382.5199890136719,382.9599914550781,378.45001220703125,382.1000061035156,356.9149169921875,5485600,VOO,2021-05-04
383.7200012207031,383.9100036621094,381.44000244140625,382.1700134277344,356.9803161621094,4410700,VOO,2021-05-05
382.260009765625,385.3699951171875,380.2699890136719,385.2799987792969,359.88531494140625,4737300,VOO,2021-05-06
386.0199890136719,388.67999267578125,385.3299865722656,388.0299987792969,362.4539794921875,3516600,VOO,2021-05-07
388.4100036621094,388.6600036621094,384.0899963378906,384.2300109863281,358.90447998046875,5942700,VOO,2021-05-10
379.75,381.739990234375,376.95001220703125,380.8599853515625,355.756591796875,7081500,VOO,2021-05-11
378.0400085449219,379.2699890136719,372.1300048828125,372.7300109863281,348.1624450683594,7707400,VOO,2021-05-12
374.2099914550781,379.04998779296875,374.1700134277344,377.1600036621094,352.3004455566406,7179100,VOO,2021-05-13
379.80999755859375,383.7900085449219,379.80999755859375,382.95001220703125,357.7088928222656,5167900,VOO,2021-05-14
381.8999938964844,382.75,380.0,382.0299987792969,356.84942626953125,3781600,VOO,2021-05-17
382.25,382.4700012207031,378.5400085449219,378.7300109863281,353.7669982910156,3128300,VOO,2021-05-18
374.05999755859375,377.8399963378906,372.6199951171875,377.7300109863281,352.83282470703125,5086300,VOO,2021-05-19
378.57000732421875,382.989990234375,378.45001220703125,381.760009765625,356.59722900390625,4776700,VOO,2021-05-20
383.2300109863281,384.45001220703125,381.010009765625,381.4700012207031,356.3264465332031,3567500,VOO,2021-05-21
383.69000244140625,386.3999938964844,383.44000244140625,385.32000732421875,359.92254638671875,2962500,VOO,2021-05-24
386.3999938964844,386.760009765625,383.94000244140625,384.510009765625,359.1660461425781,4031800,VOO,2021-05-25
385.0899963378906,385.75,384.07000732421875,385.2099914550781,359.81988525390625,2642700,VOO,2021-05-26
386.2799987792969,386.7799987792969,385.32000732421875,385.3800048828125,359.97869873046875,3015900,VOO,2021-05-27
387.0299987792969,387.2699890136719,385.94000244140625,386.1300048828125,360.67919921875,3370100,VOO,2021-05-28
388.5,388.6199951171875,385.3800048828125,385.8299865722656,360.3990173339844,4389000,VOO,2021-06-01
386.45001220703125,387.239990234375,385.4700012207031,386.4800109863281,361.0061340332031,3209200,VOO,2021-06-02
384.1700134277344,386.1099853515625,382.70001220703125,385.010009765625,359.6330871582031,3391000,VOO,2021-06-03
386.80999755859375,388.79998779296875,386.760009765625,388.5,362.89300537109375,2628100,VOO,2021-06-04
388.5199890136719,388.69000244140625,387.25,388.1700134277344,362.5848083496094,2500600,VOO,2021-06-07
389.0,389.0799865722656,386.44000244140625,388.2300109863281,362.6408386230469,2386600,VOO,2021-06-08
389.0799865722656,389.1300048828125,387.4100036621094,387.6199951171875,362.0710144042969,2968100,VOO,2021-06-09
388.8599853515625,390.3599853515625,387.5799865722656,389.4100036621094,363.7430725097656,2611800,VOO,2021-06-10
390.0,390.20001220703125,388.7300109863281,390.0899963378906,364.3782653808594,2241500,VOO,2021-06-11
390.2099914550781,391.07000732421875,389.0,391.07000732421875,365.29364013671875,2252200,VOO,2021-06-14
391.1499938964844,391.20001220703125,389.4100036621094,390.25,364.5277099609375,2405000,VOO,2021-06-15
390.4200134277344,390.5799865722656,386.0199890136719,388.1099853515625,362.5287170410156,4194300,VOO,2021-06-16
387.6199951171875,388.9100036621094,385.5,387.9700012207031,362.3979187011719,4065300,VOO,2021-06-17
384.7900085449219,385.3800048828125,382.5199890136719,382.82000732421875,357.5874328613281,5211100,VOO,2021-06-18
384.5,388.3800048828125,383.6499938964844,388.17999267578125,362.5940856933594,4389800,VOO,2021-06-21
388.239990234375,391.0899963378906,387.4700012207031,390.239990234375,364.5183410644531,2705400,VOO,2021-06-22
390.3500061035156,391.1400146484375,389.70001220703125,389.82000732421875,364.1259765625,2404200,VOO,2021-06-23
391.8900146484375,392.5199890136719,391.6700134277344,392.04998779296875,366.2090759277344,2987800,VOO,2021-06-24
392.8999938964844,393.9200134277344,392.5400085449219,393.5,367.56341552734375,2862800,VOO,2021-06-25
394.0299987792969,394.45001220703125,392.8299865722656,394.32000732421875,368.3293762207031,2418500,VOO,2021-06-28
393.3500061035156,393.94000244140625,392.6600036621094,393.1600036621094,368.4914855957031,2927600,VOO,2021-06-29
392.7200012207031,394.1300048828125,392.7200012207031,393.5199890136719,368.82891845703125,3795900,VOO,2021-06-30
394.29998779296875,395.8500061035156,394.2099914550781,395.739990234375,370.9096374511719,3414500,VOO,2021-07-01
396.8500061035156,399.04998779296875,396.5299987792969,398.75,373.7307434082031,4363100,VOO,2021-07-02
398.7699890136719,398.989990234375,395.29998779296875,398.0,373.0278625488281,4331300,VOO,2021-07-06
398.6700134277344,399.6600036621094,396.67999267578125,399.3699951171875,374.31182861328125,4747800,VOO,2021-07-07
394.20001220703125,396.8800048828125,393.0199890136719,396.19000244140625,371.3313903808594,5817100,VOO,2021-07-08
397.6300048828125,400.6499938964844,397.4200134277344,400.3699951171875,375.24920654296875,3332200,VOO,2021-07-09
400.29998779296875,402.0299987792969,399.8699951171875,401.82000732421875,376.60821533203125,2929200,VOO,2021-07-12
401.0799865722656,402.5,400.17999267578125,400.4599914550781,375.3335266113281,4313100,VOO,2021-07-13
402.05999755859375,402.57000732421875,399.82000732421875,401.010009765625,375.8489990234375,3332200,VOO,2021-07-14
399.739990234375,400.3800048828125,397.80999755859375,399.7200012207031,374.63995361328125,4483900,VOO,2021-07-15
400.8399963378906,400.8800048828125,396.1400146484375,396.6099853515625,371.7250061035156,4516600,VOO,2021-07-16
391.7799987792969,392.260009765625,387.92999267578125,390.67999267578125,366.1670837402344,12336200,VOO,2021-07-19
391.3500061035156,397.5,390.010009765625,396.20001220703125,371.3407287597656,4043100,VOO,2021-07-20
397.4800109863281,399.6199951171875,397.2699890136719,399.5299987792969,374.46185302734375,2996600,VOO,2021-07-21
399.7099914550781,400.55999755859375,398.70001220703125,400.3800048828125,375.2585754394531,2575700,VOO,2021-07-22
402.1700134277344,404.75,401.5799865722656,404.3800048828125,379.0075988769531,3151900,VOO,2021-07-23
403.9200134277344,405.4200134277344,403.82000732421875,405.4100036621094,379.9729919433594,2374300,VOO,2021-07-26
404.45001220703125,404.45001220703125,400.79998779296875,403.6099853515625,378.28582763671875,3626100,VOO,2021-07-27
404.1700134277344,404.760009765625,402.0400085449219,403.3900146484375,378.07977294921875,3763700,VOO,2021-07-28
404.3599853515625,406.1300048828125,404.3500061035156,405.1300048828125,379.7104797363281,2274200,VOO,2021-07-29
402.5899963378906,404.5299987792969,402.4700012207031,403.1499938964844,377.8547058105469,5204500,VOO,2021-07-30
404.7799987792969,405.3599853515625,401.94000244140625,402.3299865722656,377.086181640625,5814700,VOO,2021-08-02
403.0799865722656,405.6600036621094,400.9200134277344,405.5799865722656,380.1322326660156,4129600,VOO,2021-08-03
404.30999755859375,404.8599853515625,403.3399963378906,403.6400146484375,378.31396484375,3880200,VOO,2021-08-04
404.70001220703125,406.19000244140625,404.3800048828125,406.1600036621094,380.67584228515625,3052800,VOO,2021-08-05
406.44000244140625,407.17999267578125,406.1700134277344,406.8599853515625,381.3319396972656,2486900,VOO,2021-08-06
406.75,407.04998779296875,405.69000244140625,406.4700012207031,380.9664306640625,1984400,VOO,2021-08-09
406.9100036621094,407.6700134277344,406.2300109863281,406.9800109863281,381.44439697265625,2400700,VOO,2021-08-10
408.0,408.07000732421875,406.9100036621094,407.9599914550781,382.3629150390625,3554400,VOO,2021-08-11
407.82000732421875,409.3299865722656,406.9700012207031,409.1499938964844,383.47833251953125,2319300,VOO,2021-08-12
409.6400146484375,409.9599914550781,409.17999267578125,409.9599914550781,384.2373962402344,2253800,VOO,2021-08-13
408.7099914550781,411.010009765625,407.1499938964844,410.94000244140625,385.1559143066406,3379100,VOO,2021-08-16
408.4100036621094,409.04998779296875,405.30999755859375,408.2300109863281,382.615966796875,5186300,VOO,2021-08-17
407.2200012207031,408.75,403.5400085449219,403.8399963378906,378.50140380859375,4878300,VOO,2021-08-18
401.0899963378906,405.54998779296875,400.92999267578125,404.4100036621094,379.03564453125,5505700,VOO,2021-08-19
404.67999267578125,407.9200134277344,404.260009765625,407.6099853515625,382.0348205566406,3263600,VOO,2021-08-20
409.25,412.0799865722656,409.2300109863281,411.2200012207031,385.41839599609375,3259400,VOO,2021-08-23
411.8999938964844,412.3599853515625,411.3500061035156,411.8699951171875,386.0275573730469,3006500,VOO,2021-08-24
412.05999755859375,413.2099914550781,411.6700134277344,412.6300048828125,386.7399597167969,3261400,VOO,2021-08-25
412.4100036621094,412.6600036621094,410.20001220703125,410.2200012207031,384.48114013671875,4707600,VOO,2021-08-26
411.0899963378906,414.3299865722656,411.0199890136719,413.8599853515625,387.89276123046875,3882200,VOO,2021-08-27
414.6600036621094,416.55999755859375,414.3900146484375,415.760009765625,389.6735534667969,2811800,VOO,2021-08-30
415.6600036621094,416.0199890136719,414.5799865722656,415.04998779296875,389.0080871582031,6062900,VOO,2021-08-31
416.04998779296875,416.5899963378906,415.1600036621094,415.489990234375,389.42041015625,3256400,VOO,2021-09-01
416.79998779296875,417.44000244140625,415.5,416.7300109863281,390.58270263671875,2835500,VOO,2021-09-02
415.5799865722656,417.05999755859375,415.1600036621094,416.57000732421875,390.4326477050781,3740000,VOO,2021-09-03
416.2699890136719,416.2900085449219,414.4200134277344,415.0299987792969,388.9892883300781,3542500,VOO,2021-09-07
414.5299987792969,415.260009765625,412.6700134277344,414.6300048828125,388.6144714355469,4012600,VOO,2021-09-08
414.3399963378906,416.07000732421875,412.57000732421875,412.7699890136719,386.8711242675781,3887800,VOO,2021-09-09
414.69000244140625,415.1000061035156,409.4200134277344,409.5799865722656,383.88128662109375,4035500,VOO,2021-09-10
412.5199890136719,412.7099914550781,408.30999755859375,410.5400085449219,384.78106689453125,4738300,VOO,2021-09-13
412.0199890136719,412.17999267578125,407.489990234375,408.4100036621094,382.78472900390625,3657700,VOO,2021-09-14
408.7900085449219,412.260009765625,407.70001220703125,411.82000732421875,385.98077392578125,3891400,VOO,2021-09-15
411.2699890136719,412.19000244140625,408.2300109863281,411.1099853515625,385.31524658203125,3351500,VOO,2021-09-16
410.3500061035156,410.7799987792969,406.7699890136719,407.0799865722656,381.5380859375,5396100,VOO,2021-09-17
401.1099853515625,402.6400146484375,395.57000732421875,400.42999267578125,375.3054504394531,10942700,VOO,2021-09-20
402.6600036621094,403.8999938964844,399.44000244140625,400.0400085449219,374.9398498535156,6418100,VOO,2021-09-21
402.1700134277344,405.8500061035156,401.260009765625,403.8999938964844,378.5577392578125,6004800,VOO,2021-09-22
405.7099914550781,410.32000732421875,405.4700012207031,408.7799987792969,383.13153076171875,4098000,VOO,2021-09-23
407.1700134277344,410.1300048828125,406.95001220703125,409.4599914550781,383.768798828125,3417700,VOO,2021-09-24
408.4200134277344,409.57000732421875,407.5899963378906,408.29998779296875,382.6815490722656,3546600,VOO,2021-09-27
405.54998779296875,405.8699951171875,399.3299865722656,400.1400146484375,375.0335998535156,8234300,VOO,2021-09-28
400.1000061035156,401.7900085449219,398.8599853515625,399.4599914550781,375.6241149902344,4724200,VOO,2021-09-29
400.8500061035156,401.5199890136719,394.3399963378906,394.3999938964844,370.8659973144531,9511200,VOO,2021-09-30
396.2300109863281,400.8500061035156,392.7699890136719,399.1199951171875,375.3043518066406,8482200,VOO,2021-10-01
398.1199951171875,398.94000244140625,391.9599914550781,394.2099914550781,370.6874084472656,8820400,VOO,2021-10-04
395.55999755859375,400.3500061035156,394.7900085449219,398.0400085449219,374.2888488769531,5523200,VOO,2021-10-05
394.6499938964844,400.0199890136719,393.05999755859375,399.80999755859375,375.9532165527344,6590000,VOO,2021-10-06
403.07000732421875,406.04998779296875,402.8500061035156,403.25,379.1879577636719,4409200,VOO,2021-10-07
404.0400085449219,404.3900146484375,401.94000244140625,402.489990234375,378.47332763671875,3960900,VOO,2021-10-08
401.9100036621094,404.739990234375,399.55999755859375,399.55999755859375,375.7181091308594,3695700,VOO,2021-10-11
400.54998779296875,400.9200134277344,397.8699951171875,398.760009765625,374.9659118652344,6201300,VOO,2021-10-12
399.6400146484375,400.8800048828125,396.75,400.0400085449219,376.16949462890625,6492400,VOO,2021-10-13
403.70001220703125,406.95001220703125,403.2200012207031,406.760009765625,382.488525390625,3785200,VOO,2021-10-14
408.9200134277344,410.260009765625,408.2799987792969,409.92999267578125,385.4693908691406,3501600,VOO,2021-10-15
408.20001220703125,411.4599914550781,407.5299987792969,411.17999267578125,386.6448059082031,3402700,VOO,2021-10-18
412.739990234375,414.3800048828125,412.1400146484375,414.3800048828125,389.6538391113281,2838300,VOO,2021-10-19
414.739990234375,416.2200012207031,414.6499938964844,415.989990234375,391.167724609375,3208200,VOO,2021-10-20
415.3800048828125,417.239990234375,414.94000244140625,417.010009765625,392.12689208984375,2579500,VOO,2021-10-21
416.5799865722656,418.0,414.70001220703125,416.5899963378906,391.73199462890625,3648900,VOO,2021-10-22
417.6400146484375,419.1400146484375,415.92999267578125,418.75,393.76312255859375,2511500,VOO,2021-10-25
420.2699890136719,421.5299987792969,418.8599853515625,419.1499938964844,394.13916015625,3085300,VOO,2021-10-26
419.6600036621094,420.2900085449219,417.2799987792969,417.3299865722656,392.4277648925781,2873500,VOO,2021-10-27
418.7799987792969,421.44000244140625,418.75,421.4100036621094,396.26434326171875,3643600,VOO,2021-10-28
419.1499938964844,422.5199890136719,418.8699951171875,422.1600036621094,396.9696044921875,4637400,VOO,2021-10-29
423.19000244140625,423.57000732421875,421.2799987792969,423.04998779296875,397.8065185546875,3937300,VOO,2021-11-01
423.1499938964844,424.9599914550781,423.010009765625,424.69000244140625,399.3486022949219,2989200,VOO,2021-11-02
424.1400146484375,427.6600036621094,423.69000244140625,427.25,401.755859375,3562900,VOO,2021-11-03
427.8500061035156,429.3699951171875,427.5400085449219,429.25,403.63653564453125,4287300,VOO,2021-11-04
431.54998779296875,432.760009765625,429.29998779296875,430.7099914550781,405.0093994140625,4942900,VOO,2021-11-05
431.8800048828125,432.3399963378906,430.5,431.2300109863281,405.49835205078125,3511600,VOO,2021-11-08
431.55999755859375,431.75,428.3399963378906,429.7200012207031,404.0784912109375,4696000,VOO,2021-11-09
428.0899963378906,429.7300109863281,424.80999755859375,426.260009765625,400.8249206542969,6350700,VOO,2021-11-10
427.70001220703125,427.82000732421875,426.3900146484375,426.3999938964844,400.9566650390625,3634600,VOO,2021-11-11
427.6600036621094,430.1700134277344,426.7300109863281,429.57000732421875,403.93743896484375,3655500,VOO,2021-11-12
430.95001220703125,431.010009765625,428.6499938964844,429.7699890136719,404.12554931640625,3122300,VOO,2021-11-15
429.5199890136719,432.5899963378906,429.4700012207031,431.4100036621094,405.6676330566406,3267000,VOO,2021-11-16
431.239990234375,431.3900146484375,429.8399963378906,430.3699951171875,404.6896667480469,3764900,VOO,2021-11-17
431.44000244140625,432.1700134277344,428.79998779296875,431.8599853515625,406.0907897949219,4732200,VOO,2021-11-18
431.8699951171875,432.989990234375,430.3800048828125,431.04998779296875,405.3291015625,4886200,VOO,2021-11-19
432.92999267578125,435.4100036621094,429.7200012207031,429.9100036621094,404.2571716308594,4868300,VOO,2021-11-22
429.57000732421875,431.2900085449219,427.0400085449219,430.4700012207031,404.78369140625,6795200,VOO,2021-11-23
428.55999755859375,431.75,427.7099914550781,431.5299987792969,405.7804870605469,4569600,VOO,2021-11-24
425.19000244140625,426.5199890136719,420.8999938964844,422.1400146484375,396.9508361816406,7702500,VOO,2021-11-26
426.7099914550781,428.9800109863281,424.54998779296875,427.239990234375,401.7463684082031,6300800,VOO,2021-11-29
424.79998779296875,426.6300048828125,418.6300048828125,419.05999755859375,394.0545959472656,8657600,VOO,2021-11-30
424.4700012207031,427.2200012207031,413.9700012207031,414.239990234375,389.52215576171875,8337000,VOO,2021-12-01
414.4200134277344,422.05999755859375,414.0299987792969,420.55999755859375,395.4650573730469,10417700,VOO,2021-12-02
422.1199951171875,423.19000244140625,412.7699890136719,416.8399963378906,391.967041015625,10228900,VOO,2021-12-03
419.4100036621094,423.6600036621094,417.0,421.82000732421875,396.6498718261719,7289500,VOO,2021-12-06
426.9800109863281,431.1000061035156,426.94000244140625,430.489990234375,404.80255126953125,4731900,VOO,2021-12-07
430.95001220703125,432.1400146484375,429.239990234375,431.70001220703125,405.9403381347656,4476500,VOO,2021-12-08
430.4599914550781,431.32000732421875,428.6099853515625,428.760009765625,403.1758117675781,5035400,VOO,2021-12-09
431.44000244140625,432.9599914550781,428.95001220703125,432.8500061035156,407.021728515625,6238300,VOO,2021-12-10
432.3599853515625,432.6600036621094,428.75,429.010009765625,403.4108581542969,5923900,VOO,2021-12-13
425.79998779296875,428.239990234375,423.20001220703125,426.0899963378906,400.6650390625,6522900,VOO,2021-12-14
426.1099853515625,432.9800109863281,423.6700134277344,432.75,406.9277648925781,6871300,VOO,2021-12-15
434.55999755859375,434.79998779296875,427.3500061035156,428.8399963378906,403.25103759765625,7159500,VOO,2021-12-16
425.8500061035156,428.7900085449219,422.6700134277344,424.3900146484375,399.0665283203125,8882700,VOO,2021-12-17
419.3900146484375,420.2200012207031,416.29998779296875,419.79998779296875,394.7503967285156,9903400,VOO,2021-12-20
421.6499938964844,425.8500061035156,419.5199890136719,425.69000244140625,401.7560729980469,6916700,VOO,2021-12-21
425.45001220703125,430.0899963378906,425.32000732421875,429.989990234375,405.8143005371094,4992200,VOO,2021-12-22
430.9100036621094,434.1000061035156,430.8699951171875,432.6400146484375,408.3152770996094,5032700,VOO,2021-12-23
433.9800109863281,438.82000732421875,433.95001220703125,438.80999755859375,414.1383972167969,4986300,VOO,2021-12-27
439.2799987792969,440.19000244140625,437.6600036621094,438.4800109863281,413.82696533203125,4865800,VOO,2021-12-28
438.5,439.95001220703125,437.5400085449219,439.010009765625,414.3271789550781,4596700,VOO,2021-12-29
439.3900146484375,440.3599853515625,437.32000732421875,437.7699890136719,413.15692138671875,3751800,VOO,2021-12-30
437.2300109863281,438.3800048828125,436.3900146484375,436.57000732421875,412.0243835449219,5185600,VOO,2021-12-31
437.92999267578125,439.2699890136719,435.6400146484375,439.25,414.5536193847656,6017300,VOO,2022-01-03
440.5799865722656,441.260009765625,437.2200012207031,439.07000732421875,414.38372802734375,6262200,VOO,2022-01-04
438.7799987792969,439.4100036621094,430.5299987792969,430.6600036621094,406.4466247558594,7539600,VOO,2022-01-05
430.20001220703125,432.8299865722656,427.8999938964844,430.0799865722656,405.8992004394531,7971500,VOO,2022-01-06
430.2099914550781,431.3599853515625,427.20001220703125,428.5899963378906,404.4930419921875,6157500,VOO,2022-01-07
425.3800048828125,428.19000244140625,419.7699890136719,428.0299987792969,403.9645080566406,10481500,VOO,2022-01-10
427.67999267578125,431.95001220703125,424.7799987792969,431.7799987792969,407.503662109375,7282400,VOO,2022-01-11
433.55999755859375,435.0400085449219,431.1400146484375,433.07000732421875,408.72113037109375,8270300,VOO,2022-01-12
434.0899963378906,434.7200012207031,426.0899963378906,427.1000061035156,403.0868225097656,7521300,VOO,2022-01-13
423.95001220703125,427.5799865722656,422.80999755859375,427.2300109863281,403.2094421386719,9960800,VOO,2022-01-14
422.6199951171875,424.9800109863281,417.3299865722656,419.739990234375,396.1405944824219,10681500,VOO,2022-01-18
421.1700134277344,422.5400085449219,415.07000732421875,415.3299865722656,391.9785461425781,8184100,VOO,2022-01-19
417.1700134277344,421.75,410.2900085449219,410.760009765625,387.6654357910156,8907600,VOO,2022-01-20
409.7099914550781,411.92999267578125,402.6600036621094,402.69000244140625,380.0491943359375,16225900,VOO,2022-01-21
397.260009765625,404.8800048828125,386.8399963378906,404.3699951171875,381.63470458984375,22970700,VOO,2022-01-24
398.1700134277344,404.260009765625,392.7300109863281,399.4599914550781,377.0008239746094,16836300,VOO,2022-01-25
405.6600036621094,408.20001220703125,394.3399963378906,398.55999755859375,376.1514587402344,14377300,VOO,2022-01-26
402.92999267578125,405.9700012207031,394.82000732421875,396.5400085449219,374.2449951171875,12455200,VOO,2022-01-27
397.82000732421875,406.3299865722656,393.29998779296875,406.260009765625,383.41851806640625,12096800,VOO,2022-01-28
405.6700134277344,413.9700012207031,404.3500061035156,413.69000244140625,390.4307556152344,9200400,VOO,2022-01-31
414.3399963378906,417.0400085449219,410.8999938964844,416.3900146484375,392.97900390625,8154900,VOO,2022-02-01
418.9800109863281,421.17999267578125,416.5400085449219,420.3599853515625,396.7257385253906,6726500,VOO,2022-02-02
414.5899963378906,416.42999267578125,409.7900085449219,410.5899963378906,387.5050354003906,7658300,VOO,2022-02-03
410.3399963378906,416.239990234375,408.05999755859375,412.5199890136719,389.3265075683594,8210000,VOO,2022-02-04
413.2300109863281,414.6199951171875,409.8999938964844,411.1600036621094,388.04302978515625,5620900,VOO,2022-02-07
410.7200012207031,415.4599914550781,409.3500061035156,414.489990234375,391.18585205078125,5565700,VOO,2022-02-08
418.54998779296875,420.8699951171875,418.3500061035156,420.57000732421875,396.9239196777344,6284500,VOO,2022-02-09
414.92999267578125,420.79998779296875,411.1400146484375,413.17999267578125,389.94940185546875,9260500,VOO,2022-02-10
413.1499938964844,415.20001220703125,403.57000732421875,404.94000244140625,382.1726989746094,10458600,VOO,2022-02-11
404.42999267578125,405.989990234375,400.239990234375,403.6199951171875,380.9269104003906,10167600,VOO,2022-02-14
408.17999267578125,410.2900085449219,407.4599914550781,410.1000061035156,387.0426330566406,6815000,VOO,2022-02-15
408.20001220703125,411.8900146484375,406.32000732421875,410.5899963378906,387.5050354003906,7743800,VOO,2022-02-16
407.489990234375,407.9800109863281,401.2300109863281,401.8599853515625,379.265869140625,7541000,VOO,2022-02-17
402.1499938964844,403.30999755859375,397.0,399.2900085449219,376.84039306640625,10570800,VOO,2022-02-18
397.04998779296875,400.3699951171875,391.510009765625,394.9200134277344,372.716064453125,10414700,VOO,2022-02-22
397.739990234375,398.32000732421875,387.3800048828125,387.80999755859375,366.0058288574219,12154900,VOO,2022-02-23
377.760009765625,394.1700134277344,377.5,393.7699890136719,371.6307678222656,21277200,VOO,2022-02-24
394.95001220703125,402.5199890136719,393.3999938964844,402.3699951171875,379.7472229003906,11665200,VOO,2022-02-25
397.17999267578125,402.8500061035156,396.0,401.3599853515625,378.7939758300781,11855900,VOO,2022-02-28
400.010009765625,401.9200134277344,392.7900085449219,395.3399963378906,373.1124572753906,9124400,VOO,2022-03-01
397.7200012207031,404.1000061035156,396.7799987792969,402.6000061035156,379.9642028808594,8185200,VOO,2022-03-02
405.0199890136719,405.5400085449219,398.8800048828125,400.5799865722656,378.057861328125,8745300,VOO,2022-03-03
396.92999267578125,398.42999267578125,393.3699951171875,397.3399963378906,375.0000305175781,6317700,VOO,2022-03-04
396.7300109863281,397.0,385.55999755859375,385.6099853515625,363.9294738769531,8411500,VOO,2022-03-07
385.760009765625,392.739990234375,381.6400146484375,382.70001220703125,361.1831359863281,9356100,VOO,2022-03-08
390.8800048828125,394.8500061035156,388.7200012207031,392.8999938964844,370.8096618652344,5812600,VOO,2022-03-09
388.44000244140625,392.010009765625,386.5299987792969,391.1499938964844,369.15802001953125,6394800,VOO,2022-03-10
393.6199951171875,394.19000244140625,385.67999267578125,386.1600036621094,364.4485778808594,5872800,VOO,2022-03-11
387.07000732421875,390.2699890136719,382.25,383.3399963378906,361.78717041015625,6455000,VOO,2022-03-14
385.8599853515625,392.3699951171875,384.6300048828125,391.75,369.7242431640625,5739400,VOO,2022-03-15
395.5,400.54998779296875,390.54998779296875,400.510009765625,377.9917907714844,7407300,VOO,2022-03-16
398.6400146484375,405.55999755859375,398.29998779296875,405.4100036621094,382.6163330078125,5177500,VOO,2022-03-17
403.9800109863281,410.2799987792969,403.239990234375,409.8900146484375,386.8443603515625,5875000,VOO,2022-03-18
409.8399963378906,411.75,406.42999267578125,409.9100036621094,386.8631896972656,4159500,VOO,2022-03-21
411.20001220703125,415.5199890136719,411.20001220703125,414.6700134277344,391.3556823730469,4231700,VOO,2022-03-22
412.1600036621094,413.6199951171875,409.2900085449219,409.3299865722656,386.31585693359375,3742600,VOO,2022-03-23
409.8900146484375,414.1000061035156,408.80999755859375,414.0199890136719,392.0582275390625,2977300,VOO,2022-03-24
414.7900085449219,416.3599853515625,412.2099914550781,416.1199951171875,394.04681396484375,3638000,VOO,2022-03-25
415.5,419.04998779296875,413.69000244140625,418.989990234375,396.7645263671875,3395300,VOO,2022-03-28
422.9599914550781,424.7200012207031,420.25,424.2900085449219,401.7834777832031,5510600,VOO,2022-03-29
423.260009765625,424.010009765625,419.5899963378906,421.6499938964844,399.283447265625,4794300,VOO,2022-03-30
420.9700012207031,421.6700134277344,415.04998779296875,415.1700134277344,393.1472473144531,5876600,VOO,2022-03-31
416.67999267578125,416.82000732421875,412.8699951171875,416.32000732421875,394.23626708984375,4663100,VOO,2022-04-01
416.45001220703125,419.9599914550781,415.7200012207031,419.8500061035156,397.5790100097656,5117200,VOO,2022-04-04
418.55999755859375,420.82000732421875,413.5,414.6600036621094,392.6642761230469,4112000,VOO,2022-04-05
410.760009765625,412.6600036621094,407.6400146484375,410.4599914550781,388.68701171875,5540700,VOO,2022-04-06
409.6000061035156,414.29998779296875,407.739990234375,412.5299987792969,390.64727783203125,4954100,VOO,2022-04-07
411.8500061035156,414.2200012207031,409.9800109863281,411.5299987792969,389.7003173828125,4752800,VOO,2022-04-08
408.5,409.05999755859375,403.92999267578125,404.3999938964844,382.94854736328125,3342800,VOO,2022-04-11
407.3299865722656,409.7099914550781,401.3699951171875,402.9200134277344,381.5469970703125,6615800,VOO,2022-04-12
402.57000732421875,408.20001220703125,402.4800109863281,407.4700012207031,385.85565185546875,4358700,VOO,2022-04-13
407.7200012207031,408.7799987792969,402.3399963378906,402.5199890136719,381.168212890625,3735700,VOO,2022-04-14
401.54998779296875,404.2200012207031,400.44000244140625,402.5899963378906,381.23443603515625,4305900,VOO,2022-04-18
402.5799865722656,409.7699890136719,402.3599853515625,409.0199890136719,387.3234558105469,3841500,VOO,2022-04-19
410.82000732421875,411.3900146484375,407.6700134277344,408.7099914550781,387.0298767089844,5067100,VOO,2022-04-20
412.3800048828125,413.67999267578125,401.79998779296875,402.6499938964844,381.29132080078125,4670200,VOO,2022-04-21
401.6700134277344,401.8900146484375,391.1000061035156,391.6600036621094,370.88433837890625,6326400,VOO,2022-04-22
389.4200134277344,394.05999755859375,385.0,393.79998779296875,372.91082763671875,8141200,VOO,2022-04-25
391.3999938964844,391.5899963378906,382.44000244140625,382.5400085449219,362.2481384277344,8493000,VOO,2022-04-26
383.5,388.75,381.5,383.5299987792969,363.185546875,6415700,VOO,2022-04-27
388.2300109863281,394.8999938964844,383.8699951171875,393.1400146484375,372.2857971191406,7030200,VOO,2022-04-28
389.4200134277344,391.45001220703125,378.0,378.70001220703125,358.61175537109375,8221900,VOO,2022-04-29
378.7900085449219,382.2699890136719,372.3299865722656,381.0799865722656,360.865478515625,10737000,VOO,2022-05-02
381.6199951171875,385.05999755859375,380.0,382.7300109863281,362.42803955078125,5607700,VOO,2022-05-03
383.3500061035156,394.92999267578125,380.2799987792969,394.3399963378906,373.42218017578125,7367500,VOO,2022-05-04
390.2200012207031,390.30999755859375,376.3500061035156,380.489990234375,360.30682373046875,10477300,VOO,2022-05-05
378.010009765625,381.2799987792969,372.95001220703125,378.1000061035156,358.0436096191406,7959600,VOO,2022-05-06
372.3599853515625,373.55999755859375,364.5,365.8999938964844,346.4906921386719,10793200,VOO,2022-05-09
371.8999938964844,373.2200012207031,362.9100036621094,366.8399963378906,347.38092041015625,7870800,VOO,2022-05-10
365.9700012207031,371.3599853515625,360.2699890136719,360.92999267578125,341.7843933105469,8026900,VOO,2022-05-11
357.8399963378906,363.75,354.0199890136719,360.6499938964844,341.51922607421875,7679200,VOO,2022-05-12
364.7300109863281,370.5799865722656,363.6400146484375,369.1600036621094,349.57781982421875,5377400,VOO,2022-05-13
367.7099914550781,371.3500061035156,365.45001220703125,367.8399963378906,348.3278503417969,4719800,VOO,2022-05-16
373.6600036621094,375.55999755859375,370.0799865722656,375.20001220703125,355.2974548339844,4513300,VOO,2022-05-17
370.9800109863281,371.1600036621094,359.0,360.3399963378906,341.2257080078125,6883600,VOO,2022-05-18
357.1700134277344,362.2300109863281,355.8500061035156,357.92999267578125,338.9434814453125,6359500,VOO,2022-05-19
361.4100036621094,361.95001220703125,349.760009765625,358.0199890136719,339.02874755859375,8755900,VOO,2022-05-20
361.0899963378906,365.57000732421875,358.8500061035156,364.80999755859375,345.4585266113281,5254900,VOO,2022-05-23
360.8500061035156,363.2099914550781,355.70001220703125,362.17999267578125,342.96807861328125,5567300,VOO,2022-05-24
360.5400085449219,367.1600036621094,360.2699890136719,365.20001220703125,345.827880859375,5704600,VOO,2022-05-25
366.45001220703125,374.1300048828125,366.2699890136719,372.4599914550781,352.70281982421875,4248300,VOO,2022-05-26
374.94000244140625,381.8599853515625,374.79998779296875,381.79998779296875,361.5473327636719,3911800,VOO,2022-05-27
380.2300109863281,382.8500061035156,376.9200134277344,379.67999267578125,359.53973388671875,5016500,VOO,2022-05-31
381.6099853515625,382.6400146484375,374.1000061035156,376.5,356.5284729003906,4245800,VOO,2022-06-01
376.4100036621094,383.739990234375,374.20001220703125,383.6499938964844,363.29913330078125,3273700,VOO,2022-06-02
379.1099853515625,380.6000061035156,376.4800109863281,377.44000244140625,357.4186096191406,2749500,VOO,2022-06-03
381.3299865722656,382.9599914550781,377.4100036621094,378.4700012207031,358.39398193359375,2659500,VOO,2022-06-06
375.1600036621094,382.6099853515625,374.7099914550781,382.1700134277344,361.89776611328125,2649900,VOO,2022-06-07
380.5,382.2300109863281,377.260009765625,377.989990234375,357.93939208984375,3436400,VOO,2022-06-08
376.239990234375,378.44000244140625,369.0199890136719,369.1000061035156,349.52099609375,3022000,VOO,2022-06-09
362.92999267578125,363.69000244140625,358.2300109863281,358.2699890136719,339.2654724121094,7629700,VOO,2022-06-10
349.1099853515625,350.8399963378906,343.05999755859375,344.4599914550781,326.1880187988281,10399700,VOO,2022-06-13
346.3699951171875,347.32000732421875,340.57000732421875,343.6000061035156,325.37371826171875,7584200,VOO,2022-06-14
346.82000732421875,352.8399963378906,341.9700012207031,348.5199890136719,330.03265380859375,7887600,VOO,2022-06-15
340.4800109863281,340.8399963378906,334.57000732421875,337.07000732421875,319.1900939941406,8821900,VOO,2022-06-16
337.30999755859375,340.8699951171875,334.239990234375,337.95001220703125,320.02337646484375,7084000,VOO,2022-06-17
343.19000244140625,347.5,343.1099853515625,346.2300109863281,327.8641662597656,5628300,VOO,2022-06-21
342.0799865722656,349.510009765625,341.6300048828125,345.5,327.1729431152344,4876100,VOO,2022-06-22
347.6300048828125,349.6099853515625,344.1400146484375,349.1300048828125,330.6103210449219,6708800,VOO,2022-06-23
352.0299987792969,360.0199890136719,351.9700012207031,360.0,340.90374755859375,5458600,VOO,2022-06-24
361.0,361.1499938964844,357.57000732421875,358.6499938964844,339.6253356933594,4608600,VOO,2022-06-27
360.0799865722656,362.8399963378906,350.8999938964844,350.8999938964844,332.2864074707031,8797800,VOO,2022-06-28
350.42999267578125,351.3599853515625,347.80999755859375,349.6400146484375,332.45001220703125,3775900,VOO,2022-06-29
345.8800048828125,349.8399963378906,342.45001220703125,346.8800048828125,329.82574462890625,7159600,VOO,2022-06-30
346.1600036621094,350.8299865722656,343.5899963378906,350.44000244140625,333.210693359375,7481500,VOO,2022-07-01
345.4800109863281,351.1000061035156,342.7799987792969,351.05999755859375,333.8001708984375,6180600,VOO,2022-07-05
351.2300109863281,354.67999267578125,348.92999267578125,352.3299865722656,335.0077209472656,5450900,VOO,2022-07-06
354.010009765625,358.29998779296875,354.0,357.5,339.923583984375,3737500,VOO,2022-07-07
355.9100036621094,359.04998779296875,354.4700012207031,357.2900085449219,339.72393798828125,4791300,VOO,2022-07-08
354.8399963378906,355.57000732421875,352.510009765625,353.25,335.8825378417969,3491700,VOO,2022-07-11
352.6000061035156,354.8999938964844,348.3800048828125,349.989990234375,332.7828063964844,4080300,VOO,2022-07-12
344.739990234375,351.0,344.3699951171875,348.3599853515625,331.23284912109375,5603500,VOO,2022-07-13
343.4100036621094,347.95001220703125,341.04998779296875,347.44000244140625,330.358154296875,4624800,VOO,2022-07-14
351.7300109863281,354.1099853515625,349.79998779296875,354.010009765625,336.6051940917969,4520500,VOO,2022-07-15
356.9700012207031,357.6199951171875,349.9200134277344,351.0799865722656,333.81915283203125,3544900,VOO,2022-07-18
354.95001220703125,361.0899963378906,354.25,360.6099853515625,342.8806457519531,3620200,VOO,2022-07-19
360.70001220703125,364.239990234375,359.45001220703125,362.9200134277344,345.0770568847656,4270600,VOO,2022-07-20
362.3599853515625,366.6199951171875,360.010009765625,366.5899963378906,348.5665588378906,4604000,VOO,2022-07-21
366.69000244140625,367.8399963378906,361.010009765625,363.25,345.3908386230469,4533900,VOO,2022-07-22
363.8399963378906,364.44000244140625,361.45001220703125,363.6099853515625,345.733154296875,3902200,VOO,2022-07-25
362.1199951171875,362.2099914550781,358.45001220703125,359.25,341.58746337890625,2987200,VOO,2022-07-26
362.489990234375,370.3299865722656,362.2200012207031,368.6600036621094,350.53485107421875,4500300,VOO,2022-07-27
369.4200134277344,373.9100036621094,365.9800109863281,373.32000732421875,354.9656982421875,4345300,VOO,2022-07-28
374.7300109863281,379.6600036621094,373.92999267578125,378.7900085449219,360.16680908203125,5246400,VOO,2022-07-29
376.1199951171875,380.010009765625,375.44000244140625,377.6499938964844,359.0828857421875,4421400,VOO,2022-08-01
376.1099853515625,379.6300048828125,373.95001220703125,375.2099914550781,356.7627868652344,4132600,VOO,2022-08-02
377.19000244140625,382.1000061035156,376.9100036621094,381.07000732421875,362.3346862792969,3854800,VOO,2022-08-03
380.8800048828125,381.5299987792969,379.19000244140625,380.7699890136719,362.0494384765625,3410600,VOO,2022-08-04
376.6499938964844,380.70001220703125,376.5400085449219,379.9800109863281,361.29833984375,2852100,VOO,2022-08-05
381.7799987792969,383.9100036621094,378.57000732421875,379.6400146484375,360.9750671386719,3450800,VOO,2022-08-08
379.0199890136719,379.4100036621094,377.1000061035156,378.1400146484375,359.5487976074219,2360500,VOO,2022-08-09
384.989990234375,386.2300109863281,383.1000061035156,386.05999755859375,367.07940673828125,3651000,VOO,2022-08-10
388.8699951171875,390.6499938964844,385.3999938964844,386.05999755859375,367.07940673828125,3575400,VOO,2022-08-11
387.95001220703125,392.7200012207031,387.0899963378906,392.6700134277344,373.36444091796875,3664400,VOO,2022-08-12
390.489990234375,394.760009765625,390.4599914550781,394.3500061035156,374.9618835449219,3203900,VOO,2022-08-15
393.239990234375,396.8900146484375,392.44000244140625,395.0400085449219,375.6178894042969,3864800,VOO,2022-08-16
391.55999755859375,394.8500061035156,390.2900085449219,392.3399963378906,373.05059814453125,3222300,VOO,2022-08-17
392.4200134277344,394.0199890136719,391.1700134277344,393.54998779296875,374.201171875,3258100,VOO,2022-08-18
390.70001220703125,390.95001220703125,387.25,388.1199951171875,369.03814697265625,2899000,VOO,2022-08-19
383.42999267578125,383.5400085449219,379.0899963378906,379.94000244140625,361.2602844238281,4153700,VOO,2022-08-22
379.55999755859375,381.8699951171875,378.5199890136719,379.0400085449219,360.4045715332031,2869200,VOO,2022-08-23
378.8999938964844,381.5799865722656,378.17999267578125,380.19000244140625,361.49798583984375,2241200,VOO,2022-08-24
381.760009765625,385.7300109863281,380.70001220703125,385.7300109863281,366.765625,2631300,VOO,2022-08-25
385.54998779296875,386.04998779296875,372.510009765625,372.510009765625,354.1955871582031,5153200,VOO,2022-08-26
369.7699890136719,373.04998779296875,368.7799987792969,370.04998779296875,351.8565368652344,4953200,VOO,2022-08-29
371.29998779296875,371.45001220703125,364.0199890136719,366.0299987792969,348.0342102050781,5044500,VOO,2022-08-30
367.6099853515625,368.7900085449219,363.1099853515625,363.1499938964844,345.29571533203125,4062500,VOO,2022-08-31
361.1000061035156,364.70001220703125,358.510009765625,364.2699890136719,346.36065673828125,6126800,VOO,2022-09-01
367.95001220703125,369.1300048828125,358.7799987792969,360.45001220703125,342.7284851074219,4544200,VOO,2022-09-02
361.3599853515625,362.2799987792969,357.0,359.239990234375,341.5780029296875,5680300,VOO,2022-09-06
358.8599853515625,366.3800048828125,358.69000244140625,365.67999267578125,347.7013854980469,4137000,VOO,2022-09-07
363.3800048828125,368.4800109863281,362.2699890136719,368.07000732421875,349.973876953125,3692000,VOO,2022-09-08
370.239990234375,374.6099853515625,369.9800109863281,373.75,355.37457275390625,2621600,VOO,2022-09-09
375.82000732421875,378.510009765625,375.510009765625,377.8599853515625,359.28253173828125,2961400,VOO,2022-09-12
369.3399963378906,370.5299987792969,360.2799987792969,361.3800048828125,343.61273193359375,5549200,VOO,2022-09-13
362.5799865722656,364.1700134277344,359.5299987792969,362.7300109863281,344.8964538574219,3555500,VOO,2022-09-14
361.1600036621094,363.9700012207031,357.3999938964844,358.67999267578125,341.0455017089844,3807500,VOO,2022-09-15
354.55999755859375,356.4800109863281,352.69000244140625,355.8599853515625,338.3641357421875,4452300,VOO,2022-09-16
352.79998779296875,358.5899963378906,352.75,358.5899963378906,340.95989990234375,3412600,VOO,2022-09-19
355.3800048828125,356.3800048828125,351.8299865722656,354.54998779296875,337.1185607910156,3624000,VOO,2022-09-20
356.3800048828125,359.29998779296875,348.30999755859375,348.30999755859375,331.1854248046875,5102400,VOO,2022-09-21
347.54998779296875,348.5400085449219,344.6700134277344,345.3699951171875,328.38995361328125,5555600,VOO,2022-09-22
342.0799865722656,342.0799865722656,335.30999755859375,339.6300048828125,322.9321594238281,10491500,VOO,2022-09-23
338.2300109863281,341.6600036621094,335.07000732421875,336.3399963378906,319.80389404296875,5405700,VOO,2022-09-26
339.7900085449219,341.8399963378906,333.0799865722656,335.3900146484375,318.9006042480469,5795700,VOO,2022-09-27
334.79998779296875,342.1000061035156,333.17999267578125,340.4800109863281,325.1645812988281,8683900,VOO,2022-09-28
337.1499938964844,337.29998779296875,330.5299987792969,333.3800048828125,318.3839111328125,7230100,VOO,2022-09-29
332.57000732421875,336.19000244140625,328.1199951171875,328.29998779296875,313.53240966796875,7736600,VOO,2022-09-30
331.7900085449219,338.6600036621094,330.1000061035156,336.9800109863281,321.8220520019531,5739000,VOO,2022-10-03
342.1400146484375,347.3299865722656,342.1300048828125,347.2099914550781,331.5917663574219,5110000,VOO,2022-10-04
343.1199951171875,348.6400146484375,340.8599853515625,346.6099853515625,331.018798828125,4755800,VOO,2022-10-05
345.17999267578125,347.9800109863281,342.489990234375,342.9599914550781,327.532958984375,3879600,VOO,2022-10-06
339.0799865722656,339.3399963378906,331.6499938964844,333.3299865722656,318.3361511230469,5168100,VOO,2022-10-07
334.4700012207031,334.6700134277344,328.6600036621094,330.8399963378906,315.9581604003906,3933900,VOO,2022-10-10
329.20001220703125,333.55999755859375,326.8500061035156,328.6600036621094,313.876220703125,4968100,VOO,2022-10-11
329.1499938964844,330.5799865722656,327.44000244140625,327.6400146484375,312.902099609375,3235100,VOO,2022-10-12
320.8399963378906,337.67999267578125,319.8699951171875,336.2200012207031,321.0962219238281,6396900,VOO,2022-10-13
338.6199951171875,340.19000244140625,328.0299987792969,328.6499938964844,313.8667297363281,4879400,VOO,2022-10-14
334.57000732421875,338.1000061035156,334.4599914550781,337.0,321.8410949707031,3889500,VOO,2022-10-17
344.67999267578125,345.0,337.7699890136719,340.9700012207031,325.632568359375,4903300,VOO,2022-10-18
339.0400085449219,341.6700134277344,335.8999938964844,338.6099853515625,323.3786926269531,4403200,VOO,2022-10-19
338.1700134277344,342.4200134277344,335.04998779296875,335.8299865722656,320.7236633300781,3459100,VOO,2022-10-20
335.5,344.3900146484375,334.1300048828125,343.8999938964844,328.4306640625,4362400,VOO,2022-10-21
345.45001220703125,349.2300109863281,342.8699951171875,348.0899963378906,332.4322204589844,5639400,VOO,2022-10-24
348.04998779296875,354.0299987792969,348.0299987792969,353.75,337.837646484375,5203400,VOO,2022-10-25
350.70001220703125,356.1700134277344,350.44000244140625,351.1099853515625,335.3163757324219,4277700,VOO,2022-10-26
352.04998779296875,353.7900085449219,348.6000061035156,349.2300109863281,333.5209045410156,4145300,VOO,2022-10-27
349.0400085449219,357.9800109863281,348.95001220703125,357.3800048828125,341.30438232421875,4388100,VOO,2022-10-28
355.1600036621094,356.9200134277344,354.04998779296875,354.95001220703125,338.9837341308594,6431000,VOO,2022-10-31
358.5299987792969,358.7699890136719,352.2900085449219,353.5199890136719,337.6179504394531,8014300,VOO,2022-11-01
352.7799987792969,357.1300048828125,344.4100036621094,344.5,329.0036926269531,5022500,VOO,2022-11-02
341.3399963378906,343.80999755859375,338.8999938964844,340.8299865722656,325.4987487792969,4534800,VOO,2022-11-03
346.4100036621094,348.0199890136719,340.0,345.82000732421875,330.26434326171875,3655400,VOO,2022-11-04
347.05999755859375,349.7099914550781,345.1000061035156,349.1400146484375,333.43505859375,3316600,VOO,2022-11-07
350.2099914550781,353.8699951171875,347.0799865722656,351.0400085449219,335.2496032714844,3237200,VOO,2022-11-08
349.0799865722656,350.2200012207031,343.3599853515625,343.8699951171875,328.40203857421875,3570800,VOO,2022-11-09
356.5199890136719,363.010009765625,354.4100036621094,362.69000244140625,346.3755187988281,4603600,VOO,2022-11-10
363.69000244140625,367.0199890136719,361.739990234375,366.1600036621094,349.6894226074219,4877400,VOO,2022-11-11
364.57000732421875,367.7900085449219,362.8900146484375,363.2200012207031,346.88165283203125,5274300,VOO,2022-11-14
368.6499938964844,369.739990234375,362.5899963378906,366.2200012207031,349.7466735839844,4597800,VOO,2022-11-15
364.70001220703125,365.5199890136719,362.8500061035156,363.44000244140625,347.091796875,2755100,VOO,2022-11-16
358.79998779296875,362.989990234375,358.57000732421875,362.3900146484375,346.0889892578125,3278500,VOO,2022-11-17
365.4599914550781,365.5899963378906,361.2300109863281,363.989990234375,347.6170349121094,2574400,VOO,2022-11-18
362.7699890136719,363.739990234375,360.8699951171875,362.7099914550781,346.39459228515625,2397900,VOO,2022-11-21
364.510009765625,367.67999267578125,363.2099914550781,367.5400085449219,351.0073547363281,2316000,VOO,2022-11-22
367.2099914550781,370.3599853515625,367.0199890136719,369.8399963378906,353.203857421875,2590900,VOO,2022-11-23
369.3900146484375,370.3399963378906,369.05999755859375,369.79998779296875,353.1656799316406,1423400,VOO,2022-11-25
366.8599853515625,368.3800048828125,363.1499938964844,363.95001220703125,347.5788269042969,3553600,VOO,2022-11-28
363.92999267578125,365.17999267578125,361.4800109863281,363.30999755859375,346.96759033203125,2507800,VOO,2022-11-29
363.45001220703125,374.5899963378906,361.6499938964844,374.489990234375,357.64471435546875,4748800,VOO,2022-11-30
375.8699951171875,377.0,372.04998779296875,374.5400085449219,357.6924743652344,4608600,VOO,2022-12-01
369.6600036621094,374.8800048828125,369.6600036621094,374.0,357.1767272949219,3596000,VOO,2022-12-02
371.2799987792969,372.19000244140625,365.989990234375,367.3399963378906,350.8162841796875,3707000,VOO,2022-12-05
367.0899963378906,367.6099853515625,359.92999267578125,362.0299987792969,345.7452087402344,3911000,VOO,2022-12-06
361.04998779296875,363.6099853515625,360.30999755859375,361.3299865722656,345.07666015625,3338000,VOO,2022-12-07
363.1300048828125,365.1499938964844,361.6000061035156,364.17999267578125,347.7984924316406,3604500,VOO,2022-12-08
363.0,365.44000244140625,361.3399963378906,361.5199890136719,345.2580871582031,4271400,VOO,2022-12-09
362.2799987792969,366.67999267578125,361.5799865722656,366.67999267578125,350.1860046386719,2946200,VOO,2022-12-12
377.1099853515625,377.19000244140625,366.79998779296875,369.3900146484375,352.7741394042969,6161800,VOO,2022-12-13
369.1000061035156,372.79998779296875,364.25,367.1600036621094,350.6444091796875,4707100,VOO,2022-12-14
362.4700012207031,363.239990234375,356.4599914550781,358.1300048828125,342.0205993652344,5126800,VOO,2022-12-15
355.6499938964844,356.8299865722656,351.7900085449219,353.8599853515625,337.94268798828125,4533100,VOO,2022-12-16
354.1300048828125,354.3399963378906,349.25,350.80999755859375,335.0299072265625,5538500,VOO,2022-12-19
348.45001220703125,351.1700134277344,347.2099914550781,349.6700134277344,335.5404357910156,5068200,VOO,2022-12-20
352.20001220703125,355.95001220703125,351.70001220703125,354.8999938964844,340.55902099609375,3832400,VOO,2022-12-21
351.9800109863281,352.25,344.3399963378906,349.9100036621094,335.77069091796875,6458200,VOO,2022-12-22
348.92999267578125,351.95001220703125,347.3500061035156,351.8699951171875,337.6514587402344,4572000,VOO,2022-12-23
351.760009765625,352.0400085449219,348.8500061035156,350.4700012207031,336.30810546875,4303200,VOO,2022-12-27
350.4200134277344,352.20001220703125,345.8999938964844,346.1700134277344,332.1817932128906,4464600,VOO,2022-12-28
348.9100036621094,353.1300048828125,348.4700012207031,352.30999755859375,338.0737609863281,4086600,VOO,2022-12-29
349.7900085449219,351.489990234375,347.760009765625,351.3399963378906,337.14288330078125,5325400,VOO,2022-12-30
353.17999267578125,355.0400085449219,347.19000244140625,349.989990234375,335.84747314453125,4957300,VOO,2023-01-03
352.1000061035156,354.55999755859375,349.20001220703125,352.510009765625,338.2656555175781,3119100,VOO,2023-01-04
350.7300109863281,350.79998779296875,348.05999755859375,348.6600036621094,334.57122802734375,3216500,VOO,2023-01-05
351.5899963378906,357.6700134277344,348.739990234375,356.5899963378906,342.1807556152344,3464800,VOO,2023-01-06
358.7300109863281,361.7300109863281,356.2200012207031,356.3299865722656,341.93121337890625,3775300,VOO,2023-01-09
355.8399963378906,358.95001220703125,354.9599914550781,358.8699951171875,344.3686218261719,3495700,VOO,2023-01-10
360.4100036621094,363.510009765625,359.6600036621094,363.45001220703125,348.7635498046875,5710500,VOO,2023-01-11
364.4800109863281,366.1499938964844,360.6000061035156,364.80999755859375,350.06854248046875,4743500,VOO,2023-01-12
361.67999267578125,366.7300109863281,361.4700012207031,366.2300109863281,351.4311828613281,3015200,VOO,2023-01-13
366.19000244140625,367.7200012207031,364.8699951171875,365.6700134277344,350.8938293457031,4942000,VOO,2023-01-17
366.6700134277344,367.6600036621094,359.5799865722656,359.7300109863281,345.1938781738281,3931800,VOO,2023-01-18
357.760009765625,359.3599853515625,355.8500061035156,357.1400146484375,342.7085876464844,3569900,VOO,2023-01-19
358.45001220703125,363.9100036621094,356.8800048828125,363.7099914550781,349.0130615234375,3265100,VOO,2023-01-20
364.510009765625,370.0,363.6499938964844,368.1400146484375,353.2640075683594,3243300,VOO,2023-01-23
366.57000732421875,368.6099853515625,365.4200134277344,367.75,352.8898010253906,2702400,VOO,2023-01-24
363.7799987792969,368.1600036621094,361.6600036621094,367.8800048828125,353.0145263671875,3061700,VOO,2023-01-25
370.4599914550781,372.05999755859375,367.6099853515625,371.80999755859375,356.7857360839844,3460900,VOO,2023-01-26
370.8900146484375,375.0799865722656,370.760009765625,372.8699951171875,357.8028869628906,5549500,VOO,2023-01-27
370.1499938964844,372.2900085449219,367.8599853515625,368.2099914550781,353.3311767578125,3280600,VOO,2023-01-30
368.6099853515625,373.5400085449219,368.3299865722656,373.44000244140625,358.34991455078125,4181700,VOO,2023-01-31
372.44000244140625,380.1600036621094,369.760009765625,377.5299987792969,362.2746276855469,4941700,VOO,2023-02-01
381.25,384.4100036621094,379.3999938964844,382.94000244140625,367.46600341796875,5207900,VOO,2023-02-02
378.2300109863281,383.20001220703125,377.7900085449219,378.8500061035156,363.5412292480469,6472500,VOO,2023-02-03
376.5799865722656,377.92999267578125,375.0199890136719,376.6600036621094,361.43975830078125,2880100,VOO,2023-02-06
375.7900085449219,382.75,374.6199951171875,381.5199890136719,366.1033935546875,4504600,VOO,2023-02-07
379.69000244140625,380.92999267578125,376.7300109863281,377.3399963378906,362.0922546386719,2921500,VOO,2023-02-08
380.9700012207031,381.0,372.95001220703125,374.1099853515625,358.9928283691406,3327700,VOO,2023-02-09
373.0,375.3900146484375,372.20001220703125,375.0199890136719,359.8659973144531,3256700,VOO,2023-02-10
375.6499938964844,379.44000244140625,375.20001220703125,379.3500061035156,364.0210876464844,2980600,VOO,2023-02-13
377.9599914550781,381.4200134277344,375.45001220703125,379.2099914550781,363.88671875,4718000,VOO,2023-02-14
377.1499938964844,380.5299987792969,376.3299865722656,380.4800109863281,365.10540771484375,2820200,VOO,2023-02-15
375.6600036621094,379.42999267578125,375.0899963378906,375.19000244140625,360.0291442871094,3077500,VOO,2023-02-16
373.17999267578125,374.45001220703125,371.32000732421875,374.2200012207031,359.098388671875,3285300,VOO,2023-02-17
370.3999938964844,371.3399963378906,366.4800109863281,366.7900085449219,351.9686279296875,3109200,VOO,2023-02-21
367.17999267578125,368.6000061035156,364.8399963378906,366.3299865722656,351.5271911621094,3872000,VOO,2023-02-22
369.07000732421875,369.57000732421875,364.1300048828125,368.1700134277344,353.2928161621094,2867200,VOO,2023-02-23
363.30999755859375,365.0299987792969,361.7300109863281,364.2300109863281,349.5119934082031,4055000,VOO,2023-02-24
367.489990234375,368.7699890136719,364.5899963378906,365.489990234375,350.7210998535156,3300100,VOO,2023-02-27
365.010009765625,366.8599853515625,364.04998779296875,364.1099853515625,349.3968811035156,3022200,VOO,2023-02-28
363.3399963378906,364.510009765625,361.45001220703125,362.7799987792969,348.1206359863281,3764700,VOO,2023-03-01
360.80999755859375,366.3599853515625,360.5299987792969,365.489990234375,350.7210998535156,2727200,VOO,2023-03-02
367.2900085449219,371.6700134277344,366.70001220703125,371.2799987792969,356.27716064453125,4913600,VOO,2023-03-03
372.260009765625,374.44000244140625,371.29998779296875,371.7300109863281,356.708984375,2638300,VOO,2023-03-06
371.6300048828125,371.8900146484375,365.3900146484375,365.9800109863281,351.19134521484375,3546100,VOO,2023-03-07
366.1099853515625,367.29998779296875,364.44000244140625,366.54998779296875,351.73828125,2906300,VOO,2023-03-08
367.3500061035156,368.8800048828125,358.8500061035156,359.8399963378906,345.2994384765625,4409600,VOO,2023-03-09
359.3299865722656,361.239990234375,353.1400146484375,354.67999267578125,340.34796142578125,8360400,VOO,2023-03-10
350.760009765625,358.6700134277344,349.760009765625,354.0799865722656,339.7720947265625,6478700,VOO,2023-03-13
358.8800048828125,361.510009765625,355.6300048828125,359.9599914550781,345.4145202636719,4798800,VOO,2023-03-14
354.4599914550781,357.8800048828125,352.57000732421875,357.739990234375,343.2842712402344,6610400,VOO,2023-03-15
355.5400085449219,364.260009765625,354.989990234375,363.8599853515625,349.1570129394531,5016700,VOO,2023-03-16
362.760009765625,363.7900085449219,358.4200134277344,359.8800048828125,345.3377990722656,5189900,VOO,2023-03-17
360.4700012207031,363.5799865722656,359.82000732421875,363.1300048828125,348.4564514160156,3099800,VOO,2023-03-20
366.4200134277344,368.4100036621094,364.8800048828125,367.8800048828125,353.0145263671875,4117600,VOO,2023-03-21
367.7799987792969,371.2200012207031,361.6600036621094,361.7799987792969,347.1610412597656,4094800,VOO,2023-03-22
364.4800109863281,368.2900085449219,360.1199951171875,362.6400146484375,347.986328125,4787200,VOO,2023-03-23
359.9800109863281,363.6300048828125,357.7200012207031,363.55999755859375,350.30560302734375,3740400,VOO,2023-03-24
365.7300109863281,366.42999267578125,363.3999938964844,364.1600036621094,350.8836669921875,4144800,VOO,2023-03-27
363.5400085449219,364.20001220703125,361.67999267578125,363.5199890136719,350.26702880859375,2413700,VOO,2023-03-28
367.3999938964844,368.94000244140625,366.2900085449219,368.69000244140625,355.2485046386719,3636100,VOO,2023-03-29
371.2300109863281,371.4800109863281,369.1000061035156,370.8900146484375,357.3683776855469,3316700,VOO,2023-03-30
371.7799987792969,376.3399963378906,371.6499938964844,376.07000732421875,362.35943603515625,4159800,VOO,2023-03-31
375.6000061035156,377.9100036621094,375.2200012207031,377.55999755859375,363.79510498046875,3525300,VOO,2023-04-03
378.19000244140625,378.3999938964844,374.1300048828125,375.42999267578125,361.74273681640625,2713300,VOO,2023-04-04
374.7099914550781,375.4200134277344,372.8900146484375,374.5199890136719,360.865966796875,3227700,VOO,2023-04-05
373.6700134277344,376.19000244140625,372.7200012207031,375.95001220703125,362.24383544921875,3076200,VOO,2023-04-06
373.54998779296875,376.3900146484375,372.9599914550781,376.3599853515625,362.6388854980469,2671100,VOO,2023-04-10
376.8999938964844,377.760009765625,375.69000244140625,376.4100036621094,362.68707275390625,3069000,VOO,2023-04-11
378.3999938964844,378.6199951171875,374.32000732421875,374.9100036621094,361.2417297363281,3624200,VOO,2023-04-12
375.9100036621094,380.1700134277344,375.44000244140625,379.7699890136719,365.9245910644531,2680900,VOO,2023-04-13
379.2699890136719,381.3299865722656,376.7200012207031,378.989990234375,365.1730041503906,2981700,VOO,2023-04-14
378.8399963378906,380.32000732421875,377.67999267578125,380.2799987792969,366.4159851074219,2721000,VOO,2023-04-17
381.8399963378906,381.9200134277344,379.239990234375,380.5400085449219,366.6664733886719,3019300,VOO,2023-04-18
378.7300109863281,381.3299865722656,378.6700134277344,380.5199890136719,366.6472473144531,2671300,VOO,2023-04-19
377.7799987792969,380.07000732421875,376.94000244140625,378.3699951171875,364.5755920410156,2953200,VOO,2023-04-20
378.67999267578125,379.1000061035156,376.82000732421875,378.5899963378906,364.7875671386719,2762300,VOO,2023-04-21
378.4800109863281,379.4700012207031,377.2300109863281,379.0899963378906,365.2693786621094,2310400,VOO,2023-04-24
377.17999267578125,377.70001220703125,373.0199890136719,373.1000061035156,359.49774169921875,3795400,VOO,2023-04-25
373.6600036621094,374.67999267578125,370.9800109863281,371.44000244140625,357.8982849121094,3766900,VOO,2023-04-26
373.8900146484375,379.1300048828125,373.6700134277344,378.80999755859375,364.99957275390625,4302400,VOO,2023-04-27
378.0400085449219,382.1199951171875,378.0,382.04998779296875,368.1214599609375,3386900,VOO,2023-04-28
381.7300109863281,383.6400146484375,381.5199890136719,381.7900085449219,367.8709411621094,3069300,VOO,2023-05-01
381.05999755859375,381.1099853515625,374.6700134277344,377.510009765625,363.7469787597656,4311600,VOO,2023-05-02
377.9100036621094,380.20001220703125,374.6000061035156,374.8800048828125,361.2127990722656,5513000,VOO,2023-05-03
373.8399963378906,374.1099853515625,370.9200134277344,372.1400146484375,358.5727233886719,4421500,VOO,2023-05-04
375.739990234375,380.0899963378906,375.42999267578125,378.9700012207031,365.1537780761719,3139400,VOO,2023-05-05
379.4100036621094,379.6199951171875,377.8800048828125,379.17999267578125,365.3560485839844,2957600,VOO,2023-05-08
377.7099914550781,378.5799865722656,377.3299865722656,377.5400085449219,363.7759094238281,2271000,VOO,2023-05-09
380.2799987792969,380.8299865722656,375.6400146484375,379.19000244140625,365.36572265625,3512900,VOO,2023-05-10
378.4700012207031,378.8800048828125,376.6700134277344,378.6600036621094,364.85504150390625,2676600,VOO,2023-05-11
379.8500061035156,380.010009765625,375.8399963378906,378.1499938964844,364.3636474609375,2531000,VOO,2023-05-12
378.739990234375,379.8399963378906,376.9100036621094,379.4599914550781,365.6258239746094,3882600,VOO,2023-05-15
378.3900146484375,379.2799987792969,376.9100036621094,376.95001220703125,363.20745849609375,2275300,VOO,2023-05-16
378.8500061035156,382.0899963378906,377.2799987792969,381.45001220703125,367.5433349609375,3222600,VOO,2023-05-17
381.260009765625,385.57000732421875,381.0,385.17999267578125,371.1372985839844,3340600,VOO,2023-05-18
386.0199890136719,386.5400085449219,383.44000244140625,384.57000732421875,370.54962158203125,3649000,VOO,2023-05-19
384.6600036621094,386.2300109863281,383.4700012207031,384.7799987792969,370.751953125,2784000,VOO,2023-05-22
383.19000244140625,384.1099853515625,380.0799865722656,380.4800109863281,366.60870361328125,2887300,VOO,2023-05-23
378.9100036621094,379.25,376.57000732421875,377.6300048828125,363.86260986328125,3611600,VOO,2023-05-24
380.989990234375,382.2799987792969,378.9200134277344,380.9200134277344,367.03265380859375,3315900,VOO,2023-05-25
381.6400146484375,386.57000732421875,381.5400085449219,385.8699951171875,371.80218505859375,3042800,VOO,2023-05-26
387.760009765625,388.260009765625,384.760009765625,385.989990234375,371.9178161621094,3968500,VOO,2023-05-30
384.30999755859375,385.1600036621094,382.4200134277344,383.8900146484375,369.8943786621094,4205300,VOO,2023-05-31
384.20001220703125,388.57000732421875,382.9700012207031,387.57000732421875,373.440185546875,3563600,VOO,2023-06-01
390.0799865722656,393.9599914550781,389.5400085449219,393.260009765625,378.9227600097656,7368900,VOO,2023-06-02
393.5400085449219,394.7699890136719,391.7900085449219,392.5,378.1904602050781,3481200,VOO,2023-06-05
392.04998779296875,393.7900085449219,391.4100036621094,393.30999755859375,378.9709167480469,2894700,VOO,2023-06-06
393.6700134277344,394.760009765625,391.5400085449219,392.0199890136719,377.72796630859375,3942900,VOO,2023-06-07
391.9599914550781,394.7300109863281,391.2900085449219,394.3699951171875,379.9923095703125,3455400,VOO,2023-06-08
395.04998779296875,396.92999267578125,394.0799865722656,395.0299987792969,380.62823486328125,3060100,VOO,2023-06-09
395.9800109863281,398.69000244140625,395.29998779296875,398.6600036621094,384.1258850097656,3792700,VOO,2023-06-12
400.0199890136719,401.8500061035156,399.3999938964844,401.2900085449219,386.6600036621094,3913100,VOO,2023-06-13
401.6099853515625,403.44000244140625,398.4599914550781,401.6000061035156,386.958740234375,5161300,VOO,2023-06-14
401.0,407.92999267578125,400.8900146484375,406.75,391.9209289550781,5285000,VOO,2023-06-15
408.69000244140625,408.760009765625,404.8900146484375,405.25,390.4756164550781,5141900,VOO,2023-06-16
403.489990234375,404.32000732421875,401.260009765625,403.3800048828125,388.673828125,4242900,VOO,2023-06-20
402.30999755859375,403.05999755859375,400.6700134277344,401.1700134277344,386.5443420410156,3423500,VOO,2023-06-21
400.2799987792969,402.7200012207031,399.95001220703125,402.6300048828125,387.951171875,3141000,VOO,2023-06-22
399.3299865722656,401.2799987792969,398.92999267578125,399.6099853515625,385.041259765625,4215300,VOO,2023-06-23
399.0400085449219,400.8599853515625,397.7300109863281,397.9599914550781,383.4513854980469,3250700,VOO,2023-06-26
398.79998779296875,402.92999267578125,398.3900146484375,402.3699951171875,387.7006530761719,4302400,VOO,2023-06-27
401.3500061035156,403.489990234375,400.7099914550781,402.54998779296875,387.8740539550781,4320700,VOO,2023-06-28
400.6000061035156,402.6700134277344,400.19000244140625,402.510009765625,389.35992431640625,3914800,VOO,2023-06-29
405.3999938964844,408.2200012207031,405.2900085449219,407.2799987792969,393.9740295410156,5173700,VOO,2023-06-30
406.9200134277344,408.05999755859375,406.67999267578125,408.05999755859375,394.7285461425781,2372000,VOO,2023-07-03
406.010009765625,407.8399963378906,406.010009765625,407.1499938964844,393.84832763671875,4230100,VOO,2023-07-05
403.7799987792969,404.3500061035156,401.55999755859375,403.8299865722656,390.6368103027344,6040300,VOO,2023-07-06
403.0299987792969,406.67999267578125,402.7099914550781,402.8900146484375,389.7275085449219,3673200,VOO,2023-07-07
402.6300048828125,404.1099853515625,402.05999755859375,403.9700012207031,390.7721862792969,3362300,VOO,2023-07-10
404.7699890136719,407.0,403.7699890136719,406.55999755859375,393.2776184082031,3177800,VOO,2023-07-11
410.19000244140625,411.1300048828125,408.7900085449219,409.760009765625,396.3730773925781,4246400,VOO,2023-07-12
411.5400085449219,413.80999755859375,411.1300048828125,413.1000061035156,399.60394287109375,3273400,VOO,2023-07-13
413.94000244140625,414.7099914550781,412.0799865722656,412.7699890136719,399.28472900390625,3680900,VOO,2023-07-14
412.6499938964844,415.25,412.6300048828125,414.2099914550781,400.6775817871094,2963700,VOO,2023-07-17
413.9100036621094,417.92999267578125,413.5400085449219,417.3500061035156,403.7150573730469,3594000,VOO,2023-07-18
418.07000732421875,419.3699951171875,417.489990234375,418.25,404.5856018066406,3494900,VOO,2023-07-19
417.29998779296875,418.1600036621094,414.82000732421875,415.5199890136719,401.94488525390625,4085000,VOO,2023-07-20
417.1099853515625,417.29998779296875,415.4800109863281,415.57000732421875,401.99322509765625,3176700,VOO,2023-07-21
416.5799865722656,418.1000061035156,416.0199890136719,417.3299865722656,403.6957092285156,3471100,VOO,2023-07-24
417.0799865722656,419.6499938964844,417.07000732421875,418.55999755859375,404.88555908203125,3949300,VOO,2023-07-25
417.6199951171875,419.8900146484375,416.5799865722656,418.6600036621094,404.9822998046875,6138800,VOO,2023-07-26
421.7900085449219,422.1499938964844,414.9200134277344,415.82000732421875,402.235107421875,4149400,VOO,2023-07-27
418.92999267578125,420.6199951171875,418.1600036621094,419.8699951171875,406.1527404785156,2701200,VOO,2023-07-28
420.32000732421875,420.9700012207031,419.04998779296875,420.67999267578125,406.93621826171875,3452100,VOO,2023-07-31
419.260009765625,420.0799865722656,418.54998779296875,419.3800048828125,405.6787414550781,3118000,VOO,2023-08-01
416.4599914550781,416.70001220703125,412.8800048828125,413.57000732421875,400.05859375,4973700,VOO,2023-08-02
411.67999267578125,414.19000244140625,411.0899963378906,412.3999938964844,398.9267883300781,3022300,VOO,2023-08-03
414.1499938964844,416.1300048828125,410.0299987792969,410.3800048828125,396.9728088378906,5717300,VOO,2023-08-04
412.2900085449219,414.239990234375,411.6400146484375,414.0799865722656,400.5518798828125,2598000,VOO,2023-08-07
411.760009765625,412.739990234375,409.1300048828125,412.2900085449219,398.8204040527344,3780100,VOO,2023-08-08
412.6600036621094,412.7300109863281,408.8500061035156,409.54998779296875,396.1698913574219,3145900,VOO,2023-08-09
411.79998779296875,415.04998779296875,408.6199951171875,409.7900085449219,396.4020690917969,4588300,VOO,2023-08-10
407.95001220703125,410.4100036621094,407.3399963378906,409.4100036621094,396.0344543457031,2918900,VOO,2023-08-11
408.55999755859375,411.739990234375,408.30999755859375,411.7200012207031,398.2690124511719,2772900,VOO,2023-08-14
410.0899963378906,411.7099914550781,406.4100036621094,407.0,393.7031555175781,4686100,VOO,2023-08-15
406.5899963378906,408.1099853515625,403.8699951171875,403.989990234375,390.79156494140625,3353700,VOO,2023-08-16
405.3299865722656,405.5799865722656,400.3699951171875,400.7200012207031,387.6283874511719,7102500,VOO,2023-08-17
398.1700134277344,402.0199890136719,397.8500061035156,401.0899963378906,387.9862976074219,4157700,VOO,2023-08-18
402.1400146484375,404.3900146484375,399.989990234375,403.739990234375,390.54974365234375,3292400,VOO,2023-08-21
405.3500061035156,405.3999938964844,402.05999755859375,402.6099853515625,389.45660400390625,2646100,VOO,2023-08-22
403.55999755859375,407.6700134277344,403.4700012207031,406.95001220703125,393.6548767089844,3250000,VOO,2023-08-23
408.6000061035156,409.0799865722656,401.3999938964844,401.5400085449219,388.421630859375,3458800,VOO,2023-08-24
403.0799865722656,405.79998779296875,399.7099914550781,404.20001220703125,390.99468994140625,4417800,VOO,2023-08-25
406.3599853515625,407.44000244140625,405.1000061035156,406.8599853515625,393.5677795410156,3236700,VOO,2023-08-28
406.7799987792969,412.9800109863281,406.57000732421875,412.6400146484375,399.158935546875,3482700,VOO,2023-08-29
413.0299987792969,415.0299987792969,412.3999938964844,414.3599853515625,400.8227844238281,3004500,VOO,2023-08-30
414.9800109863281,416.1199951171875,413.6600036621094,413.8299865722656,400.31005859375,4751100,VOO,2023-08-31
416.4599914550781,416.8800048828125,413.2099914550781,414.7099914550781,401.1613464355469,3588000,VOO,2023-09-01
414.20001220703125,414.4700012207031,412.7699890136719,412.8999938964844,399.4104309082031,4426700,VOO,2023-09-05
412.1000061035156,412.1300048828125,407.8299865722656,410.04998779296875,396.6535339355469,3744100,VOO,2023-09-06
407.1700134277344,409.42999267578125,406.8599853515625,408.8299865722656,395.473388671875,2245800,VOO,2023-09-07
408.82000732421875,410.8399963378906,408.489990234375,409.3900146484375,396.01513671875,4124400,VOO,2023-09-08
411.8800048828125,412.3800048828125,410.2900085449219,412.0799865722656,398.6172180175781,3346600,VOO,2023-09-11
410.70001220703125,412.1499938964844,409.2900085449219,409.8699951171875,396.4794616699219,7595300,VOO,2023-09-12
410.0299987792969,411.3999938964844,408.989990234375,410.3500061035156,396.94378662109375,2529700,VOO,2023-09-13
412.6700134277344,414.510009765625,411.4200134277344,413.8999938964844,400.3778076171875,3660900,VOO,2023-09-14
412.3399963378906,412.6700134277344,408.4800109863281,408.739990234375,395.38629150390625,4004000,VOO,2023-09-15
408.5799865722656,410.3399963378906,408.1600036621094,409.19000244140625,395.8216857910156,3014600,VOO,2023-09-18
408.2200012207031,408.80999755859375,405.7099914550781,408.3699951171875,395.0284423828125,3623300,VOO,2023-09-19
409.4599914550781,409.8399963378906,404.3299865722656,404.54998779296875,391.33319091796875,4009400,VOO,2023-09-20
401.79998779296875,402.04998779296875,397.69000244140625,397.9200134277344,384.9198913574219,4633100,VOO,2023-09-21
398.79998779296875,400.3299865722656,396.55999755859375,396.9599914550781,383.9911804199219,7204200,VOO,2023-09-22
395.760009765625,398.6400146484375,395.3699951171875,398.6099853515625,385.5872802734375,3227900,VOO,2023-09-25
395.7200012207031,396.3599853515625,391.9599914550781,392.760009765625,379.928466796875,5734700,VOO,2023-09-26
393.8399963378906,394.3900146484375,389.45001220703125,392.8500061035156,380.01556396484375,4837700,VOO,2023-09-27
390.8699951171875,395.2699890136719,390.3299865722656,393.6400146484375,382.23236083984375,4065800,VOO,2023-09-28
396.6199951171875,396.739990234375,391.29998779296875,392.70001220703125,381.319580078125,5766600,VOO,2023-09-29
391.8999938964844,393.760009765625,389.9700012207031,392.6700134277344,381.2904968261719,5886200,VOO,2023-10-02
390.5799865722656,391.92999267578125,386.0299987792969,387.3900146484375,376.1634826660156,6886700,VOO,2023-10-03
387.7300109863281,390.8500061035156,386.3999938964844,390.239990234375,378.9308776855469,4333700,VOO,2023-10-04
389.8900146484375,390.7900085449219,386.95001220703125,389.9100036621094,378.61041259765625,3329100,VOO,2023-10-05
387.69000244140625,396.0899963378906,386.4100036621094,394.55999755859375,383.1257019042969,4897200,VOO,2023-10-06
392.7699890136719,397.69000244140625,392.30999755859375,397.19000244140625,385.6794738769531,2959500,VOO,2023-10-09
397.7699890136719,401.67999267578125,397.3900146484375,399.239990234375,387.6700744628906,3289600,VOO,2023-10-10
400.2699890136719,401.0899963378906,397.989990234375,400.92999267578125,389.3110046386719,4181800,VOO,2023-10-11
401.4800109863281,401.79998779296875,396.20001220703125,398.5199890136719,386.9709167480469,3872900,VOO,2023-10-12
399.80999755859375,400.9599914550781,394.9599914550781,396.4200134277344,384.9317626953125,3769800,VOO,2023-10-13
398.57000732421875,401.6000061035156,398.3399963378906,400.57000732421875,388.9615173339844,5150900,VOO,2023-10-16
397.6300048828125,402.5,397.30999755859375,400.5799865722656,388.97119140625,4214600,VOO,2023-10-17
398.8900146484375,399.80999755859375,394.2200012207031,395.2200012207031,383.7665710449219,7329300,VOO,2023-10-18
395.9700012207031,397.6000061035156,391.1400146484375,391.8699951171875,380.5135803222656,6708900,VOO,2023-10-19
391.3800048828125,391.82000732421875,386.8399963378906,386.989990234375,375.7750549316406,7549600,VOO,2023-10-20
385.4800109863281,389.94000244140625,383.8500061035156,386.30999755859375,375.11474609375,5537100,VOO,2023-10-23
388.2799987792969,390.260009765625,386.54998779296875,389.20001220703125,377.9210205078125,4451500,VOO,2023-10-24
387.6000061035156,387.67999267578125,383.1199951171875,383.7099914550781,372.5901184082031,5471200,VOO,2023-10-25
382.6300048828125,383.3999938964844,378.1499938964844,379.0,368.0166015625,6959400,VOO,2023-10-26
380.5299987792969,380.8900146484375,375.95001220703125,377.32000732421875,366.3852844238281,5638800,VOO,2023-10-27
379.9100036621094,382.79998779296875,378.7099914550781,381.8599853515625,370.7937316894531,5795800,VOO,2023-10-30
382.3500061035156,384.4800109863281,380.55999755859375,384.1700134277344,373.03680419921875,4523200,VOO,2023-10-31
385.0899963378906,389.0799865722656,384.6199951171875,388.3999938964844,377.1441650390625,5549200,VOO,2023-11-01
391.92999267578125,395.9100036621094,391.9200134277344,395.7799987792969,384.3102722167969,4752200,VOO,2023-11-02
397.9200134277344,400.8500061035156,397.8399963378906,399.44000244140625,387.8642578125,5981400,VOO,2023-11-03
400.1199951171875,400.7300109863281,398.4599914550781,400.2099914550781,388.6119079589844,4007100,VOO,2023-11-06
400.260009765625,402.0400085449219,399.2300109863281,401.3399963378906,389.7091979980469,3358600,VOO,2023-11-07
401.989990234375,402.5,399.55999755859375,401.6700134277344,390.0296325683594,3731900,VOO,2023-11-08
402.80999755859375,402.8800048828125,398.2099914550781,398.6400146484375,387.0874328613281,4145600,VOO,2023-11-09
400.5899963378906,405.1099853515625,399.1400146484375,404.8599853515625,393.1271667480469,3992800,VOO,2023-11-10
403.5899963378906,405.489990234375,402.82000732421875,404.45001220703125,392.7290954589844,2872900,VOO,2023-11-13
410.0400085449219,413.510009765625,409.8900146484375,412.2200012207031,400.27392578125,6973100,VOO,2023-11-14
413.5400085449219,414.7200012207031,412.3699951171875,413.1199951171875,401.1477966308594,4414800,VOO,2023-11-15
412.739990234375,413.95001220703125,411.75,413.70001220703125,401.71099853515625,3798900,VOO,2023-11-16
413.94000244140625,414.7900085449219,412.8699951171875,414.30999755859375,402.3033142089844,4696200,VOO,2023-11-17
413.989990234375,418.20001220703125,413.9800109863281,417.42999267578125,405.33294677734375,3517600,VOO,2023-11-20
416.3999938964844,416.8399963378906,415.29998779296875,416.3399963378906,404.2745056152344,5248200,VOO,2023-11-21
418.07000732421875,419.30999755859375,417.05999755859375,418.1400146484375,406.0223693847656,3692800,VOO,2023-11-22
418.19000244140625,418.489990234375,417.8399963378906,418.3699951171875,406.24566650390625,1351300,VOO,2023-11-24
417.7900085449219,418.5299987792969,417.2300109863281,417.6400146484375,405.5368347167969,3632600,VOO,2023-11-27
417.25,419.25,416.7099914550781,418.04998779296875,405.9349365234375,3382400,VOO,2023-11-28
420.05999755859375,421.1199951171875,417.3699951171875,417.7799987792969,405.6727294921875,4092600,VOO,2023-11-29
418.5400085449219,419.70001220703125,416.57000732421875,419.3999938964844,407.2457580566406,4405700,VOO,2023-11-30
418.8299865722656,422.3699951171875,418.25,421.8599853515625,409.6344909667969,4973600,VOO,2023-12-01
418.6499938964844,419.8699951171875,417.5,419.739990234375,407.5759582519531,5806100,VOO,2023-12-04
418.3399963378906,420.4700012207031,418.0,419.6099853515625,407.44970703125,3419300,VOO,2023-12-05
421.6099853515625,421.6700134277344,417.4599914550781,417.8599853515625,405.7503967285156,4201800,VOO,2023-12-06
419.80999755859375,421.6700134277344,419.2799987792969,421.1300048828125,408.9256896972656,3248300,VOO,2023-12-07
420.3699951171875,423.3699951171875,420.1499938964844,422.9200134277344,410.663818359375,5125300,VOO,2023-12-08
422.4100036621094,424.7099914550781,422.2200012207031,424.55999755859375,412.25628662109375,5247100,VOO,2023-12-11
424.2200012207031,426.6700134277344,423.2699890136719,426.6700134277344,414.30517578125,5982600,VOO,2023-12-12
426.8800048828125,432.6099853515625,426.510009765625,432.4800109863281,419.94677734375,8659100,VOO,2023-12-13
434.2200012207031,435.3599853515625,431.239990234375,433.75,421.179931640625,8349100,VOO,2023-12-14
433.19000244140625,434.25,432.239990234375,433.0899963378906,420.53912353515625,5326000,VOO,2023-12-15
434.6400146484375,436.3999938964844,434.45001220703125,435.5400085449219,422.9180603027344,4280500,VOO,2023-12-18
436.0400085449219,438.2200012207031,435.95001220703125,438.19000244140625,425.49127197265625,4061500,VOO,2023-12-19
435.510009765625,437.30999755859375,429.8999938964844,430.0899963378906,419.34954833984375,5783200,VOO,2023-12-20
433.1300048828125,434.6400146484375,430.8599853515625,434.2799987792969,423.4349670410156,4621600,VOO,2023-12-21
435.4599914550781,436.8399963378906,433.4800109863281,435.2900085449219,424.41973876953125,4037800,VOO,2023-12-22
435.6700134277344,437.9200134277344,435.5799865722656,437.1000061035156,426.1845397949219,3835800,VOO,2023-12-26
436.8999938964844,438.0199890136719,436.4200134277344,437.8999938964844,426.9645690917969,4271000,VOO,2023-12-27
438.25,438.8399963378906,437.6600036621094,437.9700012207031,427.03277587890625,4703700,VOO,2023-12-28
437.8699951171875,438.3399963378906,434.94000244140625,436.79998779296875,425.8920593261719,4376900,VOO,2023-12-29
433.9100036621094,435.2699890136719,432.3599853515625,434.010009765625,423.1716613769531,9076000,VOO,2024-01-02
432.32000732421875,433.0,430.25,430.7900085449219,420.0320739746094,4805000,VOO,2024-01-03
430.3299865722656,432.7799987792969,429.2099914550781,429.42999267578125,418.7060852050781,3945300,VOO,2024-01-04
429.5899963378906,432.29998779296875,428.6400146484375,429.9800109863281,419.24237060546875,5724600,VOO,2024-01-05
430.45001220703125,436.2699890136719,430.3699951171875,436.1300048828125,425.23876953125,7222400,VOO,2024-01-08
433.6199951171875,436.42999267578125,433.1600036621094,435.07000732421875,424.2052307128906,7939600,VOO,2024-01-09
435.7699890136719,438.739990234375,435.4800109863281,437.94000244140625,427.0035400390625,4278800,VOO,2024-01-10
438.94000244140625,439.3599853515625,434.0,437.7900085449219,426.8573303222656,4796600,VOO,2024-01-11
439.1099853515625,439.79998779296875,436.7300109863281,437.989990234375,427.05230712890625,5182700,VOO,2024-01-12
436.7900085449219,437.9800109863281,434.739990234375,436.5,425.5994873046875,5730800,VOO,2024-01-16
433.6000061035156,434.4800109863281,431.80999755859375,434.07000732421875,423.2301940917969,6044600,VOO,2024-01-17
435.5799865722656,438.3900146484375,434.1600036621094,437.92999267578125,426.9938049316406,4331300,VOO,2024-01-18
439.0,443.6099853515625,438.30999755859375,443.2900085449219,432.2199401855469,4836800,VOO,2024-01-19
444.7699890136719,445.9200134277344,443.67999267578125,444.29998779296875,433.2047119140625,5870400,VOO,2024-01-22
444.8299865722656,445.82000732421875,443.7799987792969,445.6199951171875,434.49176025390625,3251600,VOO,2024-01-23
448.32000732421875,449.19000244140625,445.75,445.989990234375,434.8525085449219,4568200,VOO,2024-01-24
448.1400146484375,448.760009765625,446.1099853515625,448.5,437.2998352050781,4167100,VOO,2024-01-25
448.1000061035156,449.510009765625,447.1600036621094,448.2300109863281,437.0365905761719,6404000,VOO,2024-01-26
448.2300109863281,451.6099853515625,447.7099914550781,451.489990234375,440.2151794433594,4543300,VOO,2024-01-29
450.8399963378906,451.80999755859375,450.44000244140625,451.1700134277344,439.9031982421875,3410000,VOO,2024-01-30
449.0400085449219,449.4700012207031,443.75,443.82000732421875,432.7366943359375,7108000,VOO,2024-01-31
445.3500061035156,449.6600036621094,444.6499938964844,449.6600036621094,438.4308776855469,6138400,VOO,2024-02-01
450.010009765625,455.8800048828125,449.69000244140625,454.2799987792969,442.93548583984375,6253500,VOO,2024-02-02
453.7300109863281,454.1499938964844,450.5400085449219,452.6199951171875,441.3169250488281,7101900,VOO,2024-02-05
453.5799865722656,454.2900085449219,452.2099914550781,454.0299987792969,442.6917419433594,4383600,VOO,2024-02-06
456.1499938964844,458.17999267578125,455.2699890136719,457.760009765625,446.32861328125,6763400,VOO,2024-02-07
457.80999755859375,458.3299865722656,457.0299987792969,458.07000732421875,446.6308898925781,4184600,VOO,2024-02-08
458.5400085449219,461.0299987792969,458.1700134277344,460.6700134277344,449.1659240722656,4002600,VOO,2024-02-09
460.6099853515625,462.739990234375,459.75,460.4599914550781,448.9612121582031,4564200,VOO,2024-02-12
454.4800109863281,455.70001220703125,451.0,453.9700012207031,442.63323974609375,8152200,VOO,2024-02-13
456.5799865722656,458.6700134277344,454.3999938964844,458.2900085449219,446.8453674316406,5624000,VOO,2024-02-14
458.8999938964844,461.5400085449219,458.42999267578125,461.3900146484375,449.867919921875,5695700,VOO,2024-02-15
461.0799865722656,462.1499938964844,458.3999938964844,459.0299987792969,447.56689453125,5527900,VOO,2024-02-16
457.44000244140625,458.05999755859375,454.42999267578125,456.510009765625,445.10986328125,5306800,VOO,2024-02-20
455.32000732421875,457.1199951171875,453.6000061035156,456.9700012207031,445.5583190917969,4208600,VOO,2024-02-21
463.2200012207031,467.3299865722656,462.32000732421875,466.57000732421875,454.9185791015625,4328500,VOO,2024-02-22
468.0899963378906,468.8699951171875,466.0899963378906,466.7799987792969,455.12335205078125,4050600,VOO,2024-02-23
467.19000244140625,467.5899963378906,464.94000244140625,465.07000732421875,453.45599365234375,3450800,VOO,2024-02-26
465.7099914550781,466.1199951171875,463.9100036621094,465.92999267578125,454.2945556640625,3586900,VOO,2024-02-27
464.489990234375,465.8299865722656,464.1099853515625,465.2099914550781,453.592529296875,2800600,VOO,2024-02-28
466.9700012207031,468.489990234375,464.4700012207031,466.92999267578125,455.2696228027344,7332900,VOO,2024-02-29
467.8299865722656,471.7699890136719,467.42999267578125,471.42999267578125,459.6572265625,4839400,VOO,2024-03-01
470.6099853515625,472.6000061035156,470.6000061035156,470.8699951171875,459.1112060546875,3970200,VOO,2024-03-04
468.95001220703125,469.3800048828125,464.05999755859375,466.1499938964844,454.509033203125,4616500,VOO,2024-03-05
469.25,470.6600036621094,467.32000732421875,468.6199951171875,456.91741943359375,5325100,VOO,2024-03-06
471.6300048828125,474.19000244140625,470.7799987792969,473.260009765625,461.44158935546875,7149800,VOO,2024-03-07
473.7699890136719,476.29998779296875,469.82000732421875,470.3900146484375,458.6432189941406,6285600,VOO,2024-03-08
469.20001220703125,470.4599914550781,467.3900146484375,470.0,458.262939453125,5323900,VOO,2024-03-11
471.9200134277344,475.54998779296875,469.57000732421875,475.0299987792969,463.1673278808594,4811000,VOO,2024-03-12
475.30999755859375,475.4700012207031,472.8999938964844,474.30999755859375,462.4653015136719,3544500,VOO,2024-03-13
475.1600036621094,475.3299865722656,470.45001220703125,473.2699890136719,461.4513244628906,5153000,VOO,2024-03-14
470.4100036621094,471.7799987792969,468.7200012207031,470.010009765625,458.2727355957031,6807100,VOO,2024-03-15
473.95001220703125,475.2799987792969,472.5,472.95001220703125,461.1393127441406,3939100,VOO,2024-03-18
472.20001220703125,475.739990234375,471.2900085449219,475.6000061035156,463.72308349609375,4550200,VOO,2024-03-19
475.5400085449219,480.0199890136719,474.92999267578125,479.75,467.76947021484375,6179400,VOO,2024-03-20
482.6199951171875,483.239990234375,481.2099914550781,481.3500061035156,469.3294677734375,5044700,VOO,2024-03-21
479.8699951171875,480.32000732421875,478.82000732421875,479.17999267578125,468.7161560058594,5881500,VOO,2024-03-22
477.7300109863281,478.7900085449219,477.54998779296875,477.94000244140625,467.5032043457031,6081300,VOO,2024-03-25
479.05999755859375,479.3699951171875,476.42999267578125,476.6000061035156,466.1925354003906,8073500,VOO,2024-03-26
479.510009765625,480.8699951171875,477.45001220703125,480.760009765625,470.26165771484375,4951400,VOO,2024-03-27
480.8699951171875,482.1600036621094,480.5,480.70001220703125,470.2029724121094,4065000,VOO,2024-03-28
481.44000244140625,481.9599914550781,478.8299865722656,480.07000732421875,469.58673095703125,5734000,VOO,2024-04-01
476.3299865722656,476.989990234375,474.7099914550781,476.92999267578125,466.5152893066406,4817800,VOO,2024-04-02
475.8399963378906,478.79998779296875,475.7900085449219,477.3599853515625,466.9359130859375,6224800,VOO,2024-04-03
481.20001220703125,481.4800109863281,471.2699890136719,471.4800109863281,461.1842956542969,6871200,VOO,2024-04-04
472.8500061035156,478.3299865722656,472.4200134277344,476.489990234375,466.0849304199219,5588200,VOO,2024-04-05
477.1499938964844,478.07000732421875,475.9700012207031,476.67999267578125,466.2707824707031,4736800,VOO,2024-04-08
478.3800048828125,478.6000061035156,472.739990234375,477.2699890136719,466.847900390625,5250400,VOO,2024-04-09
471.9100036621094,474.3900146484375,470.6700134277344,472.6499938964844,462.3287353515625,6933400,VOO,2024-04-10
473.9800109863281,477.42999267578125,470.6700134277344,476.05999755859375,465.6643371582031,5109900,VOO,2024-04-11
472.7699890136719,474.04998779296875,467.9100036621094,469.57000732421875,459.3160400390625,6959700,VOO,2024-04-12
473.4700012207031,473.5899963378906,462.8500061035156,463.6099853515625,453.4861755371094,9530000,VOO,2024-04-15
464.04998779296875,465.510009765625,461.5899963378906,462.7799987792969,452.67431640625,6761400,VOO,2024-04-16
465.1099853515625,465.239990234375,458.7300109863281,459.989990234375,449.9452209472656,7156200,VOO,2024-04-17
461.3599853515625,463.29998779296875,458.2099914550781,458.94000244140625,448.91815185546875,5637300,VOO,2024-04-18
458.989990234375,459.94000244140625,453.8999938964844,455.1000061035156,445.16204833984375,9787500,VOO,2024-04-19
457.54998779296875,461.7300109863281,455.3500061035156,459.04998779296875,449.0257568359375,5818100,VOO,2024-04-22
461.17999267578125,465.1300048828125,460.6700134277344,464.8399963378906,454.6893310546875,4257400,VOO,2024-04-23
465.57000732421875,466.30999755859375,462.44000244140625,464.5,454.3567810058594,7687800,VOO,2024-04-24
458.7699890136719,463.4599914550781,457.260009765625,462.5799865722656,452.4786682128906,4876200,VOO,2024-04-25
465.3299865722656,468.6300048828125,464.80999755859375,467.2099914550781,457.0075378417969,4907100,VOO,2024-04-26
468.8399963378906,469.4200134277344,466.2099914550781,468.8399963378906,458.6020202636719,3253200,VOO,2024-04-29
467.4200134277344,468.3399963378906,461.3599853515625,461.42999267578125,451.35382080078125,4364800,VOO,2024-04-30
460.7699890136719,467.07000732421875,459.44000244140625,459.92999267578125,449.8865051269531,6115400,VOO,2024-05-01
463.3599853515625,464.95001220703125,459.1600036621094,464.2200012207031,454.0828552246094,3972400,VOO,2024-05-02
469.760009765625,471.0,467.44000244140625,469.9800109863281,459.71710205078125,4586900,VOO,2024-05-03
472.2200012207031,474.80999755859375,471.82000732421875,474.7200012207031,464.3535461425781,4782500,VOO,2024-05-06
475.70001220703125,476.6400146484375,474.7099914550781,475.3999938964844,465.0187072753906,3451300,VOO,2024-05-07
473.5899963378906,475.8599853515625,473.5,475.4200134277344,465.0382995605469,3214900,VOO,2024-05-08
475.5899963378906,478.1499938964844,474.94000244140625,478.1499938964844,467.7086486816406,3486000,VOO,2024-05-09
479.69000244140625,480.3900146484375,477.5899963378906,478.739990234375,468.2857971191406,3347200,VOO,2024-05-10
480.3500061035156,480.4200134277344,477.7300109863281,478.7699890136719,468.3151550292969,3108400,VOO,2024-05-13
478.9800109863281,481.4700012207031,478.4800109863281,481.0400085449219,470.5355529785156,3257700,VOO,2024-05-14
483.3399963378906,487.2300109863281,482.739990234375,486.8999938964844,476.267578125,4399500,VOO,2024-05-15
487.04998779296875,488.57000732421875,485.8299865722656,485.9700012207031,475.35791015625,3347400,VOO,2024-05-16
486.0899963378906,486.7300109863281,484.70001220703125,486.69000244140625,476.0622253417969,3274000,VOO,2024-05-17
486.7799987792969,488.6099853515625,486.45001220703125,487.1700134277344,476.5317077636719,2599600,VOO,2024-05-20
486.5299987792969,488.5799865722656,486.3500061035156,488.4800109863281,477.8131103515625,2453600,VOO,2024-05-21
487.7900085449219,488.42999267578125,484.94000244140625,487.05999755859375,476.4241027832031,3250600,VOO,2024-05-22
489.9100036621094,489.989990234375,482.2900085449219,483.44000244140625,472.8831481933594,3811300,VOO,2024-05-23
485.17999267578125,487.3999938964844,484.3299865722656,486.7300109863281,476.101318359375,2555200,VOO,2024-05-24
487.3999938964844,487.6499938964844,484.5299987792969,487.1199951171875,476.4827880859375,4034700,VOO,2024-05-28
483.19000244140625,484.67999267578125,482.9599914550781,483.69000244140625,473.1277160644531,5605000,VOO,2024-05-29
482.1199951171875,482.75,479.20001220703125,480.44000244140625,469.94866943359375,3386800,VOO,2024-05-30
481.239990234375,484.9100036621094,476.4800109863281,484.6199951171875,474.0373840332031,5334000,VOO,2024-05-31
486.29998779296875,486.4100036621094,480.3999938964844,485.1499938964844,474.5558166503906,4211300,VOO,2024-06-03
484.0,486.4100036621094,482.55999755859375,485.739990234375,475.1329345703125,2560300,VOO,2024-06-04
487.8699951171875,491.54998779296875,486.05999755859375,491.54998779296875,480.8160400390625,3026100,VOO,2024-06-05
491.8399963378906,492.17999267578125,489.6400146484375,491.44000244140625,480.70849609375,21344000,VOO,2024-06-06
490.54998779296875,493.5299987792969,489.5400085449219,490.79998779296875,480.0824279785156,3063600,VOO,2024-06-07
490.1700134277344,492.69000244140625,489.55999755859375,492.4100036621094,481.65728759765625,3461900,VOO,2024-06-10
490.989990234375,493.6600036621094,489.1099853515625,493.5299987792969,482.7528076171875,4028400,VOO,2024-06-11
497.92999267578125,500.1499938964844,496.7099914550781,497.6400146484375,486.7730407714844,3698800,VOO,2024-06-12
499.29998779296875,499.45001220703125,496.05999755859375,498.5799865722656,487.69256591796875,8808900,VOO,2024-06-13
497.260009765625,499.0400085449219,496.2900085449219,498.9800109863281,488.0838317871094,5812000,VOO,2024-06-14
498.4800109863281,504.17999267578125,497.9100036621094,502.94000244140625,491.9573669433594,4609500,VOO,2024-06-17
503.04998779296875,504.3599853515625,502.6300048828125,504.2799987792969,493.2680969238281,3431700,VOO,2024-06-18
505.1400146484375,505.739990234375,501.19000244140625,502.8800048828125,491.89862060546875,4810900,VOO,2024-06-20
502.1000061035156,503.2200012207031,500.8500061035156,501.7799987792969,490.8226623535156,4338100,VOO,2024-06-21
502.0299987792969,504.44000244140625,500.42999267578125,500.42999267578125,489.50213623046875,7022800,VOO,2024-06-24
501.7099914550781,502.8299865722656,500.32000732421875,502.510009765625,491.5367431640625,6325200,VOO,2024-06-25
501.4700012207031,503.7699890136719,500.8900146484375,503.07000732421875,492.0845031738281,3202700,VOO,2024-06-26
503.0,504.4800109863281,502.32000732421875,503.8500061035156,492.8474426269531,3619700,VOO,2024-06-27
502.9700012207031,505.7300109863281,499.010009765625,500.1300048828125,490.9469909667969,5598600,VOO,2024-06-28
501.489990234375,501.67999267578125,498.6000061035156,501.2799987792969,492.075927734375,4368500,VOO,2024-07-01
499.69000244140625,504.6099853515625,499.6099853515625,504.5299987792969,495.2662048339844,4210100,VOO,2024-07-02
504.2200012207031,507.1400146484375,504.2200012207031,506.80999755859375,497.5043640136719,2131100,VOO,2024-07-03
507.1300048828125,510.1000061035156,506.489990234375,509.8399963378906,500.47869873046875,3156900,VOO,2024-07-05
510.5,511.2099914550781,509.32000732421875,510.3299865722656,500.959716796875,3143400,VOO,2024-07-08
511.2099914550781,512.010009765625,510.5400085449219,510.8900146484375,501.50946044921875,3140600,VOO,2024-07-09
511.9800109863281,516.1799926757812,511.69000244140625,515.8099975585938,506.339111328125,3446900,VOO,2024-07-10
516.0,516.7899780273438,510.8299865722656,511.3900146484375,502.0002746582031,5537800,VOO,2024-07-11
512.489990234375,518.030029296875,512.1699829101562,514.5499877929688,505.1022644042969,5238200,VOO,2024-07-12
516.5800170898438,519.1199951171875,514.3400268554688,516.1099853515625,506.6335754394531,7771500,VOO,2024-07-15
517.3300170898438,519.4000244140625,516.5999755859375,519.0399780273438,509.50982666015625,4164300,VOO,2024-07-16
513.5599975585938,515.1099853515625,511.55999755859375,511.7900085449219,502.3929138183594,4984300,VOO,2024-07-17
513.25,514.1900024414062,505.8699951171875,507.94000244140625,498.61358642578125,5055900,VOO,2024-07-18
507.6400146484375,509.20001220703125,503.55999755859375,504.54998779296875,495.28582763671875,4039400,VOO,2024-07-19
508.2699890136719,510.32000732421875,506.44000244140625,509.7900085449219,500.4296875,4342900,VOO,2024-07-22
509.6600036621094,511.6499938964844,508.489990234375,508.94000244140625,499.59521484375,3116000,VOO,2024-07-23
504.42999267578125,504.70001220703125,496.54998779296875,497.2900085449219,488.1591491699219,6157400,VOO,2024-07-24
497.54998779296875,503.1400146484375,493.9200134277344,494.7799987792969,485.6952209472656,5646600,VOO,2024-07-25
498.3599853515625,502.8900146484375,497.6700134277344,500.3299865722656,491.1433410644531,3636000,VOO,2024-07-26
501.82000732421875,502.7699890136719,498.7699890136719,500.70001220703125,491.50653076171875,3096200,VOO,2024-07-29
502.04998779296875,503.010009765625,494.9200134277344,498.0799865722656,488.9346618652344,3817800,VOO,2024-07-30
504.4800109863281,508.6499938964844,503.30999755859375,505.92999267578125,496.6405029296875,5367600,VOO,2024-07-31
507.8399963378906,509.8999938964844,495.75,499.0299987792969,489.8671875,6939200,VOO,2024-08-01
492.4100036621094,493.5199890136719,485.79998779296875,489.9100036621094,480.9147033691406,8561200,VOO,2024-08-02
470.1700134277344,481.17999267578125,468.8900146484375,475.20001220703125,466.47479248046875,15244300,VOO,2024-08-05
477.3900146484375,486.8599853515625,475.94000244140625,479.94000244140625,471.1277160644531,8255000,VOO,2024-08-06
485.70001220703125,488.54998779296875,476.1099853515625,476.6099853515625,467.8588562011719,5976400,VOO,2024-08-07
481.489990234375,488.2699890136719,479.6400146484375,487.7300109863281,478.77471923828125,4177200,VOO,2024-08-08
486.92999267578125,491.2099914550781,485.82000732421875,489.82000732421875,480.8263244628906,7661300,VOO,2024-08-09
490.94000244140625,492.3500061035156,487.9800109863281,490.07000732421875,481.07171630859375,3578100,VOO,2024-08-12
493.1400146484375,498.3800048828125,492.9200134277344,498.2099914550781,489.062255859375,3247900,VOO,2024-08-13
498.9200134277344,500.8500061035156,496.4800109863281,499.79998779296875,490.623046875,3700500,VOO,2024-08-14
505.0899963378906,508.5899963378906,504.489990234375,508.3800048828125,499.0455322265625,4279000,VOO,2024-08-15
506.8399963378906,510.1099853515625,506.6499938964844,509.45001220703125,500.0959167480469,3449300,VOO,2024-08-16
509.8599853515625,514.3499755859375,509.05999755859375,514.3499755859375,504.9058837890625,3804300,VOO,2024-08-19
513.9199829101562,515.47998046875,512.25,513.5,504.07147216796875,3156000,VOO,2024-08-20
514.469970703125,516.6599731445312,512.8499755859375,515.2999877929688,505.8385009765625,3344100,VOO,2024-08-21
517.0499877929688,517.6300048828125,510.1000061035156,511.1300048828125,501.74505615234375,3677100,VOO,2024-08-22
514.3300170898438,517.5499877929688,512.25,516.6599731445312,507.1734924316406,5102800,VOO,2024-08-23
517.6400146484375,518.2899780273438,513.8800048828125,515.3900146484375,505.92681884765625,3398600,VOO,2024-08-26
514.260009765625,516.5900268554688,513.1599731445312,516.0800170898438,506.6041564941406,3031800,VOO,2024-08-27
515.7999877929688,516.22998046875,510.1600036621094,513.1300048828125,503.70831298828125,3940400,VOO,2024-08-28
514.989990234375,518.0900268554688,512.1300048828125,513.2100219726562,503.786865234375,3487100,VOO,2024-08-29
515.4199829101562,518.5800170898438,512.1199951171875,518.0399780273438,508.5281677246094,5637700,VOO,2024-08-30
515.1199951171875,515.4299926757812,505.1000061035156,507.55999755859375,498.2406005859375,5866400,VOO,2024-09-03
505.67999267578125,509.5299987792969,505.0199890136719,506.29998779296875,497.00372314453125,3601400,VOO,2024-09-04
506.3599853515625,508.94000244140625,502.8399963378906,505.04998779296875,495.7766418457031,3425600,VOO,2024-09-05
505.3399963378906,506.94000244140625,495.79998779296875,496.6400146484375,487.5210876464844,7411400,VOO,2024-09-06
500.6000061035156,503.3699951171875,498.75,502.2300109863281,493.0084533691406,3656800,VOO,2024-09-09
503.95001220703125,504.7099914550781,499.5,504.29998779296875,495.0404357910156,2975400,VOO,2024-09-10
504.30999755859375,510.44000244140625,496.25,509.4599914550781,500.105712890625,5956900,VOO,2024-09-11
510.0899963378906,514.1400146484375,508.05999755859375,513.8400268554688,504.4052734375,4092900,VOO,2024-09-12
514.4299926757812,517.530029296875,514.22998046875,516.5700073242188,507.08514404296875,4416600,VOO,2024-09-13
516.3400268554688,517.5900268554688,514.6500244140625,517.3499755859375,507.8507995605469,4256300,VOO,2024-09-16
519.4400024414062,520.739990234375,515.5,517.5900268554688,508.08642578125,8150000,VOO,2024-09-17
518.1799926757812,522.72998046875,515.469970703125,515.9099731445312,506.4372863769531,6921300,VOO,2024-09-18
524.8800048828125,526.5999755859375,522.1900024414062,524.9099731445312,515.27197265625,5558400,VOO,2024-09-19
523.510009765625,524.9199829101562,521.1199951171875,523.8800048828125,514.2609252929688,5612700,VOO,2024-09-20
525.0,525.8300170898438,523.8300170898438,525.1699829101562,515.5271606445312,29289200,VOO,2024-09-23
526.010009765625,526.8400268554688,523.3800048828125,526.6799926757812,517.009521484375,4650600,VOO,2024-09-24
526.6099853515625,527.2999877929688,524.6500244140625,525.6099853515625,515.9591064453125,35418000,VOO,2024-09-25
529.6699829101562,529.9199829101562,525.489990234375,527.7000122070312,518.0108032226562,5273900,VOO,2024-09-26
527.0900268554688,527.77001953125,524.3200073242188,525.3800048828125,517.3402099609375,5598600,VOO,2024-09-27
524.3200073242188,527.9600219726562,522.1900024414062,527.6699829101562,519.5951538085938,8013000,VOO,2024-09-30
527.0399780273438,527.0999755859375,520.22998046875,522.739990234375,514.7406616210938,9198700,VOO,2024-10-01
521.8499755859375,523.8499755859375,519.5800170898438,522.8300170898438,514.8292846679688,3270600,VOO,2024-10-02
521.5599975585938,523.760009765625,519.8200073242188,521.8400268554688,513.8544311523438,4008000,VOO,2024-10-03
526.1599731445312,527.02001953125,522.2999877929688,526.6500244140625,518.5908203125,5354400,VOO,2024-10-04
525.1400146484375,525.719970703125,520.8099975585938,521.9099731445312,513.9232177734375,3970500,VOO,2024-10-07
524.3200073242188,527.3800048828125,523.5,526.8499755859375,518.7877197265625,2626700,VOO,2024-10-08
526.8699951171875,531.030029296875,526.3099975585938,530.4500122070312,522.3326416015625,2941800,VOO,2024-10-09
529.27001953125,530.9000244140625,528.0900268554688,529.5599975585938,521.456298828125,3637600,VOO,2024-10-10
529.5,533.4299926757812,529.3900146484375,532.7100219726562,524.55810546875,5429200,VOO,2024-10-11
534.25,537.97998046875,533.969970703125,537.0700073242188,528.8513793945312,2638900,VOO,2024-10-14
537.3800048828125,537.6099853515625,531.8200073242188,532.97998046875,524.8239135742188,4811300,VOO,2024-10-15
532.9299926757812,535.72998046875,532.219970703125,535.219970703125,527.0296020507812,3237200,VOO,2024-10-16
538.6199951171875,538.760009765625,535.1500244140625,535.2999877929688,527.1083984375,3225300,VOO,2024-10-17
536.9000244140625,538.0999755859375,535.5599975585938,537.3599853515625,529.1368408203125,5070400,VOO,2024-10-18
536.719970703125,537.6099853515625,533.7100219726562,536.530029296875,528.319580078125,3671400,VOO,2024-10-21
534.1099853515625,537.280029296875,533.469970703125,536.1599731445312,527.9552612304688,3366600,VOO,2024-10-22
534.280029296875,534.719970703125,528.02001953125,531.27001953125,523.1400756835938,5227800,VOO,2024-10-23
533.1699829101562,533.1799926757812,530.0399780273438,532.469970703125,524.3216552734375,4477800,VOO,2024-10-24
534.6500244140625,537.260009765625,531.4099731445312,532.260009765625,524.1148681640625,4327200,VOO,2024-10-25
535.530029296875,535.5700073242188,533.6699829101562,533.9199829101562,525.7495727539062,3408000,VOO,2024-10-28
533.1199951171875,535.8200073242188,531.75,534.77001953125,526.5865478515625,3027600,VOO,2024-10-29
534.3499755859375,536.2000122070312,532.5900268554688,533.1599731445312,525.0011596679688,3067000,VOO,2024-10-30
529.0900268554688,529.22998046875,522.510009765625,522.6699829101562,514.6716918945312,7972800,VOO,2024-10-31
525.1599731445312,529.0800170898438,524.5399780273438,524.9400024414062,516.9069213867188,6106900,VOO,2024-11-01
525.0599975585938,526.280029296875,522.030029296875,523.7999877929688,515.784423828125,3681500,VOO,2024-11-04
524.719970703125,530.1699829101562,524.47998046875,530.0999755859375,521.9879760742188,3300300,VOO,2024-11-05
541.6500244140625,544.1400146484375,538.1699829101562,543.2999877929688,534.9859619140625,7483300,VOO,2024-11-06
545.219970703125,548.47998046875,545.1500244140625,547.530029296875,539.1512451171875,6051300,VOO,2024-11-07
548.0700073242188,551.239990234375,548.0599975585938,549.9500122070312,541.5343017578125,6798000,VOO,2024-11-08
551.4299926757812,551.72998046875,548.8499755859375,550.4000244140625,541.9773559570312,4893100,VOO,2024-11-11
550.3900146484375,550.9400024414062,546.4299926757812,548.75,540.3525390625,4818600,VOO,2024-11-12
549.1599731445312,550.8800048828125,546.969970703125,549.030029296875,540.6283569335938,3701600,VOO,2024-11-13
549.0999755859375,549.5700073242188,544.8800048828125,545.5399780273438,537.191650390625,3940300,VOO,2024-11-14
542.1300048828125,542.5700073242188,536.75,538.5,530.2593994140625,7360100,VOO,2024-11-15
538.9199829101562,541.9299926757812,538.1500244140625,540.72998046875,532.4553833007812,4494500,VOO,2024-11-18
537.5,543.3699951171875,536.9000244140625,542.7000122070312,534.3952026367188,6978400,VOO,2024-11-19
542.780029296875,543.0700073242188,537.4400024414062,542.9000244140625,534.5921020507812,3949100,VOO,2024-11-20
545.5800170898438,547.0700073242188,540.0399780273438,545.6400146484375,537.2901611328125,4530600,VOO,2024-11-21
545.8200073242188,548.0499877929688,545.3699951171875,547.469970703125,539.0921630859375,5574600,VOO,2024-11-22
551.2000122070312,552.3800048828125,547.2000122070312,549.22998046875,540.8251953125,4305000,VOO,2024-11-25
550.5,552.8200073242188,549.8499755859375,552.3099975585938,543.8580932617188,4438600,VOO,2024-11-26
552.0399780273438,552.3800048828125,549.1099853515625,550.5499877929688,542.125,3312200,VOO,2024-11-27
551.2899780273438,554.7000122070312,551.0700073242188,553.4500122070312,544.980712890625,3988700,VOO,2024-11-29
554.3599853515625,555.5700073242188,553.8900146484375,555.010009765625,546.5167846679688,5441000,VOO,2024-12-02
554.7999877929688,555.4299926757812,553.7899780273438,555.1400146484375,546.6448364257812,4202900,VOO,2024-12-03
556.8300170898438,558.8800048828125,556.1699829101562,558.6400146484375,550.0912475585938,5490300,VOO,2024-12-04
558.6300048828125,559.4099731445312,557.4600219726562,557.7100219726562,549.175537109375,3021600,VOO,2024-12-05
558.469970703125,559.9600219726562,558.0800170898438,558.8200073242188,550.2684936523438,5134900,VOO,2024-12-06
558.7100219726562,558.8699951171875,555.3800048828125,555.9099731445312,547.4029541015625,4412300,VOO,2024-12-09
556.5800170898438,556.8800048828125,553.5700073242188,554.3300170898438,545.8472900390625,4110100,VOO,2024-12-10
556.9199829101562,559.3900146484375,556.6599731445312,558.530029296875,549.98291015625,3514400,VOO,2024-12-11
557.6699829101562,558.2000122070312,555.6199951171875,555.6500244140625,547.14697265625,4048600,VOO,2024-12-12
557.510009765625,558.1599731445312,554.2000122070312,555.6099853515625,547.1076049804688,4666900,VOO,2024-12-13
557.1300048828125,558.7999877929688,556.4199829101562,557.7899780273438,549.2542724609375,22846800,VOO,2024-12-16
555.469970703125,556.3900146484375,554.2899780273438,555.4500122070312,546.9500122070312,6110900,VOO,2024-12-17
555.2999877929688,557.530029296875,538.530029296875,539.1400146484375,530.8896484375,24584900,VOO,2024-12-18
543.6900024414062,545.0999755859375,538.6500244140625,538.9400024414062,530.692626953125,16792100,VOO,2024-12-19
536.6099853515625,549.5399780273438,535.8499755859375,545.0399780273438,536.6993408203125,9389400,VOO,2024-12-20
543.3099975585938,547.3599853515625,540.3200073242188,547.1900024414062,540.5411376953125,7063400,VOO,2024-12-23
548.0599975585938,552.9000244140625,547.5399780273438,552.8200073242188,546.1027221679688,3439300,VOO,2024-12-24
551.2000122070312,553.969970703125,549.9199829101562,552.8099975585938,546.0928344726562,4492000,VOO,2024-12-26
549.3699951171875,549.6199951171875,543.2000122070312,547.0800170898438,540.4324951171875,7077100,VOO,2024-12-27
540.5599975585938,544.0900268554688,537.4000244140625,540.989990234375,534.4164428710938,6505100,VOO,2024-12-30
542.4500122070312,543.0700073242188,537.4000244140625,538.8099975585938,532.262939453125,6040800,VOO,2024-12-31
542.02001953125,543.5399780273438,533.7899780273438,537.4600219726562,530.9293212890625,7142700,VOO,2025-01-02
540.1900024414062,544.8800048828125,539.2000122070312,544.4000244140625,537.7849731445312,6416300,VOO,2025-01-03
548.280029296875,551.4299926757812,545.8200073242188,547.5700073242188,540.9164428710938,5983400,VOO,2025-01-06
549.3200073242188,549.5999755859375,539.5599975585938,541.4099731445312,534.831298828125,5383200,VOO,2025-01-07
541.3200073242188,543.0,538.0800170898438,542.1400146484375,535.552490234375,4317000,VOO,2025-01-08
538.7100219726562,538.75,532.0,533.8900146484375,527.4027099609375,7935200,VOO,2025-01-10
529.4000244140625,534.9099731445312,529.02001953125,534.5800170898438,528.0842895507812,5621000,VOO,2025-01-13
537.3200073242188,537.9099731445312,531.8099975585938,535.260009765625,528.7560424804688,8820000,VOO,2025-01-14
542.8400268554688,546.1300048828125,541.760009765625,545.0499877929688,538.4271240234375,5307300,VOO,2025-01-15
546.3499755859375,546.510009765625,543.3900146484375,544.239990234375,537.626953125,3632800,VOO,2025-01-16
548.9199829101562,551.1199951171875,547.6799926757812,549.4600219726562,542.7835693359375,6558700,VOO,2025-01-17
552.3200073242188,554.4600219726562,550.5,554.4600219726562,547.7228393554688,5301700,VOO,2025-01-21
557.1900024414062,558.9299926757812,556.72998046875,557.6099853515625,550.83447265625,4780000,VOO,2025-01-22
557.0399780273438,560.7000122070312,556.7999877929688,560.7000122070312,553.8869018554688,6217900,VOO,2025-01-23
560.760009765625,561.6599731445312,558.02001953125,559.010009765625,552.2174682617188,3612100,VOO,2025-01-24
546.9299926757812,551.3900146484375,546.8300170898438,551.22998046875,544.5320434570312,7617400,VOO,2025-01-27
552.2999877929688,556.6500244140625,549.219970703125,555.8499755859375,549.0958862304688,4164700,VOO,2025-01-28
555.1699829101562,555.5,550.969970703125,553.4099731445312,546.685546875,4174500,VOO,2025-01-29
555.3699951171875,557.780029296875,552.3800048828125,556.2999877929688,549.5404052734375,4296500,VOO,2025-01-30
558.6199951171875,560.8900146484375,552.7100219726562,553.3300170898438,546.6065063476562,6233900,VOO,2025-01-31
544.989990234375,551.9600219726562,542.97998046875,549.7000122070312,543.0206298828125,7824000,VOO,2025-02-03
549.7000122070312,553.8300170898438,549.22998046875,553.3499755859375,546.626220703125,4181400,VOO,2025-02-04
552.3400268554688,555.72998046875,550.4099731445312,555.6199951171875,548.86865234375,3424200,VOO,2025-02-05
557.2899780273438,557.6500244140625,554.1900024414062,557.6199951171875,550.8442993164062,3606300,VOO,2025-02-06
558.0999755859375,559.2000122070312,551.7899780273438,552.2000122070312,545.490234375,10161600,VOO,2025-02-07
555.4400024414062,556.780029296875,554.239990234375,556.1500244140625,549.3922729492188,3517600,VOO,2025-02-10
554.0999755859375,557.1199951171875,553.989990234375,556.6500244140625,549.8861083984375,2752900,VOO,2025-02-11
551.0,555.9199829101562,550.3900146484375,554.8099975585938,548.0685424804688,3579500,VOO,2025-02-12
555.8699951171875,560.8800048828125,554.7000122070312,560.6699829101562,553.8572998046875,3388500,VOO,2025-02-13
560.9000244140625,561.8599853515625,560.0700073242188,560.6900024414062,553.8770751953125,3380600,VOO,2025-02-14
561.7999877929688,562.3099975585938,559.489990234375,562.3099975585938,555.4774169921875,3844900,VOO,2025-02-18
561.02001953125,563.9199829101562,560.530029296875,563.6699829101562,556.8208618164062,3857600,VOO,2025-02-19
562.3900146484375,562.47998046875,558.219970703125,561.2999877929688,554.4796752929688,4446800,VOO,2025-02-20
561.0999755859375,561.2000122070312,551.27001953125,551.75,545.0457153320312,6148700,VOO,2025-02-21
553.6099853515625,554.510009765625,548.510009765625,549.1400146484375,542.4674072265625,4772300,VOO,2025-02-24
549.1799926757812,549.77001953125,542.1699829101562,546.4099731445312,539.7705688476562,5491500,VOO,2025-02-25
548.010009765625,551.3499755859375,544.25,546.75,540.1065063476562,4180800,VOO,2025-02-26
548.8300170898438,549.8800048828125,537.5999755859375,537.969970703125,531.43310546875,5521400,VOO,2025-02-27
538.4199829101562,546.8900146484375,535.5800170898438,546.3300170898438,539.6915283203125,7328100,VOO,2025-02-28
548.2000122070312,549.2899780273438,533.25,536.9199829101562,530.3958129882812,7290000,VOO,2025-03-03
533.0599975585938,538.280029296875,526.1599731445312,530.4500122070312,524.0045776367188,10477400,VOO,2025-03-04
530.25,537.7899780273438,526.9299926757812,536.4000244140625,529.8822631835938,6221700,VOO,2025-03-05
529.1900024414062,533.4299926757812,524.219970703125,526.6699829101562,520.2704467773438,7228900,VOO,2025-03-06
524.9000244140625,530.8800048828125,520.1300048828125,529.510009765625,523.075927734375,7308300,VOO,2025-03-07
521.9000244140625,523.7000122070312,510.8299865722656,515.510009765625,509.2460632324219,11176900,VOO,2025-03-10
514.3300170898438,517.530029296875,507.5299987792969,511.2799987792969,505.0674743652344,11208900,VOO,2025-03-11
516.8900146484375,517.739990234375,509.1000061035156,513.760009765625,507.517333984375,8590600,VOO,2025-03-12
513.510009765625,514.0599975585938,505.4200134277344,507.04998779296875,500.8888244628906,21650000,VOO,2025-03-13
511.2799987792969,518.4199829101562,510.8399963378906,517.4600219726562,511.1724548339844,7412300,VOO,2025-03-14
517.4500122070312,523.8400268554688,517.0800170898438,521.4099731445312,515.0742797851562,6269800,VOO,2025-03-17
519.3200073242188,519.52001953125,514.0700073242188,515.9099731445312,509.64117431640625,6010600,VOO,2025-03-18
517.5399780273438,524.9600219726562,516.4199829101562,521.3300170898438,514.995361328125,5373900,VOO,2025-03-19
517.9600219726562,524.6199951171875,517.3200073242188,520.1300048828125,513.8099365234375,6029700,VOO,2025-03-20
515.7899780273438,520.9500122070312,514.6599731445312,520.260009765625,513.9383544921875,5059000,VOO,2025-03-21
526.47998046875,530.3900146484375,525.8800048828125,529.3900146484375,522.9573974609375,22376300,VOO,2025-03-24
530.5900268554688,531.5999755859375,529.1099853515625,530.6500244140625,524.2020874023438,6260200,VOO,2025-03-25
530.5599975585938,531.4099731445312,523.0999755859375,524.4600219726562,518.08740234375,4410200,VOO,2025-03-26
521.2899780273438,524.6799926757812,519.22998046875,521.2100219726562,516.6619262695312,5534900,VOO,2025-03-27
519.760009765625,520.4600219726562,510.1600036621094,510.79998779296875,506.3426818847656,5831800,VOO,2025-03-28
505.30999755859375,515.3300170898438,502.6400146484375,513.9099731445312,509.425537109375,8196700,VOO,2025-03-31
512.3599853515625,517.3499755859375,508.8800048828125,515.7999877929688,511.2990417480469,7697000,VOO,2025-04-01
510.1400146484375,521.489990234375,509.92999267578125,518.9099731445312,514.3819580078125,6308600,VOO,2025-04-02
501.0,503.6600036621094,493.5,494.1600036621094,489.8478698730469,16226000,VOO,2025-04-03
481.2799987792969,483.29998779296875,464.239990234375,465.5199890136719,461.4577941894531,30966500,VOO,2025-04-04
449.5400085449219,480.760009765625,442.79998779296875,463.55999755859375,459.514892578125,31285300,VOO,2025-04-07
479.67999267578125,482.489990234375,449.6000061035156,456.739990234375,452.75439453125,19002700,VOO,2025-04-08
453.489990234375,502.05999755859375,453.1600036621094,499.1000061035156,494.7447814941406,29286600,VOO,2025-04-09
489.1499938964844,490.29998779296875,468.3299865722656,482.05999755859375,477.8534851074219,16651300,VOO,2025-04-10
480.69000244140625,493.0,478.0,490.54998779296875,486.26934814453125,11541200,VOO,2025-04-11
500.04998779296875,500.260009765625,490.69000244140625,495.4800109863281,491.1563720703125,7701500,VOO,2025-04-14
496.0299987792969,499.2699890136719,493.4200134277344,494.0899963378906,489.77850341796875,8200600,VOO,2025-04-15
488.6499938964844,491.7699890136719,478.2300109863281,483.2300109863281,479.0132751464844,6374900,VOO,2025-04-16
484.7900085449219,488.1600036621094,481.5,483.8999938964844,479.6773986816406,5638900,VOO,2025-04-17
479.0199890136719,479.489990234375,467.3299865722656,472.3699951171875,468.2480163574219,7762500,VOO,2025-04-21
478.07000732421875,486.4800109863281,477.19000244140625,484.2900085449219,480.0640563964844,6236300,VOO,2025-04-22
496.69000244140625,501.17999267578125,490.70001220703125,492.07000732421875,487.776123046875,8047600,VOO,2025-04-23
493.260009765625,503.0,492.2200012207031,502.4100036621094,498.0259094238281,6184300,VOO,2025-04-24
502.44000244140625,506.5199890136719,499.75,506.1099853515625,501.693603515625,6933400,VOO,2025-04-25
506.80999755859375,508.739990234375,500.9599914550781,506.4200134277344,502.00091552734375,4210000,VOO,2025-04-28
504.5400085449219,510.54998779296875,504.260009765625,509.489990234375,505.0440979003906,6525500,VOO,2025-04-29
503.260009765625,511.5,497.760009765625,509.739990234375,505.29193115234375,7873700,VOO,2025-04-30
515.1300048828125,518.4400024414062,512.77001953125,513.3499755859375,508.8703918457031,5784500,VOO,2025-05-01
519.1199951171875,522.4099731445312,516.8900146484375,520.7100219726562,516.166259765625,6285400,VOO,2025-05-02
517.0800170898438,520.8499755859375,516.27001953125,517.989990234375,513.469970703125,4793500,VOO,2025-05-05
512.8900146484375,517.8300170898438,511.94000244140625,513.5800170898438,509.09844970703125,4694300,VOO,2025-05-06
514.9199829101562,518.1799926757812,511.1000061035156,515.9000244140625,511.398193359375,5460000,VOO,2025-05-07
519.5399780273438,524.22998046875,516.3499755859375,519.3400268554688,514.8082275390625,5088200,VOO,2025-05-08
520.6900024414062,521.6300048828125,517.3599853515625,518.6500244140625,514.124267578125,4739500,VOO,2025-05-09
534.5,535.9199829101562,530.3900146484375,535.9199829101562,531.2434692382812,7793600,VOO,2025-05-12
536.3300170898438,541.47998046875,535.780029296875,539.4400024414062,534.7327880859375,7356800,VOO,2025-05-13
540.3699951171875,541.4199829101562,538.239990234375,540.1099853515625,535.3968505859375,5031300,VOO,2025-05-14
538.260009765625,543.25,537.8400268554688,542.760009765625,538.0238037109375,7362200,VOO,2025-05-15
543.469970703125,546.469970703125,541.7000122070312,546.260009765625,541.4932250976562,7255300,VOO,2025-05-16
540.6300048828125,547.4500122070312,540.5800170898438,546.8200073242188,542.0484008789062,7766100,VOO,2025-05-19
545.219970703125,546.0599975585938,541.989990234375,544.8800048828125,540.1253051757812,7158200,VOO,2025-05-20
540.9099731445312,544.6900024414062,534.8200073242188,535.77001953125,531.0947875976562,6339500,VOO,2025-05-21
535.5999755859375,539.22998046875,534.4400024414062,536.02001953125,531.3426513671875,5816600,VOO,2025-05-22
529.4299926757812,534.8099975585938,529.1099853515625,532.4000244140625,527.7542114257812,6455900,VOO,2025-05-23
538.719970703125,543.52001953125,537.1799926757812,543.3400268554688,538.5988159179688,6118100,VOO,2025-05-27
543.7899780273438,544.9000244140625,539.6099853515625,540.239990234375,535.5257568359375,4910500,VOO,2025-05-28
545.1500244140625,545.280029296875,538.739990234375,542.3200073242188,537.587646484375,4659500,VOO,2025-05-29
541.3499755859375,543.3900146484375,536.1599731445312,541.760009765625,537.032470703125,6171500,VOO,2025-05-30
540.25,544.9099731445312,537.7999877929688,544.9099731445312,540.155029296875,5933500,VOO,2025-06-02
544.530029296875,548.8699951171875,544.0900268554688,548.0,543.2181396484375,4993600,VOO,2025-06-03
548.75,549.6500244140625,547.4400024414062,547.6500244140625,542.8711547851562,4543400,VOO,2025-06-04
549.47998046875,550.6300048828125,543.3400268554688,545.0900268554688,540.3334350585938,6372100,VOO,2025-06-05
550.2999877929688,552.3200073242188,548.7000122070312,550.6599731445312,545.8547973632812,4736000,VOO,2025-06-06
551.2999877929688,552.7000122070312,550.2000122070312,551.25,546.439697265625,4516400,VOO,2025-06-09
551.780029296875,554.739990234375,550.739990234375,554.3900146484375,549.5523071289062,5984100,VOO,2025-06-10
555.4099731445312,556.22998046875,550.9099731445312,552.8599853515625,548.03564453125,20800600,VOO,2025-06-11
551.5999755859375,555.0,551.1300048828125,554.9500122070312,550.107421875,8422900,VOO,2025-06-12
550.239990234375,553.25,547.4099731445312,548.77001953125,543.9813842773438,7100600,VOO,2025-06-13
551.9400024414062,555.6900024414062,551.8699951171875,554.0700073242188,549.2351684570312,7421300,VOO,2025-06-16
551.7899780273438,553.1599731445312,548.6400146484375,549.3499755859375,544.5562744140625,4753300,VOO,2025-06-17
550.1599731445312,552.7100219726562,548.3900146484375,549.239990234375,544.447265625,4602300,VOO,2025-06-18
551.719970703125,552.719970703125,546.6199951171875,547.719970703125,542.9404907226562,9978500,VOO,2025-06-20
548.6599731445312,553.7000122070312,545.75,553.3599853515625,548.53125,9820200,VOO,2025-06-23
557.1799926757812,560.4299926757812,556.3699951171875,559.4400024414062,554.5582885742188,6770000,VOO,2025-06-24
560.52001953125,561.02001953125,558.3400268554688,559.719970703125,554.8358154296875,16472300,VOO,2025-06-25
561.52001953125,564.5499877929688,560.9600219726562,564.1500244140625,559.2271728515625,6081400,VOO,2025-06-26
565.1099853515625,568.3300170898438,563.2100219726562,566.9500122070312,562.0027465820312,6056500,VOO,2025-06-27
567.5,569.1500244140625,565.3800048828125,568.030029296875,564.8117065429688,5750600,VOO,2025-06-30
566.5599975585938,568.7999877929688,565.7999877929688,567.77001953125,564.5531616210938,7412700,VOO,2025-07-01
567.3699951171875,570.3400268554688,566.8099975585938,570.2899780273438,567.0588989257812,6164000,VOO,2025-07-02
572.1799926757812,575.6699829101562,572.1300048828125,575.219970703125,571.9609375,4837000,VOO,2025-07-03
573.0,573.5900268554688,567.97998046875,570.6099853515625,567.3770751953125,6417800,VOO,2025-07-07
571.1500244140625,571.8300170898438,569.47998046875,570.22998046875,566.9992065429688,6944600,VOO,2025-07-08
572.4600219726562,574.260009765625,570.760009765625,573.6099853515625,570.3600463867188,7156500,VOO,2025-07-09
573.780029296875,576.260009765625,572.7000122070312,575.2899780273438,572.0305786132812,4961700,VOO,2025-07-10
572.4500122070312,574.3800048828125,571.3699951171875,573.219970703125,569.9722900390625,4428900,VOO,2025-07-11
572.8499755859375,574.6799926757812,571.5800170898438,574.3499755859375,571.0958862304688,4747000,VOO,2025-07-14
576.8499755859375,577.1599731445312,571.8499755859375,571.8599853515625,568.6199951171875,5399000,VOO,2025-07-15
573.4000244140625,574.260009765625,568.1699829101562,573.739990234375,570.4893188476562,6141200,VOO,2025-07-16
574.02001953125,577.6500244140625,573.7999877929688,577.1799926757812,573.9098510742188,6495300,VOO,2025-07-17
578.469970703125,578.5,575.8400268554688,576.9199829101562,573.6513061523438,4262400,VOO,2025-07-18
577.97998046875,580.530029296875,577.5900268554688,577.9500122070312,574.675537109375,5913800,VOO,2025-07-21
578.280029296875,578.8400268554688,575.6400146484375,577.9500122070312,574.675537109375,4767700,VOO,2025-07-22
580.5700073242188,582.9600219726562,578.8699951171875,582.8599853515625,579.5576782226562,4257300,VOO,2025-07-23
583.3400268554688,584.75,582.719970703125,583.260009765625,579.9554443359375,3840900,VOO,2025-07-24
583.8099975585938,586.0399780273438,583.5900268554688,585.5800170898438,582.2622680664062,4210100,VOO,2025-07-25
586.0399780273438,586.5,584.239990234375,585.4400024414062,582.1231079101562,4193100,VOO,2025-07-28
586.8200073242188,587.0800170898438,583.1199951171875,583.9199829101562,580.6116943359375,5053400,VOO,2025-07-29
584.6599731445312,586.1500244140625,580.5499877929688,583.2100219726562,579.9057006835938,6974700,VOO,2025-07-30
587.8300170898438,588.1599731445312,579.8400268554688,581.02001953125,577.7280883789062,7046800,VOO,2025-07-31
575.72998046875,575.739990234375,569.2899780273438,571.4500122070312,568.2123413085938,8781300,VOO,2025-08-01
575.1699829101562,580.2100219726562,575.0800170898438,580.1400146484375,576.8530883789062,6640100,VOO,2025-08-04
580.7899780273438,581.5,576.4000244140625,577.3499755859375,574.0789184570312,4647400,VOO,2025-08-05
578.25,582.27001953125,577.4099731445312,581.6400146484375,578.3446044921875,4545000,VOO,2025-08-06
584.8699951171875,585.52001953125,578.3099975585938,581.2899780273438,577.99658203125,4594300,VOO,2025-08-07
582.9299926757812,586.1699829101562,582.5999755859375,585.739990234375,582.42138671875,4342300,VOO,2025-08-08
586.030029296875,587.3599853515625,583.4400024414062,584.5399780273438,581.2281494140625,5373900,VOO,2025-08-11
586.75,590.9600219726562,585.4299926757812,590.780029296875,587.4328002929688,5851900,VOO,2025-08-12
592.8599853515625,594.030029296875,590.8099975585938,592.8400268554688,589.4811401367188,5393000,VOO,2025-08-13
590.9199829101562,593.510009765625,590.5,592.8499755859375,589.4910278320312,6236700,VOO,2025-08-14
593.8599853515625,593.9500122070312,590.6599731445312,591.5700073242188,588.2183227539062,7196300,VOO,2025-08-15
590.97998046875,592.02001953125,590.3499755859375,591.3599853515625,588.009521484375,5311700,VOO,2025-08-18
591.25,592.1199951171875,586.9400024414062,588.1300048828125,584.7978515625,6739300,VOO,2025-08-19
587.8099975585938,588.0,581.8499755859375,586.5800170898438,583.256591796875,7113600,VOO,2025-08-20
584.9299926757812,586.4600219726562,582.6500244140625,584.27001953125,580.959716796875,4807300,VOO,2025-08-21
586.27001953125,594.3200073242188,585.8400268554688,593.2100219726562,589.8490600585938,6389300,VOO,2025-08-22
592.0499877929688,593.22998046875,590.5499877929688,590.7000122070312,587.353271484375,6483000,VOO,2025-08-25
590.3800048828125,593.4299926757812,589.7899780273438,593.0599975585938,589.6998901367188,4776600,VOO,2025-08-26
592.52001953125,595.1400146484375,592.4400024414062,594.4199829101562,591.0521850585938,6171400,VOO,2025-08-27
595.0700073242188,597.0700073242188,593.27001953125,596.52001953125,593.1403198242188,5058700,VOO,2025-08-28
595.239990234375,595.5499877929688,591.25,593.0800170898438,589.7197875976562,7512000,VOO,2025-08-29
586.0599975585938,588.7999877929688,583.6699829101562,588.7100219726562,585.3745727539062,11116700,VOO,2025-09-02
590.8099975585938,592.22998046875,588.780029296875,591.719970703125,588.367431640625,8205900,VOO,2025-09-03
592.469970703125,596.77001953125,591.5999755859375,596.5900268554688,593.2099609375,8045600,VOO,2025-09-04
598.9099731445312,599.5999755859375,591.4500122070312,594.9600219726562,591.5891723632812,6641500,VOO,2025-09-05
596.3099975585938,597.4099731445312,595.030029296875,596.5,593.1204223632812,9472200,VOO,2025-09-08
596.6099853515625,598.3699951171875,595.010009765625,597.9500122070312,594.5621948242188,7844800,VOO,2025-09-09
600.9199829101562,601.75,598.1599731445312,599.6799926757812,596.2823486328125,21641100,VOO,2025-09-10
601.4299926757812,605.22998046875,600.8900146484375,604.5700073242188,601.1447143554688,9109700,VOO,2025-09-11
604.5900268554688,605.97998046875,603.9500122070312,604.4400024414062,601.0154418945312,8130500,VOO,2025-09-12
606.469970703125,607.77001953125,606.2000122070312,607.5900268554688,604.1475830078125,7710700,VOO,2025-09-15
608.1599731445312,608.4199829101562,606.0599975585938,606.7899780273438,603.35205078125,6393200,VOO,2025-09-16
606.8400268554688,608.3300170898438,601.5499877929688,606.0900268554688,602.6561279296875,11613600,VOO,2025-09-17
608.5499877929688,611.3099975585938,607.0700073242188,608.9400024414062,605.4899291992188,11057500,VOO,2025-09-18
610.6199951171875,612.6699829101562,608.8499755859375,611.780029296875,608.3138427734375,6065700,VOO,2025-09-19
610.52001953125,615.219970703125,610.510009765625,614.760009765625,611.2769775390625,11583800,VOO,2025-09-22
614.7100219726562,615.260009765625,610.3400268554688,611.5399780273438,608.0751342773438,10753000,VOO,2025-09-23
612.6300048828125,612.739990234375,608.1900024414062,609.5,606.0467529296875,23787300,VOO,2025-09-24
606.6199951171875,607.9299926757812,603.3499755859375,606.5900268554688,603.1532592773438,6965700,VOO,2025-09-25
608.030029296875,610.7000122070312,606.5700073242188,610.1599731445312,606.7030029296875,6438600,VOO,2025-09-26
610.7899780273438,611.6799926757812,608.47998046875,610.1300048828125,608.408203125,5658800,VOO,2025-09-29
609.4299926757812,612.8599853515625,608.27001953125,612.3800048828125,610.65185546875,6515700,VOO,2025-09-30
609.7000122070312,615.3900146484375,609.5700073242188,614.5700073242188,612.835693359375,10020000,VOO,2025-10-01
616.4099731445312,616.47998046875,613.02001953125,615.25,613.5137329101562,7139500,VOO,2025-10-02
615.9500122070312,618.4199829101562,614.2899780273438,615.2999877929688,613.5635986328125,7210700,VOO,2025-10-03
617.4600219726562,618.280029296875,615.47998046875,617.4000244140625,615.65771484375,6056400,VOO,2025-10-06
618.2999877929688,618.739990234375,613.8200073242188,615.2000122070312,613.4638671875,7466300,VOO,2025-10-07
616.219970703125,618.9000244140625,615.4600219726562,618.77001953125,617.0238037109375,5035200,VOO,2025-10-08
619.22998046875,619.5900268554688,615.280029296875,617.0999755859375,615.3585205078125,5898500,VOO,2025-10-09
617.989990234375,619.5999755859375,600.22998046875,600.510009765625,598.8153686523438,13664200,VOO,2025-10-10
607.3699951171875,611.030029296875,606.5800170898438,609.6099853515625,607.8896484375,6968400,VOO,2025-10-13
604.2000122070312,612.1400146484375,600.510009765625,608.75,607.0321044921875,7493500,VOO,2025-10-14
613.0700073242188,616.2100219726562,605.8200073242188,611.4299926757812,609.7045288085938,6504900,VOO,2025-10-15
613.1099853515625,614.7999877929688,604.1400146484375,607.3900146484375,605.6759643554688,7594800,VOO,2025-10-16
606.3400268554688,612.02001953125,605.0999755859375,610.760009765625,609.0364379882812,6911000,VOO,2025-10-17
613.510009765625,618.010009765625,613.510009765625,617.1699829101562,615.4282836914062,4086200,VOO,2025-10-20
617.3300170898438,618.739990234375,615.97998046875,617.0900268554688,615.3485717773438,4216200,VOO,2025-10-21
617.8300170898438,617.8300170898438,609.8300170898438,613.969970703125,612.2373046875,6961600,VOO,2025-10-22
614.25,618.469970703125,613.989990234375,617.4400024414062,615.6975708007812,5851800,VOO,2025-10-23
621.9199829101562,623.7899780273438,621.2100219726562,622.5499877929688,620.7931518554688,5694900,VOO,2025-10-24
627.739990234375,630.2899780273438,627.1599731445312,630.0,628.2221069335938,7804300,VOO,2025-10-27
631.7100219726562,633.3900146484375,629.6400146484375,631.6900024414062,629.9073486328125,5625600,VOO,2025-10-28
633.2100219726562,634.1300048828125,627.8699951171875,631.9500122070312,630.1666259765625,6104500,VOO,2025-10-29
628.8099975585938,630.6300048828125,625.0999755859375,625.239990234375,623.4755249023438,6243300,VOO,2025-10-30
629.8400268554688,629.9400024414062,624.5,627.0399780273438,625.2704467773438,7058600,VOO,2025-10-31
630.4199829101562,630.5399780273438,625.1599731445312,628.27001953125,626.4970092773438,5568100,VOO,2025-11-03
621.6500244140625,625.1699829101562,620.2000122070312,620.989990234375,619.237548828125,8390500,VOO,2025-11-04
620.5900268554688,626.0,619.8300170898438,622.8599853515625,621.1022338867188,10323100,VOO,2025-11-05
621.9600219726562,622.7899780273438,614.8200073242188,616.239990234375,614.5009155273438,7099400,VOO,2025-11-06
614.0900268554688,617.02001953125,607.9199829101562,616.8900146484375,615.1491088867188,7571300,VOO,2025-11-07
622.6900024414062,627.2100219726562,620.6599731445312,626.469970703125,624.7020263671875,8425000,VOO,2025-11-10
625.1599731445312,628.489990234375,624.0700073242188,627.9099731445312,626.1380004882812,5639200,VOO,2025-11-11
629.6500244140625,629.77001953125,626.0999755859375,628.219970703125,626.4470825195312,6090200,VOO,2025-11-12
625.6699829101562,626.02001953125,616.510009765625,617.989990234375,616.2459716796875,13065800,VOO,2025-11-13
611.75,621.219970703125,609.8300170898438,617.8300170898438,616.0864868164062,9681700,VOO,2025-11-14
615.739990234375,619.4500122070312,608.8099975585938,612.0399780273438,610.3128051757812,8902500,VOO,2025-11-17
608.719970703125,611.510009765625,603.0,607.0,605.2870483398438,8542600,VOO,2025-11-18
607.52001953125,613.5700073242188,605.6699829101562,609.2000122070312,607.4808349609375,7449400,VOO,2025-11-19
618.719970703125,621.1300048828125,599.3599853515625,599.9600219726562,598.2669067382812,13985000,VOO,2025-11-20
602.25,611.010009765625,598.3800048828125,605.9299926757812,604.2200317382812,9821400,VOO,2025-11-21
609.280029296875,616.0900268554688,608.3099975585938,614.9400024414062,613.20458984375,6242700,VOO,2025-11-24
614.780029296875,621.75,610.989990234375,620.6599731445312,618.908447265625,7389500,VOO,2025-11-25
623.0599975585938,626.8099975585938,622.260009765625,624.9500122070312,623.1864013671875,5323200,VOO,2025-11-26
626.030029296875,628.6300048828125,625.7100219726562,628.4099731445312,626.6365966796875,2953200,VOO,2025-11-28
624.1699829101562,628.010009765625,624.0999755859375,625.52001953125,623.7547607421875,9191600,VOO,2025-12-01
627.010009765625,628.77001953125,624.6199951171875,626.5800170898438,624.811767578125,5280600,VOO,2025-12-02
625.77001953125,629.780029296875,624.9500122070312,628.77001953125,626.99560546875,6338400,VOO,2025-12-03
630.1300048828125,630.1799926757812,626.47998046875,629.2999877929688,627.5240478515625,5147700,VOO,2025-12-04
630.2999877929688,632.97998046875,629.47998046875,630.47998046875,628.7007446289062,5693100,VOO,2025-12-05
631.3599853515625,631.469970703125,626.7000122070312,628.6099853515625,626.8359985351562,6876700,VOO,2025-12-08
628.1799926757812,630.2100219726562,627.6599731445312,628.0999755859375,626.3274536132812,12849000,VOO,2025-12-09
627.6300048828125,633.510009765625,626.469970703125,632.1599731445312,630.3759765625,22457400,VOO,2025-12-10
630.0,633.8699951171875,627.27001953125,633.7100219726562,631.9216918945312,33921000,VOO,2025-12-11
632.7999877929688,633.4299926757812,624.47998046875,626.8699951171875,625.1009521484375,8534700,VOO,2025-12-12
630.5599975585938,630.5599975585938,624.5700073242188,625.9600219726562,624.1935424804688,11337200,VOO,2025-12-15
624.5499877929688,626.219970703125,620.6500244140625,624.2100219726562,622.448486328125,15819600,VOO,2025-12-16
625.1900024414062,625.6400146484375,617.1599731445312,617.3499755859375,615.6077880859375,21356900,VOO,2025-12-17
623.0499877929688,625.9400024414062,620.5700073242188,622.010009765625,620.2546997070312,37062400,VOO,2025-12-18
623.97998046875,628.1300048828125,623.8599853515625,627.5599975585938,625.7890014648438,10487000,VOO,2025-12-19
628.969970703125,630.27001953125,627.7999877929688,629.72998046875,629.72998046875,9850100,VOO,2025-12-22
628.9400024414062,632.8800048828125,628.9199829101562,632.6699829101562,632.6699829101562,13798500,VOO,2025-12-23
632.6699829101562,635.3200073242188,632.5399780273438,634.780029296875,634.780029296875,3275200,VOO,2025-12-24
635.1400146484375,636.0800170898438,633.8800048828125,634.8400268554688,634.8400268554688,3852100,VOO,2025-12-26
632.2999877929688,633.7899780273438,630.9500122070312,632.5999755859375,632.5999755859375,6579400,VOO,2025-12-29
632.2000122070312,633.2100219726562,631.4099731445312,631.719970703125,631.719970703125,4180400,VOO,2025-12-30
631.9400024414062,632.1400146484375,626.9400024414062,627.1300048828125,627.1300048828125,5556800,VOO,2025-12-31