symbol,date,open,high,low,close,volume,adjusted
BTC-USD,2022-01-01,46311.74609375,47827.3125,46288.484375,47686.8125,24582667004,47686.8125
BTC-USD,2022-01-02,47680.92578125,47881.40625,46856.9375,47345.21875,27951569547,47345.21875
BTC-USD,2022-01-03,47343.54296875,47510.7265625,45835.96484375,46458.1171875,33071628362,46458.1171875
BTC-USD,2022-01-04,46458.8515625,47406.546875,45752.46484375,45897.57421875,42494677905,45897.57421875
BTC-USD,2022-01-05,45899.359375,46929.046875,42798.22265625,43569.00390625,36851084859,43569.00390625
BTC-USD,2022-01-06,43565.51171875,43748.71875,42645.5390625,43160.9296875,30208048289,43160.9296875
BTC-USD,2022-01-07,43153.5703125,43153.5703125,41077.4453125,41557.90234375,84196607520,41557.90234375
BTC-USD,2022-01-08,41561.46484375,42228.94140625,40672.27734375,41733.94140625,28066355845,41733.94140625
BTC-USD,2022-01-09,41734.7265625,42663.94921875,41338.16015625,41911.6015625,21294384372,41911.6015625
BTC-USD,2022-01-10,41910.23046875,42199.484375,39796.5703125,41821.26171875,32104232331,41821.26171875
BTC-USD,2022-01-11,41819.5078125,43001.15625,41407.75390625,42735.85546875,26327648900,42735.85546875
BTC-USD,2022-01-12,42742.1796875,44135.3671875,42528.98828125,43949.1015625,33499938689,43949.1015625
BTC-USD,2022-01-13,43946.7421875,44278.421875,42447.04296875,42591.5703125,47691135082,42591.5703125
BTC-USD,2022-01-14,42598.87109375,43346.6875,41982.6171875,43099.69921875,23577403399,43099.69921875
BTC-USD,2022-01-15,43101.8984375,43724.671875,42669.03515625,43177.3984375,18371348298,43177.3984375
BTC-USD,2022-01-16,43172.0390625,43436.80859375,42691.0234375,43113.87890625,17902097845,43113.87890625
BTC-USD,2022-01-17,43118.12109375,43179.390625,41680.3203125,42250.55078125,21690904261,42250.55078125
BTC-USD,2022-01-18,42250.07421875,42534.40234375,41392.21484375,42375.6328125,22417209227,42375.6328125
BTC-USD,2022-01-19,42374.0390625,42478.3046875,41242.9140625,41744.328125,23091543258,41744.328125
BTC-USD,2022-01-20,41744.02734375,43413.0234375,40672.82421875,40680.41796875,20382033940,40680.41796875
BTC-USD,2022-01-21,40699.60546875,41060.52734375,35791.42578125,36457.31640625,43011992031,36457.31640625
BTC-USD,2022-01-22,36471.58984375,36688.8125,34349.25,35030.25,39714385405,35030.25
BTC-USD,2022-01-23,35047.359375,36433.3125,34784.96875,36276.8046875,26017975951,36276.8046875
BTC-USD,2022-01-24,36275.734375,37247.51953125,33184.05859375,36654.328125,41856658597,36654.328125
BTC-USD,2022-01-25,36654.8046875,37444.5703125,35779.4296875,36954.00390625,26428189594,36954.00390625
BTC-USD,2022-01-26,36950.515625,38825.41015625,36374.90625,36852.12109375,31324598034,36852.12109375
BTC-USD,2022-01-27,36841.87890625,37148.32421875,35629.28125,37138.234375,25041426629,37138.234375
BTC-USD,2022-01-28,37128.4453125,37952.87890625,36211.109375,37784.33203125,22238830523,37784.33203125
BTC-USD,2022-01-29,37780.71484375,38576.26171875,37406.47265625,38138.1796875,17194183075,38138.1796875
BTC-USD,2022-01-30,38151.91796875,38266.33984375,37437.7109375,37917.6015625,14643548444,37917.6015625
BTC-USD,2022-01-31,37920.28125,38647.26171875,36733.57421875,38483.125,20734730465,38483.125
BTC-USD,2022-02-01,38481.765625,39115.1328125,38113.6640625,38743.2734375,20288500328,38743.2734375
BTC-USD,2022-02-02,38743.71484375,38834.6171875,36832.73046875,36952.984375,19155189416,36952.984375
BTC-USD,2022-02-03,36944.8046875,37154.6015625,36375.5390625,37154.6015625,18591534769,37154.6015625
BTC-USD,2022-02-04,37149.265625,41527.78515625,37093.62890625,41500.875,29412210792,41500.875
BTC-USD,2022-02-05,41501.48046875,41847.1640625,41038.09765625,41441.1640625,19652846215,41441.1640625
BTC-USD,2022-02-06,41441.12109375,42500.78515625,41244.90625,42412.43359375,16142097334,42412.43359375
BTC-USD,2022-02-07,42406.78125,44401.86328125,41748.15625,43840.28515625,28641855926,43840.28515625
BTC-USD,2022-02-08,43854.65234375,45293.8671875,42807.8359375,44118.4453125,33079398868,44118.4453125
BTC-USD,2022-02-09,44096.703125,44727.80078125,43232.96875,44338.796875,23245887300,44338.796875
BTC-USD,2022-02-10,44347.80078125,45661.171875,43402.80859375,43565.11328125,32142048537,43565.11328125
BTC-USD,2022-02-11,43571.12890625,43810.83203125,42114.5390625,42407.9375,26954925781,42407.9375
BTC-USD,2022-02-12,42412.30078125,42992.55078125,41852.57421875,42244.46875,18152390304,42244.46875
BTC-USD,2022-02-13,42236.56640625,42693.0546875,41950.94140625,42197.515625,14741589015,42197.515625
BTC-USD,2022-02-14,42157.3984375,42775.77734375,41681.95703125,42586.91796875,20827783012,42586.91796875
BTC-USD,2022-02-15,42586.46484375,44667.21875,42491.03515625,44575.203125,22721659051,44575.203125
BTC-USD,2022-02-16,44578.27734375,44578.27734375,43456.69140625,43961.859375,19792547657,43961.859375
BTC-USD,2022-02-17,43937.0703125,44132.97265625,40249.37109375,40538.01171875,26246662813,40538.01171875
BTC-USD,2022-02-18,40552.1328125,40929.15234375,39637.6171875,40030.9765625,23310007704,40030.9765625
BTC-USD,2022-02-19,40026.0234375,40418.87890625,39713.05859375,40122.15625,13736557863,40122.15625
BTC-USD,2022-02-20,40118.1015625,40119.890625,38112.8125,38431.37890625,18340576452,38431.37890625
BTC-USD,2022-02-21,38423.2109375,39394.4375,36950.4765625,37075.28125,29280402798,37075.28125
BTC-USD,2022-02-22,37068.76953125,38359.85546875,36488.93359375,38286.02734375,25493150450,38286.02734375
BTC-USD,2022-02-23,38285.28125,39122.39453125,37201.81640625,37296.5703125,21849073843,37296.5703125
BTC-USD,2022-02-24,37278.56640625,38968.83984375,34459.21875,38332.609375,46383802093,38332.609375
BTC-USD,2022-02-25,38333.74609375,39630.32421875,38111.34375,39214.21875,26545599159,39214.21875
BTC-USD,2022-02-26,39213.08203125,40005.34765625,38702.53515625,39105.1484375,17467554129,39105.1484375
BTC-USD,2022-02-27,39098.69921875,39778.94140625,37268.9765625,37709.78515625,23450127612,37709.78515625
BTC-USD,2022-02-28,37706,43760.45703125,37518.21484375,43193.234375,35690014104,43193.234375
BTC-USD,2022-03-01,43194.50390625,44793.6015625,42952.5859375,44354.63671875,32479047645,44354.63671875
BTC-USD,2022-03-02,44357.6171875,45077.578125,43432.8515625,43924.1171875,29183112630,43924.1171875
BTC-USD,2022-03-03,43925.1953125,44021.578125,41914.75,42451.7890625,24967782593,42451.7890625
BTC-USD,2022-03-04,42458.140625,42479.61328125,38805.84765625,39137.60546875,28516271427,39137.60546875
BTC-USD,2022-03-05,39148.44921875,39566.3359375,38777.03515625,39400.5859375,16975917450,39400.5859375
BTC-USD,2022-03-06,39404.19921875,39640.17578125,38211.6484375,38419.984375,19745229902,38419.984375
BTC-USD,2022-03-07,38429.3046875,39430.2265625,37260.203125,38062.0390625,28546143503,38062.0390625
BTC-USD,2022-03-08,38059.90234375,39304.44140625,37957.38671875,38737.26953125,25776583476,38737.26953125
BTC-USD,2022-03-09,38742.81640625,42465.671875,38706.09375,41982.92578125,32284121034,41982.92578125
BTC-USD,2022-03-10,41974.0703125,42004.7265625,38832.94140625,39437.4609375,31078064711,39437.4609375
BTC-USD,2022-03-11,39439.96875,40081.6796875,38347.43359375,38794.97265625,26364890465,38794.97265625
BTC-USD,2022-03-12,38794.46484375,39308.59765625,38772.53515625,38904.01171875,14616450657,38904.01171875
BTC-USD,2022-03-13,38884.7265625,39209.3515625,37728.14453125,37849.6640625,17300745310,37849.6640625
BTC-USD,2022-03-14,37846.31640625,39742.5,37680.734375,39666.75390625,24322159070,39666.75390625
BTC-USD,2022-03-15,39664.25,39794.62890625,38310.2109375,39338.78515625,23934000868,39338.78515625
BTC-USD,2022-03-16,39335.5703125,41465.453125,39022.34765625,41143.9296875,39616916192,41143.9296875
BTC-USD,2022-03-17,41140.84375,41287.53515625,40662.87109375,40951.37890625,22009601093,40951.37890625
BTC-USD,2022-03-18,40944.83984375,42195.74609375,40302.3984375,41801.15625,34421564942,41801.15625
BTC-USD,2022-03-19,41794.6484375,42316.5546875,41602.66796875,42190.65234375,19664853187,42190.65234375
BTC-USD,2022-03-20,42191.40625,42241.1640625,41004.7578125,41247.82421875,20127946682,41247.82421875
BTC-USD,2022-03-21,41246.1328125,41454.41015625,40668.04296875,41077.99609375,24615543271,41077.99609375
BTC-USD,2022-03-22,41074.10546875,43124.70703125,40948.28125,42358.80859375,32004652376,42358.80859375
BTC-USD,2022-03-23,42364.37890625,42893.5078125,41877.5078125,42892.95703125,25242943069,42892.95703125
BTC-USD,2022-03-24,42886.65234375,44131.85546875,42726.1640625,43960.93359375,31042992291,43960.93359375
BTC-USD,2022-03-25,43964.546875,44999.4921875,43706.28515625,44348.73046875,30574413034,44348.73046875
BTC-USD,2022-03-26,44349.859375,44735.99609375,44166.2734375,44500.828125,16950455995,44500.828125
BTC-USD,2022-03-27,44505.35546875,46827.546875,44437.29296875,46820.4921875,28160889722,46820.4921875
BTC-USD,2022-03-28,46821.8515625,48086.8359375,46690.203125,47128.00390625,36362175703,47128.00390625
BTC-USD,2022-03-29,47100.4375,48022.2890625,47100.4375,47465.73046875,31397059069,47465.73046875
BTC-USD,2022-03-30,47456.8984375,47655.1484375,46746.2109375,47062.6640625,29333883962,47062.6640625
BTC-USD,2022-03-31,47062.1484375,47512.02734375,45390.5390625,45538.67578125,33327427106,45538.67578125
BTC-USD,2022-04-01,45554.1640625,46616.2421875,44403.140625,46281.64453125,38162644287,46281.64453125
BTC-USD,2022-04-02,46285.5,47028.28125,45782.51171875,45868.94921875,29336594194,45868.94921875
BTC-USD,2022-04-03,45859.12890625,47313.4765625,45634.10546875,46453.56640625,25414397610,46453.56640625
BTC-USD,2022-04-04,46445.2734375,46791.08984375,45235.81640625,46622.67578125,32499785455,46622.67578125
BTC-USD,2022-04-05,46624.5078125,47106.140625,45544.80859375,45555.9921875,29640604055,45555.9921875
BTC-USD,2022-04-06,45544.35546875,45544.35546875,43193.953125,43206.73828125,39393395788,43206.73828125
BTC-USD,2022-04-07,43207.5,43860.69921875,42899.90625,43503.84765625,26101973106,43503.84765625
BTC-USD,2022-04-08,43505.13671875,43903.01953125,42183.2890625,42287.6640625,27215995394,42287.6640625
BTC-USD,2022-04-09,42282.078125,42786.81640625,42183.25390625,42782.13671875,16050772496,42782.13671875
BTC-USD,2022-04-10,42781.08984375,43376.37890625,42021.20703125,42207.671875,17654475582,42207.671875
BTC-USD,2022-04-11,42201.0390625,42424.58984375,39373.05859375,39521.90234375,33949912166,39521.90234375
BTC-USD,2022-04-12,39533.71484375,40617.5859375,39388.328125,40127.18359375,30991500854,40127.18359375
BTC-USD,2022-04-13,40123.5703125,41430.0546875,39712.74609375,41166.73046875,27691105228,41166.73046875
BTC-USD,2022-04-14,41160.21875,41451.48046875,39695.74609375,39935.515625,24342001973,39935.515625
BTC-USD,2022-04-15,39939.40234375,40617.72265625,39866.83203125,40553.46484375,21756855753,40553.46484375
BTC-USD,2022-04-16,40552.31640625,40633.6796875,40078.42578125,40424.484375,16833150693,40424.484375
BTC-USD,2022-04-17,40417.77734375,40570.7265625,39620.89453125,39716.953125,19087633042,39716.953125
BTC-USD,2022-04-18,39721.203125,40986.3203125,38696.19140625,40826.21484375,33705182072,40826.21484375
BTC-USD,2022-04-19,40828.17578125,41672.9609375,40618.6328125,41502.75,25303206547,41502.75
BTC-USD,2022-04-20,41501.74609375,42126.30078125,40961.09765625,41374.37890625,27819532341,41374.37890625
BTC-USD,2022-04-21,41371.515625,42893.58203125,40063.828125,40527.36328125,35372786395,40527.36328125
BTC-USD,2022-04-22,40525.86328125,40777.7578125,39315.41796875,39740.3203125,28011716745,39740.3203125
BTC-USD,2022-04-23,39738.72265625,39935.859375,39352.203125,39486.73046875,16138021249,39486.73046875
BTC-USD,2022-04-24,39478.375,39845.92578125,39233.5390625,39469.29296875,17964398167,39469.29296875
BTC-USD,2022-04-25,39472.60546875,40491.75390625,38338.37890625,40458.30859375,35445730570,40458.30859375
BTC-USD,2022-04-26,40448.421875,40713.890625,37884.984375,38117.4609375,34569088416,38117.4609375
BTC-USD,2022-04-27,38120.30078125,39397.91796875,37997.3125,39241.12109375,30981015184,39241.12109375
BTC-USD,2022-04-28,39241.4296875,40269.46484375,38941.421875,39773.828125,33903704907,39773.828125
BTC-USD,2022-04-29,39768.6171875,39887.26953125,38235.53515625,38609.82421875,30882994649,38609.82421875
BTC-USD,2022-04-30,38605.859375,38771.2109375,37697.94140625,37714.875,23895713731,37714.875
BTC-USD,2022-05-01,37713.265625,38627.859375,37585.7890625,38469.09375,27002760110,38469.09375
BTC-USD,2022-05-02,38472.1875,39074.97265625,38156.5625,38529.328125,32922642426,38529.328125
BTC-USD,2022-05-03,38528.109375,38629.99609375,37585.62109375,37750.453125,27326943244,37750.453125
BTC-USD,2022-05-04,37748.01171875,39902.94921875,37732.05859375,39698.37109375,36754404490,39698.37109375
BTC-USD,2022-05-05,39695.74609375,39789.28125,35856.515625,36575.140625,43106256317,36575.140625
BTC-USD,2022-05-06,36573.18359375,36624.359375,35482.1328125,36040.921875,37795577489,36040.921875
BTC-USD,2022-05-07,36042.50390625,36129.92578125,34940.82421875,35501.953125,24375896406,35501.953125
BTC-USD,2022-05-08,35502.94140625,35502.94140625,33878.96484375,34059.265625,36763041910,34059.265625
BTC-USD,2022-05-09,34060.015625,34222.07421875,30296.953125,30296.953125,63355494961,30296.953125
BTC-USD,2022-05-10,30273.654296875,32596.30859375,29944.802734375,31022.90625,59811038817,31022.90625
BTC-USD,2022-05-11,31016.18359375,32013.40234375,28170.4140625,28936.35546875,70388855818,28936.35546875
BTC-USD,2022-05-12,28936.734375,30032.439453125,26350.490234375,29047.751953125,66989173272,29047.751953125
BTC-USD,2022-05-13,29030.91015625,30924.802734375,28782.330078125,29283.103515625,42841124537,29283.103515625
BTC-USD,2022-05-14,29285.642578125,30192.802734375,28702.91015625,30101.265625,28579868620,30101.265625
BTC-USD,2022-05-15,30098.5859375,31308.19140625,29527.740234375,31305.11328125,25835372065,31305.11328125
BTC-USD,2022-05-16,31304.375,31305.341796875,29251.884765625,29862.91796875,32613897286,29862.91796875
BTC-USD,2022-05-17,29862.408203125,30694.490234375,29570.302734375,30425.857421875,29101473475,30425.857421875
BTC-USD,2022-05-18,30424.478515625,30618.716796875,28720.271484375,28720.271484375,31285268319,28720.271484375
BTC-USD,2022-05-19,28720.359375,30430.751953125,28708.955078125,30314.333984375,33773447707,30314.333984375
BTC-USD,2022-05-20,30311.119140625,30664.9765625,28793.60546875,29200.740234375,30749382605,29200.740234375
BTC-USD,2022-05-21,29199.859375,29588.869140625,29027.39453125,29432.2265625,17274840442,29432.2265625
BTC-USD,2022-05-22,29432.47265625,30425.861328125,29275.18359375,30323.72265625,21631532270,30323.72265625
BTC-USD,2022-05-23,30309.396484375,30590.5859375,28975.560546875,29098.91015625,31483454557,29098.91015625
BTC-USD,2022-05-24,29101.125,29774.35546875,28786.58984375,29655.5859375,26616506245,29655.5859375
BTC-USD,2022-05-25,29653.134765625,30157.78515625,29384.94921875,29562.361328125,27525063551,29562.361328125
BTC-USD,2022-05-26,29564.77734375,29834.16015625,28261.90625,29267.224609375,36774325352,29267.224609375
BTC-USD,2022-05-27,29251.140625,29346.943359375,28326.61328125,28627.57421875,36582005748,28627.57421875
BTC-USD,2022-05-28,28622.625,28814.900390625,28554.56640625,28814.900390625,35519577634,28814.900390625
BTC-USD,2022-05-29,29019.8671875,29498.009765625,28841.107421875,29445.95703125,18093886409,29445.95703125
BTC-USD,2022-05-30,29443.365234375,31949.630859375,29303.572265625,31726.390625,39277993274,31726.390625
BTC-USD,2022-05-31,31723.865234375,32249.86328125,31286.154296875,31792.310546875,33538210634,31792.310546875
BTC-USD,2022-06-01,31792.5546875,31957.28515625,29501.587890625,29799.080078125,41135817341,29799.080078125
BTC-USD,2022-06-02,29794.890625,30604.734375,29652.705078125,30467.48828125,29083562061,30467.48828125
BTC-USD,2022-06-03,30467.806640625,30633.03515625,29375.689453125,29704.390625,26175547452,29704.390625
BTC-USD,2022-06-04,29706.138671875,29930.564453125,29500.005859375,29832.9140625,16588370958,29832.9140625
BTC-USD,2022-06-05,29835.1171875,30117.744140625,29574.44921875,29906.662109375,17264085441,29906.662109375
BTC-USD,2022-06-06,29910.283203125,31693.291015625,29894.1875,31370.671875,31947336829,31370.671875
BTC-USD,2022-06-07,31371.7421875,31489.68359375,29311.68359375,31155.478515625,40770974039,31155.478515625
BTC-USD,2022-06-08,31151.48046875,31253.69140625,29944.404296875,30214.35546875,30242059107,30214.35546875
BTC-USD,2022-06-09,30215.279296875,30609.310546875,30020.265625,30111.998046875,21692004719,30111.998046875
BTC-USD,2022-06-10,30110.330078125,30245.80859375,28978.146484375,29083.8046875,29867476527,29083.8046875
BTC-USD,2022-06-11,29084.666015625,29401.916015625,28236.212890625,28360.810546875,27246574439,28360.810546875
BTC-USD,2022-06-12,28373.513671875,28502.685546875,26762.6484375,26762.6484375,34163220274,26762.6484375
BTC-USD,2022-06-13,26737.578125,26795.58984375,22141.2578125,22487.388671875,68204556440,22487.388671875
BTC-USD,2022-06-14,22487.986328125,23018.951171875,20950.818359375,22206.79296875,50913575242,22206.79296875
BTC-USD,2022-06-15,22196.73046875,22642.671875,20178.376953125,22572.83984375,54912007015,22572.83984375
BTC-USD,2022-06-16,22576.3046875,22868.921875,20265.2265625,20381.650390625,31183975654,20381.650390625
BTC-USD,2022-06-17,20385.71875,21243.3125,20326.51953125,20471.482421875,27132421514,20471.482421875
BTC-USD,2022-06-18,20473.42578125,20736.041015625,17708.623046875,19017.642578125,42009436760,19017.642578125
BTC-USD,2022-06-19,19010.90234375,20683.822265625,18067.15234375,20553.271484375,35329942625,20553.271484375
BTC-USD,2022-06-20,20553.37109375,20913.322265625,19689.169921875,20599.537109375,30818458597,20599.537109375
BTC-USD,2022-06-21,20594.294921875,21620.62890625,20415.0625,20710.59765625,28970212744,20710.59765625
BTC-USD,2022-06-22,20719.4140625,20835.75,19848.078125,19987.029296875,28574793478,19987.029296875
BTC-USD,2022-06-23,19986.607421875,21135.76171875,19950.1171875,21085.876953125,26188097173,21085.876953125
BTC-USD,2022-06-24,21084.6484375,21472.91796875,20777.51171875,21231.65625,24957784918,21231.65625
BTC-USD,2022-06-25,21233.609375,21520.9140625,20964.5859375,21502.337890625,18372538715,21502.337890625
BTC-USD,2022-06-26,21496.494140625,21783.724609375,21016.26953125,21027.294921875,18027170497,21027.294921875
BTC-USD,2022-06-27,21028.23828125,21478.08984375,20620.19921875,20735.478515625,20965695707,20735.478515625
BTC-USD,2022-06-28,20731.544921875,21164.423828125,20228.8125,20280.634765625,21381535161,20280.634765625
BTC-USD,2022-06-29,20281.169921875,20364.15625,19937.791015625,20104.0234375,23552740328,20104.0234375
BTC-USD,2022-06-30,20108.3125,20141.16015625,18729.65625,19784.7265625,26267239923,19784.7265625
BTC-USD,2022-07-01,19820.470703125,20632.671875,19073.708984375,19269.3671875,30767551159,19269.3671875
BTC-USD,2022-07-02,19274.8359375,19371.748046875,19027.08203125,19242.255859375,18100418740,19242.255859375
BTC-USD,2022-07-03,19242.095703125,19558.26953125,18966.951171875,19297.076171875,16390821947,19297.076171875
BTC-USD,2022-07-04,19297.314453125,20258.748046875,19063.06640625,20231.26171875,21594638208,20231.26171875
BTC-USD,2022-07-05,20225.353515625,20635.466796875,19341.232421875,20190.115234375,26715546990,20190.115234375
BTC-USD,2022-07-06,20194.619140625,20595.529296875,19823.51171875,20548.24609375,24598943708,20548.24609375
BTC-USD,2022-07-07,20547.814453125,21771.81640625,20296.103515625,21637.587890625,25814972520,21637.587890625
BTC-USD,2022-07-08,21637.154296875,22314.94140625,21257.453125,21731.1171875,49899834488,21731.1171875
BTC-USD,2022-07-09,21716.828125,21877.138671875,21445.95703125,21592.20703125,29641127858,21592.20703125
BTC-USD,2022-07-10,21591.080078125,21591.080078125,20727.123046875,20860.44921875,28688807249,20860.44921875
BTC-USD,2022-07-11,20856.353515625,20856.353515625,19924.5390625,19970.556640625,24150249025,19970.556640625
BTC-USD,2022-07-12,19970.474609375,20043.4453125,19308.53125,19323.9140625,25810220018,19323.9140625
BTC-USD,2022-07-13,19325.97265625,20223.052734375,18999.953125,20212.07421875,33042430345,20212.07421875
BTC-USD,2022-07-14,20211.466796875,20789.89453125,19689.2578125,20569.919921875,31158743333,20569.919921875
BTC-USD,2022-07-15,20573.15625,21138.244140625,20397,20836.328125,25905575359,20836.328125
BTC-USD,2022-07-16,20834.103515625,21514.404296875,20518.8984375,21190.31640625,24302954056,21190.31640625
BTC-USD,2022-07-17,21195.041015625,21600.640625,20778.1796875,20779.34375,22927802083,20779.34375
BTC-USD,2022-07-18,20781.912109375,22633.033203125,20781.912109375,22485.689453125,39974475562,22485.689453125
BTC-USD,2022-07-19,22467.849609375,23666.962890625,21683.40625,23389.43359375,48765202697,23389.43359375
BTC-USD,2022-07-20,23393.19140625,24196.818359375,23009.94921875,23231.732421875,42932549127,23231.732421875
BTC-USD,2022-07-21,23233.201171875,23388.322265625,22431.1484375,23164.62890625,33631012204,23164.62890625
BTC-USD,2022-07-22,23163.751953125,23671.927734375,22603.416015625,22714.978515625,31421555646,22714.978515625
BTC-USD,2022-07-23,22706.984375,22977.2109375,22002.91015625,22465.478515625,24021799169,22465.478515625
BTC-USD,2022-07-24,22465.509765625,22974.001953125,22306.83984375,22609.1640625,23565495303,22609.1640625
BTC-USD,2022-07-25,22607.15625,22649.12109375,21361.642578125,21361.701171875,35574561406,21361.701171875
BTC-USD,2022-07-26,21361.12109375,21361.12109375,20776.81640625,21239.75390625,28624673855,21239.75390625
BTC-USD,2022-07-27,21244.169921875,22986.529296875,21070.806640625,22930.548828125,31758955233,22930.548828125
BTC-USD,2022-07-28,22933.640625,24110.470703125,22722.265625,23843.88671875,40212386158,23843.88671875
BTC-USD,2022-07-29,23845.212890625,24294.787109375,23481.173828125,23804.6328125,35887249746,23804.6328125
BTC-USD,2022-07-30,23796.818359375,24572.580078125,23580.5078125,23656.20703125,28148218301,23656.20703125
BTC-USD,2022-07-31,23652.0703125,24121.642578125,23275.703125,23336.896484375,23553591896,23336.896484375
BTC-USD,2022-08-01,23336.71875,23464.787109375,22890.796875,23314.19921875,25849159141,23314.19921875
BTC-USD,2022-08-02,23308.43359375,23415.041015625,22710.083984375,22978.1171875,28389250717,22978.1171875
BTC-USD,2022-08-03,22981.302734375,23578.650390625,22747.8359375,22846.5078125,26288169966,22846.5078125
BTC-USD,2022-08-04,22848.21484375,23198.009765625,22485.701171875,22630.95703125,25120229769,22630.95703125
BTC-USD,2022-08-05,22626.833984375,23422.828125,22612.177734375,23289.314453125,28881249043,23289.314453125
BTC-USD,2022-08-06,23291.423828125,23326.5625,22961.279296875,22961.279296875,15978259885,22961.279296875
BTC-USD,2022-08-07,22963.505859375,23359.009765625,22894.556640625,23175.890625,15886817043,23175.890625
BTC-USD,2022-08-08,23179.52734375,24203.689453125,23176.546875,23809.486328125,28575544847,23809.486328125
BTC-USD,2022-08-09,23811.484375,23898.615234375,22982,23164.318359375,23555719219,23164.318359375
BTC-USD,2022-08-10,23162.8984375,24127.4140625,22771.51953125,23947.642578125,32837431722,23947.642578125
BTC-USD,2022-08-11,23948.345703125,24822.62890625,23900.99609375,23957.529296875,37127036580,23957.529296875
BTC-USD,2022-08-12,23957.203125,24412.56640625,23657.265625,24402.818359375,27265804688,24402.818359375
BTC-USD,2022-08-13,24402.1875,24860.05078125,24346.115234375,24424.068359375,22987346289,24424.068359375
BTC-USD,2022-08-14,24429.056640625,24974.9140625,24206.259765625,24319.333984375,22994133555,24319.333984375
BTC-USD,2022-08-15,24318.31640625,25135.58984375,23839.775390625,24136.97265625,35123501685,24136.97265625
BTC-USD,2022-08-16,24126.13671875,24228.416015625,23733.5,23883.291015625,27753685646,23883.291015625
BTC-USD,2022-08-17,23881.31640625,24407.05859375,23243.353515625,23335.998046875,30931623076,23335.998046875
BTC-USD,2022-08-18,23341.0390625,23563.83203125,23177.6015625,23212.73828125,23747613147,23212.73828125
BTC-USD,2022-08-19,23213.3125,23213.3125,20868.84765625,20877.552734375,40509610260,20877.552734375
BTC-USD,2022-08-20,20872.841796875,21350.806640625,20856.73046875,21166.060546875,27595671000,21166.060546875
BTC-USD,2022-08-21,21160.392578125,21668.845703125,21103.197265625,21534.12109375,23102307723,21534.12109375
BTC-USD,2022-08-22,21531.462890625,21531.462890625,20939.18359375,21398.908203125,31666498758,21398.908203125
BTC-USD,2022-08-23,21401.044921875,21646.203125,20955.138671875,21528.087890625,31878280659,21528.087890625
BTC-USD,2022-08-24,21526.455078125,21783.076171875,21195.005859375,21395.01953125,31962253368,21395.01953125
BTC-USD,2022-08-25,21395.458984375,21789.63671875,21362.44140625,21600.904296875,31028679593,21600.904296875
BTC-USD,2022-08-26,21596.0859375,21804.908203125,20199.482421875,20260.01953125,42326789564,20260.01953125
BTC-USD,2022-08-27,20262.48046875,20340.775390625,19890.5234375,20041.73828125,30116729776,20041.73828125
BTC-USD,2022-08-28,20041.03515625,20139.0546875,19616.814453125,19616.814453125,24366810591,19616.814453125
BTC-USD,2022-08-29,19615.154296875,20357.462890625,19600.78515625,20297.994140625,32637854078,20297.994140625
BTC-USD,2022-08-30,20298.611328125,20542.64453125,19617.640625,19796.80859375,34483360283,19796.80859375
BTC-USD,2022-08-31,19799.58203125,20420.990234375,19799.58203125,20049.763671875,33225232872,20049.763671875
BTC-USD,2022-09-01,20050.498046875,20198.390625,19653.96875,20127.140625,30182031010,20127.140625
BTC-USD,2022-09-02,20126.072265625,20401.568359375,19814.765625,19969.771484375,29123998928,19969.771484375
BTC-USD,2022-09-03,19969.71875,20037.009765625,19698.35546875,19832.087890625,23613051457,19832.087890625
BTC-USD,2022-09-04,19832.470703125,19999.689453125,19636.81640625,19986.712890625,25245861652,19986.712890625
BTC-USD,2022-09-05,19988.7890625,20031.16015625,19673.046875,19812.37109375,28813460025,19812.37109375
BTC-USD,2022-09-06,19817.724609375,20155.26953125,18800.171875,18837.66796875,43403978910,18837.66796875
BTC-USD,2022-09-07,18837.68359375,19427.171875,18644.466796875,19290.32421875,35239757134,19290.32421875
BTC-USD,2022-09-08,19289.94140625,19417.3515625,19076.71484375,19329.833984375,32194477850,19329.833984375
BTC-USD,2022-09-09,19328.140625,21439.41015625,19310.962890625,21381.15234375,48469528171,21381.15234375
BTC-USD,2022-09-10,21376.912109375,21760.275390625,21168.72265625,21680.5390625,36913738894,21680.5390625
BTC-USD,2022-09-11,21678.54296875,21770.552734375,21406.9453125,21769.255859375,34493951963,21769.255859375
BTC-USD,2022-09-12,21770.1484375,22439.181640625,21603.896484375,22370.44921875,50212088965,22370.44921875
BTC-USD,2022-09-13,22371.48046875,22673.8203125,20062.669921875,20296.70703125,51091116622,20296.70703125
BTC-USD,2022-09-14,20184.5546875,20467.201171875,19793.396484375,20241.08984375,37872380889,20241.08984375
BTC-USD,2022-09-15,20242.2890625,20318.166015625,19636.734375,19701.2109375,36389011503,19701.2109375
BTC-USD,2022-09-16,19704.005859375,19870.62890625,19400.076171875,19772.583984375,30123362273,19772.583984375
BTC-USD,2022-09-17,19777.033203125,20162.53125,19777.033203125,20127.576171875,24957448100,20127.576171875
BTC-USD,2022-09-18,20127.234375,20127.234375,19387.4921875,19419.505859375,31254779144,19419.505859375
BTC-USD,2022-09-19,19418.572265625,19639.48046875,18390.318359375,19544.12890625,40177002624,19544.12890625
BTC-USD,2022-09-20,19545.591796875,19602.45703125,18813.455078125,18890.7890625,36791346508,18890.7890625
BTC-USD,2022-09-21,18891.283203125,19674.630859375,18290.314453125,18547.400390625,46363793975,18547.400390625
BTC-USD,2022-09-22,18534.650390625,19456.91015625,18415.591796875,19413.55078125,41135767926,19413.55078125
BTC-USD,2022-09-23,19412.400390625,19464.671875,18617.552734375,19297.638671875,38896078052,19297.638671875
BTC-USD,2022-09-24,19296.990234375,19310.197265625,18861.974609375,18937.01171875,26149643168,18937.01171875
BTC-USD,2022-09-25,18936.310546875,19134.732421875,18696.46875,18802.09765625,23359966112,18802.09765625
BTC-USD,2022-09-26,18803.900390625,19274.873046875,18721.28515625,19222.671875,44148798321,19222.671875
BTC-USD,2022-09-27,19221.83984375,20338.455078125,18915.66796875,19110.546875,58571439619,19110.546875
BTC-USD,2022-09-28,19104.62109375,19688.34375,18553.296875,19426.720703125,53071298734,19426.720703125
BTC-USD,2022-09-29,19427.779296875,19589.265625,18924.353515625,19573.05078125,41037843771,19573.05078125
BTC-USD,2022-09-30,19573.431640625,20109.849609375,19265.662109375,19431.7890625,43975248085,19431.7890625
BTC-USD,2022-10-01,19431.10546875,19471.154296875,19231.08203125,19312.095703125,18719537670,19312.095703125
BTC-USD,2022-10-02,19311.849609375,19370.30859375,18970.62109375,19044.107421875,20765955327,19044.107421875
BTC-USD,2022-10-03,19044.068359375,19653.54296875,19025.2265625,19623.580078125,30484729489,19623.580078125
BTC-USD,2022-10-04,19623.583984375,20380.34375,19523.83984375,20336.84375,35887278685,20336.84375
BTC-USD,2022-10-05,20335.900390625,20343.748046875,19801.80078125,20160.716796875,33223790572,20160.716796875
BTC-USD,2022-10-06,20161.0390625,20408.392578125,19900.087890625,19955.443359375,34711412966,19955.443359375
BTC-USD,2022-10-07,19957.55859375,20041.0859375,19395.79296875,19546.849609375,29227315390,19546.849609375
BTC-USD,2022-10-08,19546.328125,19601.6953125,19299.4140625,19416.568359375,16437423167,19416.568359375
BTC-USD,2022-10-09,19417.478515625,19542.5390625,19349.259765625,19446.42578125,16837262532,19446.42578125
BTC-USD,2022-10-10,19446.416015625,19515.466796875,19102.978515625,19141.484375,27425022774,19141.484375
BTC-USD,2022-10-11,19139,19241.9609375,18925.603515625,19051.41796875,28711532910,19051.41796875
BTC-USD,2022-10-12,19052.646484375,19203.19921875,19029.7578125,19157.4453125,24950173846,19157.4453125
BTC-USD,2022-10-13,19156.966796875,19453.328125,18319.822265625,19382.904296875,44219840004,19382.904296875
BTC-USD,2022-10-14,19382.533203125,19889.146484375,19115.408203125,19185.65625,38452356727,19185.65625
BTC-USD,2022-10-15,19185.4375,19212.541015625,19019.25,19067.634765625,16192235532,19067.634765625
BTC-USD,2022-10-16,19068.9140625,19389.603515625,19068.9140625,19268.09375,17988916650,19268.09375
BTC-USD,2022-10-17,19268.5625,19635.802734375,19173.333984375,19550.7578125,27472552998,19550.7578125
BTC-USD,2022-10-18,19550.466796875,19666.994140625,19144.76953125,19334.416015625,30580012344,19334.416015625
BTC-USD,2022-10-19,19335.02734375,19348.416015625,19127.6875,19139.53515625,22425387184,19139.53515625
BTC-USD,2022-10-20,19138.0859375,19315.19921875,18971.458984375,19053.740234375,24493974420,19053.740234375
BTC-USD,2022-10-21,19053.203125,19237.384765625,18770.970703125,19172.46875,32459287866,19172.46875
BTC-USD,2022-10-22,19172.380859375,19248.068359375,19132.244140625,19208.189453125,16104440957,19208.189453125
BTC-USD,2022-10-23,19207.734375,19646.65234375,19124.197265625,19567.0078125,22128794335,19567.0078125
BTC-USD,2022-10-24,19567.76953125,19589.125,19206.32421875,19345.572265625,30202235805,19345.572265625
BTC-USD,2022-10-25,19344.96484375,20348.412109375,19261.447265625,20095.857421875,47761524910,20095.857421875
BTC-USD,2022-10-26,20092.236328125,20938.134765625,20076.1171875,20770.44140625,58895950537,20770.44140625
BTC-USD,2022-10-27,20772.802734375,20854.044921875,20255.373046875,20285.8359375,49625110402,20285.8359375
BTC-USD,2022-10-28,20287.95703125,20724.98046875,20086.068359375,20595.3515625,43994715910,20595.3515625
BTC-USD,2022-10-29,20595.103515625,20988.39453125,20566.484375,20818.4765625,40369840645,20818.4765625
BTC-USD,2022-10-30,20817.982421875,20917.005859375,20547.462890625,20635.603515625,31486345556,20635.603515625
BTC-USD,2022-10-31,20633.6953125,20795.3203125,20287.458984375,20495.7734375,45668466815,20495.7734375
BTC-USD,2022-11-01,20494.8984375,20647.2890625,20359.845703125,20485.2734375,39819303159,20485.2734375
BTC-USD,2022-11-02,20482.958984375,20742.810546875,20087.134765625,20159.50390625,55552169483,20159.50390625
BTC-USD,2022-11-03,20162.689453125,20382.095703125,20086.240234375,20209.98828125,43228750179,20209.98828125
BTC-USD,2022-11-04,20208.76953125,21209.560546875,20188.01953125,21147.23046875,64072727950,21147.23046875
BTC-USD,2022-11-05,21144.83203125,21446.88671875,21097.634765625,21282.69140625,37846047609,21282.69140625
BTC-USD,2022-11-06,21285.056640625,21345.376953125,20920.19140625,20926.486328125,35082693210,20926.486328125
BTC-USD,2022-11-07,20924.62109375,21053.24609375,20489.97265625,20602.81640625,53510852236,20602.81640625
BTC-USD,2022-11-08,20600.671875,20664.607421875,17603.544921875,18541.271484375,118992465607,18541.271484375
BTC-USD,2022-11-09,18543.76171875,18590.458984375,15682.6923828125,15880.7802734375,102905151606,15880.7802734375
BTC-USD,2022-11-10,15883.158203125,18054.3125,15834.0185546875,17586.771484375,83202283721,17586.771484375
BTC-USD,2022-11-11,17583.251953125,17650.943359375,16543.482421875,17034.29296875,55871616488,17034.29296875
BTC-USD,2022-11-12,17036.875,17066.67578125,16651.775390625,16799.185546875,29717699419,16799.185546875
BTC-USD,2022-11-13,16799.72265625,16920.765625,16320.634765625,16353.365234375,27209183682,16353.365234375
BTC-USD,2022-11-14,16352.0283203125,17109.32421875,15872.94140625,16618.19921875,49630243054,16618.19921875
BTC-USD,2022-11-15,16617.484375,17051.962890625,16542.55078125,16884.61328125,36599436183,16884.61328125
BTC-USD,2022-11-16,16884.341796875,16960.294921875,16430.111328125,16669.439453125,33925512989,16669.439453125
BTC-USD,2022-11-17,16670.42578125,16726.439453125,16460.68359375,16687.517578125,27868914022,16687.517578125
BTC-USD,2022-11-18,16687.912109375,16947.05859375,16564.611328125,16697.77734375,26862218609,16697.77734375
BTC-USD,2022-11-19,16696.220703125,16797.876953125,16570.41015625,16711.546875,16106223492,16711.546875
BTC-USD,2022-11-20,16712.919921875,16746.779296875,16248.6923828125,16291.83203125,21313378652,16291.83203125
BTC-USD,2022-11-21,16291.2236328125,16291.2236328125,15599.046875,15787.2841796875,37429485518,15787.2841796875
BTC-USD,2022-11-22,15782.30078125,16253.0478515625,15656.6064453125,16189.76953125,30726828760,16189.76953125
BTC-USD,2022-11-23,16195.5888671875,16638.193359375,16170.5029296875,16610.70703125,32958875628,16610.70703125
BTC-USD,2022-11-24,16611.63671875,16771.474609375,16501.767578125,16604.46484375,26129037414,16604.46484375
BTC-USD,2022-11-25,16602.26953125,16603.31640625,16388.404296875,16521.841796875,18678255976,16521.841796875
BTC-USD,2022-11-26,16521.576171875,16666.86328125,16416.228515625,16464.28125,18000008764,16464.28125
BTC-USD,2022-11-27,16463.8828125,16594.40625,16437.025390625,16444.626953125,20443898509,16444.626953125
BTC-USD,2022-11-28,16440.22265625,16482.93359375,16054.5302734375,16217.322265625,27743025156,16217.322265625
BTC-USD,2022-11-29,16217.6396484375,16522.2578125,16139.396484375,16444.982421875,23581685468,16444.982421875
BTC-USD,2022-11-30,16445.4765625,17190.9375,16445.4765625,17168.56640625,29523576583,17168.56640625
BTC-USD,2022-12-01,17168.001953125,17197.498046875,16888.388671875,16967.1328125,22895392882,16967.1328125
BTC-USD,2022-12-02,16968.68359375,17088.66015625,16877.880859375,17088.66015625,19539705127,17088.66015625
BTC-USD,2022-12-03,17090.09765625,17116.041015625,16888.140625,16908.236328125,16217776704,16908.236328125
BTC-USD,2022-12-04,16908.169921875,17157.767578125,16903.439453125,17130.486328125,16824520830,17130.486328125
BTC-USD,2022-12-05,17128.89453125,17378.15234375,16922.431640625,16974.826171875,22209086834,16974.826171875
BTC-USD,2022-12-06,16975.23828125,17091.86328125,16939.921875,17089.50390625,19889922369,17089.50390625
BTC-USD,2022-12-07,17089.505859375,17109.376953125,16750.55859375,16848.126953125,19675404389,16848.126953125
BTC-USD,2022-12-08,16847.349609375,17267.916015625,16788.783203125,17233.474609375,20496603770,17233.474609375
BTC-USD,2022-12-09,17232.1484375,17280.546875,17100.8359375,17133.15234375,20328426366,17133.15234375
BTC-USD,2022-12-10,17134.220703125,17216.826171875,17120.68359375,17128.724609375,12706781969,17128.724609375
BTC-USD,2022-12-11,17129.7109375,17245.634765625,17091.8203125,17104.193359375,14122486832,17104.193359375
BTC-USD,2022-12-12,17102.5,17212.564453125,16899.39453125,17206.4375,19617581341,17206.4375
BTC-USD,2022-12-13,17206.44140625,17930.0859375,17111.763671875,17781.318359375,26634741631,17781.318359375
BTC-USD,2022-12-14,17782.06640625,18318.53125,17739.513671875,17815.650390625,25534481470,17815.650390625
BTC-USD,2022-12-15,17813.64453125,17846.744140625,17322.58984375,17364.865234375,20964448341,17364.865234375
BTC-USD,2022-12-16,17364.546875,17505.525390625,16584.701171875,16647.484375,24031608960,16647.484375
BTC-USD,2022-12-17,16646.982421875,16800.58984375,16614.029296875,16795.091796875,14463581825,16795.091796875
BTC-USD,2022-12-18,16795.609375,16815.38671875,16697.8203125,16757.9765625,10924354698,16757.9765625
BTC-USD,2022-12-19,16759.041015625,16807.52734375,16398.13671875,16439.6796875,17221074814,16439.6796875
BTC-USD,2022-12-20,16441.787109375,17012.984375,16427.8671875,16906.3046875,22722096615,16906.3046875
BTC-USD,2022-12-21,16904.52734375,16916.80078125,16755.912109375,16817.53515625,14882945045,16817.53515625
BTC-USD,2022-12-22,16818.380859375,16866.673828125,16592.408203125,16830.341796875,16441573050,16830.341796875
BTC-USD,2022-12-23,16829.64453125,16905.21875,16794.458984375,16796.953125,15329265213,16796.953125
BTC-USD,2022-12-24,16796.9765625,16864.703125,16793.52734375,16847.755859375,9744636213,16847.755859375
BTC-USD,2022-12-25,16847.505859375,16860.5546875,16755.25390625,16841.986328125,11656379938,16841.986328125
BTC-USD,2022-12-26,16842.25,16920.123046875,16812.369140625,16919.8046875,11886957804,16919.8046875
BTC-USD,2022-12-27,16919.291015625,16959.845703125,16642.072265625,16717.173828125,15748580239,16717.173828125
BTC-USD,2022-12-28,16716.400390625,16768.169921875,16497.556640625,16552.572265625,17005713920,16552.572265625
BTC-USD,2022-12-29,16552.322265625,16651.755859375,16508.68359375,16642.341796875,14472237479,16642.341796875
BTC-USD,2022-12-30,16641.330078125,16643.427734375,16408.474609375,16602.5859375,15929162910,16602.5859375
BTC-USD,2022-12-31,16603.673828125,16628.986328125,16517.51953125,16547.49609375,11239186456,16547.49609375
BTC-USD,2023-01-01,16547.9140625,16630.439453125,16521.234375,16625.080078125,9244361700,16625.080078125
BTC-USD,2023-01-02,16625.509765625,16759.34375,16572.228515625,16688.470703125,12097775227,16688.470703125
BTC-USD,2023-01-03,16688.84765625,16760.447265625,16622.37109375,16679.857421875,13903079207,16679.857421875
BTC-USD,2023-01-04,16680.205078125,16964.5859375,16667.763671875,16863.23828125,18421743322,16863.23828125
BTC-USD,2023-01-05,16863.47265625,16884.021484375,16790.283203125,16836.736328125,13692758566,16836.736328125
BTC-USD,2023-01-06,16836.47265625,16991.994140625,16716.421875,16951.96875,14413662913,16951.96875
BTC-USD,2023-01-07,16952.1171875,16975.017578125,16914.19140625,16955.078125,7714767174,16955.078125
BTC-USD,2023-01-08,16954.146484375,17091.14453125,16924.05078125,17091.14453125,9768827914,17091.14453125
BTC-USD,2023-01-09,17093.9921875,17389.95703125,17093.9921875,17196.5546875,18624736866,17196.5546875
BTC-USD,2023-01-10,17192.94921875,17484.720703125,17162.990234375,17446.29296875,15808338949,17446.29296875
BTC-USD,2023-01-11,17446.359375,17934.896484375,17337.994140625,17934.896484375,18372283782,17934.896484375
BTC-USD,2023-01-12,18117.59375,19030.087890625,17995.203125,18869.587890625,34971338710,18869.587890625
BTC-USD,2023-01-13,18868.90625,19964.322265625,18753.1640625,19909.57421875,29225029694,19909.57421875
BTC-USD,2023-01-14,19910.537109375,21075.142578125,19907.828125,20976.298828125,38967784639,20976.298828125
BTC-USD,2023-01-15,20977.484375,20993.748046875,20606.986328125,20880.798828125,19298407543,20880.798828125
BTC-USD,2023-01-16,20882.224609375,21360.875,20715.74609375,21169.6328125,26792494050,21169.6328125
BTC-USD,2023-01-17,21175.833984375,21438.66015625,20978.533203125,21161.51953125,24999983362,21161.51953125
BTC-USD,2023-01-18,21161.05078125,21564.501953125,20541.544921875,20688.78125,30005625418,20688.78125
BTC-USD,2023-01-19,20686.74609375,21163.01171875,20685.380859375,21086.79296875,21152848261,21086.79296875
BTC-USD,2023-01-20,21085.373046875,22692.357421875,20919.126953125,22676.552734375,28799154319,22676.552734375
BTC-USD,2023-01-21,22677.427734375,23282.34765625,22511.833984375,22777.625,32442278429,22777.625
BTC-USD,2023-01-22,22777.986328125,23056.73046875,22387.900390625,22720.416015625,24746386230,22720.416015625
BTC-USD,2023-01-23,22721.087890625,23126.486328125,22654.3046875,22934.431640625,26518700512,22934.431640625
BTC-USD,2023-01-24,22929.626953125,23134.01171875,22549.744140625,22636.46875,26405069715,22636.46875
BTC-USD,2023-01-25,22639.267578125,23722.099609375,22406.076171875,23117.859375,30685366709,23117.859375
BTC-USD,2023-01-26,23108.955078125,23237.078125,22911.373046875,23032.77734375,26357839322,23032.77734375
BTC-USD,2023-01-27,23030.716796875,23417.720703125,22654.59375,23078.728515625,25383335641,23078.728515625
BTC-USD,2023-01-28,23079.96484375,23165.896484375,22908.845703125,23031.08984375,14712928379,23031.08984375
BTC-USD,2023-01-29,23031.44921875,23919.890625,22985.0703125,23774.56640625,27423687259,23774.56640625
BTC-USD,2023-01-30,23774.6484375,23789.34765625,22657.58203125,22840.138671875,27205595568,22840.138671875
BTC-USD,2023-01-31,22840.796875,23225.021484375,22765.568359375,23139.283203125,22837828665,23139.283203125
BTC-USD,2023-02-01,23137.8359375,23764.5390625,22877.75,23723.76953125,26683255504,23723.76953125
BTC-USD,2023-02-02,23720.82421875,24167.2109375,23468.595703125,23471.87109375,32066936882,23471.87109375
BTC-USD,2023-02-03,23469.412109375,23678.103515625,23279.955078125,23449.322265625,27083066007,23449.322265625
BTC-USD,2023-02-04,23446.3203125,23556.94921875,23291.794921875,23331.84765625,15639298538,23331.84765625
BTC-USD,2023-02-05,23332.248046875,23423.435546875,22841.759765625,22955.666015625,19564262605,22955.666015625
BTC-USD,2023-02-06,22954.021484375,23119.279296875,22692.025390625,22760.109375,23825006542,22760.109375
BTC-USD,2023-02-07,22757.267578125,23310.974609375,22756.2578125,23264.291015625,27187964471,23264.291015625
BTC-USD,2023-02-08,23263.416015625,23367.958984375,22731.09765625,22939.3984375,25371367758,22939.3984375
BTC-USD,2023-02-09,22946.56640625,22996.4375,21773.974609375,21819.0390625,32572572185,21819.0390625
BTC-USD,2023-02-10,21819.005859375,21941.185546875,21539.392578125,21651.18359375,27078406594,21651.18359375
BTC-USD,2023-02-11,21651.841796875,21891.41015625,21618.44921875,21870.875,16356226232,21870.875
BTC-USD,2023-02-12,21870.90234375,22060.994140625,21682.828125,21788.203125,17821046406,21788.203125
BTC-USD,2023-02-13,21787,21898.4140625,21460.087890625,21808.1015625,23918742607,21808.1015625
BTC-USD,2023-02-14,21801.822265625,22293.140625,21632.39453125,22220.8046875,26792596581,22220.8046875
BTC-USD,2023-02-15,22220.5859375,24307.841796875,22082.76953125,24307.841796875,32483312909,24307.841796875
BTC-USD,2023-02-16,24307.349609375,25134.1171875,23602.5234375,23623.474609375,39316664596,23623.474609375
BTC-USD,2023-02-17,23621.283203125,24924.041015625,23460.755859375,24565.6015625,41358451255,24565.6015625
BTC-USD,2023-02-18,24565.296875,24798.8359375,24468.373046875,24641.27734375,19625427158,24641.27734375
BTC-USD,2023-02-19,24640.02734375,25093.0546875,24327.642578125,24327.642578125,25555105670,24327.642578125
BTC-USD,2023-02-20,24336.623046875,25020.458984375,23927.91015625,24829.1484375,28987376573,24829.1484375
BTC-USD,2023-02-21,24833.048828125,25126.8515625,24200.36328125,24436.353515625,31252098714,24436.353515625
BTC-USD,2023-02-22,24437.41796875,24472.33984375,23644.318359375,24188.84375,30199996781,24188.84375
BTC-USD,2023-02-23,24190.71875,24572.08984375,23693.919921875,23947.4921875,30476264066,23947.4921875
BTC-USD,2023-02-24,23946.0078125,24103.705078125,23007.072265625,23198.126953125,26811744928,23198.126953125
BTC-USD,2023-02-25,23200.125,23210.2109375,22861.55859375,23175.375,16100721565,23175.375
BTC-USD,2023-02-26,23174.150390625,23654.3671875,23084.220703125,23561.212890625,16644534842,23561.212890625
BTC-USD,2023-02-27,23561.451171875,23857.890625,23205.87890625,23522.87109375,22660763494,23522.87109375
BTC-USD,2023-02-28,23521.837890625,23585.384765625,23077.650390625,23147.353515625,20535363434,23147.353515625
BTC-USD,2023-03-01,23150.9296875,23880.6328125,23088.626953125,23646.55078125,24662841200,23646.55078125
BTC-USD,2023-03-02,23647.01953125,23739.138671875,23245.021484375,23475.466796875,20386398516,23475.466796875
BTC-USD,2023-03-03,23476.6328125,23479.34765625,22213.23828125,22362.6796875,26062404610,22362.6796875
BTC-USD,2023-03-04,22362.923828125,22405.177734375,22198.98046875,22353.349609375,11166012913,22353.349609375
BTC-USD,2023-03-05,22354.14453125,22613.685546875,22307.142578125,22435.513671875,13317001733,22435.513671875
BTC-USD,2023-03-06,22436.81640625,22584.29296875,22331.314453125,22429.7578125,17353192895,22429.7578125
BTC-USD,2023-03-07,22428.322265625,22527.41796875,22011.26171875,22219.76953125,22765452204,22219.76953125
BTC-USD,2023-03-08,22216.44140625,22268.896484375,21708.05078125,21718.080078125,22536575684,21718.080078125
BTC-USD,2023-03-09,21720.080078125,21802.716796875,20210.306640625,20363.021484375,30364664171,20363.021484375
BTC-USD,2023-03-10,20367.001953125,20370.595703125,19628.25390625,20187.244140625,39578257695,20187.244140625
BTC-USD,2023-03-11,20187.876953125,20792.525390625,20068.66015625,20632.41015625,30180288176,20632.41015625
BTC-USD,2023-03-12,20628.029296875,22185.03125,20448.806640625,22163.94921875,29279035521,22163.94921875
BTC-USD,2023-03-13,22156.40625,24550.837890625,21918.19921875,24197.533203125,49466362688,24197.533203125
BTC-USD,2023-03-14,24201.765625,26514.716796875,24081.18359375,24746.07421875,54622230164,24746.07421875
BTC-USD,2023-03-15,24770.92578125,25240.615234375,23964.91015625,24375.9609375,43655701450,24375.9609375
BTC-USD,2023-03-16,24373.45703125,25190.326171875,24225.111328125,25052.7890625,33866061747,25052.7890625
BTC-USD,2023-03-17,25055.123046875,27787.8125,24955.169921875,27423.9296875,50730261335,27423.9296875
BTC-USD,2023-03-18,27448.1171875,27725.953125,26636.26171875,26965.87890625,35723036817,26965.87890625
BTC-USD,2023-03-19,26969.50390625,28440.560546875,26907.716796875,28038.67578125,37769448859,28038.67578125
BTC-USD,2023-03-20,28041.6015625,28527.724609375,27242.880859375,27767.236328125,44774027664,27767.236328125
BTC-USD,2023-03-21,27768.392578125,28439.5625,27439.646484375,28175.81640625,36102192830,28175.81640625
BTC-USD,2023-03-22,28158.720703125,28803.3359375,26759.99609375,27307.4375,33382021890,27307.4375
BTC-USD,2023-03-23,27301.95703125,28729.84375,27183.36328125,28333.97265625,24220433689,28333.97265625
BTC-USD,2023-03-24,28324.111328125,28388.4375,27039.265625,27493.28515625,25980310960,27493.28515625
BTC-USD,2023-03-25,27487.337890625,27791.826171875,27196.234375,27494.70703125,13383005987,27494.70703125
BTC-USD,2023-03-26,27495.5234375,28178.14453125,27445.046875,27994.330078125,13878363192,27994.330078125
BTC-USD,2023-03-27,27994.068359375,28037.92578125,26606.689453125,27139.888671875,18188895178,27139.888671875
BTC-USD,2023-03-28,27132.888671875,27460.71875,26677.818359375,27268.130859375,17783600385,27268.130859375
BTC-USD,2023-03-29,27267.03125,28619.54296875,27259.662109375,28348.44140625,20684945906,28348.44140625
BTC-USD,2023-03-30,28350.140625,29159.90234375,27720.16015625,28033.5625,22435349951,28033.5625
BTC-USD,2023-03-31,28032.26171875,28639.896484375,27583.71484375,28478.484375,19001327598,28478.484375
BTC-USD,2023-04-01,28473.33203125,28802.45703125,28297.171875,28411.03515625,10876469901,28411.03515625
BTC-USD,2023-04-02,28462.845703125,28518.958984375,27884.087890625,28199.30859375,12284641999,28199.30859375
BTC-USD,2023-04-03,28183.080078125,28475.623046875,27276.720703125,27790.220703125,19556501327,27790.220703125
BTC-USD,2023-04-04,27795.2734375,28433.7421875,27681.3046875,28168.08984375,15284538859,28168.08984375
BTC-USD,2023-04-05,28169.7265625,28739.23828125,27843.763671875,28177.984375,17052315986,28177.984375
BTC-USD,2023-04-06,28175.2265625,28178.384765625,27738.759765625,28044.140625,13837809380,28044.140625
BTC-USD,2023-04-07,28038.966796875,28111.59375,27794.03125,27925.859375,10861680497,27925.859375
BTC-USD,2023-04-08,27920.513671875,28159.86328125,27883.38671875,27947.794921875,9373255556,27947.794921875
BTC-USD,2023-04-09,27952.3671875,28532.830078125,27828.48046875,28333.05078125,12175322951,28333.05078125
BTC-USD,2023-04-10,28336.02734375,29771.46484375,28189.271484375,29652.98046875,19282400094,29652.98046875
BTC-USD,2023-04-11,29653.6796875,30509.083984375,29609.30078125,30235.05859375,20121259843,30235.05859375
BTC-USD,2023-04-12,30231.58203125,30462.48046875,29725.57421875,30139.052734375,18651929926,30139.052734375
BTC-USD,2023-04-13,29892.740234375,30539.845703125,29878.623046875,30399.06640625,17487721001,30399.06640625
BTC-USD,2023-04-14,30409.5625,31005.607421875,30044.498046875,30485.69921875,22659995079,30485.69921875
BTC-USD,2023-04-15,30490.75,30601.740234375,30245.8828125,30318.49609375,11940685378,30318.49609375
BTC-USD,2023-04-16,30315.9765625,30555.537109375,30157.83203125,30315.35546875,12854816417,30315.35546875
BTC-USD,2023-04-17,30317.146484375,30319.197265625,29275.37109375,29445.044921875,17872186762,29445.044921875
BTC-USD,2023-04-18,29449.091796875,30470.302734375,29154.849609375,30397.552734375,19480529496,30397.552734375
BTC-USD,2023-04-19,30394.1875,30411.0546875,28669.8984375,28822.6796875,24571565421,28822.6796875
BTC-USD,2023-04-20,28823.68359375,29076.400390625,28037.2578125,28245.98828125,21340360360,28245.98828125
BTC-USD,2023-04-21,28249.23046875,28349.96875,27177.365234375,27276.91015625,20759504330,27276.91015625
BTC-USD,2023-04-22,27265.89453125,27872.142578125,27169.5703125,27817.5,13125734602,27817.5
BTC-USD,2023-04-23,27816.14453125,27820.244140625,27400.314453125,27591.384765625,12785446832,27591.384765625
BTC-USD,2023-04-24,27591.73046875,27979.982421875,27070.849609375,27525.33984375,17703288330,27525.33984375
BTC-USD,2023-04-25,27514.873046875,28371.078125,27207.931640625,28307.59765625,17733373139,28307.59765625
BTC-USD,2023-04-26,28300.05859375,29995.837890625,27324.548828125,28422.701171875,31854242019,28422.701171875
BTC-USD,2023-04-27,28428.46484375,29871.546875,28402.88671875,29473.787109375,27153445027,29473.787109375
BTC-USD,2023-04-28,29481.013671875,29572.791015625,28929.609375,29340.26171875,17544464887,29340.26171875
BTC-USD,2023-04-29,29336.56640625,29452.455078125,29088.04296875,29248.48828125,10662634333,29248.48828125
BTC-USD,2023-04-30,29245.515625,29952.029296875,29114.021484375,29268.806640625,14652199272,29268.806640625
BTC-USD,2023-05-01,29227.103515625,29329.935546875,27680.79296875,28091.568359375,18655599976,28091.568359375
BTC-USD,2023-05-02,28087.17578125,28881.298828125,27924.123046875,28680.537109375,16432924527,28680.537109375
BTC-USD,2023-05-03,28680.494140625,29259.533203125,28178.388671875,29006.30859375,19122972518,29006.30859375
BTC-USD,2023-05-04,29031.3046875,29353.185546875,28694.0390625,28847.7109375,15548678514,28847.7109375
BTC-USD,2023-05-05,28851.48046875,29668.908203125,28845.509765625,29534.384765625,17936566518,29534.384765625
BTC-USD,2023-05-06,29538.859375,29820.126953125,28468.966796875,28904.623046875,15913866714,28904.623046875
BTC-USD,2023-05-07,28901.623046875,29157.517578125,28441.3671875,28454.978515625,11301355486,28454.978515625
BTC-USD,2023-05-08,28450.45703125,28663.271484375,27310.134765625,27694.2734375,19122903752,27694.2734375
BTC-USD,2023-05-09,27695.068359375,27821.400390625,27375.6015625,27658.775390625,14128593256,27658.775390625
BTC-USD,2023-05-10,27654.63671875,28322.6875,26883.669921875,27621.755859375,20656025026,27621.755859375
BTC-USD,2023-05-11,27621.0859375,27621.94140625,26781.826171875,27000.7890625,16724343943,27000.7890625
BTC-USD,2023-05-12,26987.662109375,27055.646484375,25878.4296875,26804.990234375,19313599897,26804.990234375
BTC-USD,2023-05-13,26807.76953125,27030.482421875,26710.873046875,26784.078125,9999171605,26784.078125
BTC-USD,2023-05-14,26788.974609375,27150.9765625,26661.35546875,26930.638671875,10014858959,26930.638671875
BTC-USD,2023-05-15,26931.384765625,27646.34765625,26766.09765625,27192.693359375,14413231792,27192.693359375
BTC-USD,2023-05-16,27171.513671875,27299.3046875,26878.947265625,27036.650390625,12732238816,27036.650390625
BTC-USD,2023-05-17,27035.470703125,27465.927734375,26600.14453125,27398.802734375,15140006925,27398.802734375
BTC-USD,2023-05-18,27401.650390625,27466.52734375,26415.1015625,26832.208984375,15222938600,26832.208984375
BTC-USD,2023-05-19,26826.75390625,27128.619140625,26700.2109375,26890.12890625,11258983301,26890.12890625
BTC-USD,2023-05-20,26888.841796875,27155.158203125,26843.27734375,27129.5859375,7044911360,27129.5859375
BTC-USD,2023-05-21,27118.423828125,27265.91796875,26706.921875,26753.826171875,8647416921,26753.826171875
BTC-USD,2023-05-22,26749.892578125,27045.734375,26549.734375,26851.27734375,11056770492,26851.27734375
BTC-USD,2023-05-23,26855.9609375,27434.68359375,26816.1796875,27225.7265625,13697203143,27225.7265625
BTC-USD,2023-05-24,27224.603515625,27224.603515625,26106.576171875,26334.818359375,16299104428,26334.818359375
BTC-USD,2023-05-25,26329.4609375,26591.51953125,25890.59375,26476.20703125,13851122697,26476.20703125
BTC-USD,2023-05-26,26474.181640625,26916.669921875,26343.94921875,26719.291015625,12711619225,26719.291015625
BTC-USD,2023-05-27,26720.181640625,26888.8828125,26621.140625,26868.353515625,7892015141,26868.353515625
BTC-USD,2023-05-28,26871.158203125,28193.44921875,26802.751953125,28085.646484375,14545229578,28085.646484375
BTC-USD,2023-05-29,28075.591796875,28432.0390625,27563.876953125,27745.884765625,15181308984,27745.884765625
BTC-USD,2023-05-30,27745.123046875,28044.759765625,27588.501953125,27702.349609375,13251081851,27702.349609375
BTC-USD,2023-05-31,27700.529296875,27831.677734375,26866.453125,27219.658203125,15656371534,27219.658203125
BTC-USD,2023-06-01,27218.412109375,27346.10546875,26671.720703125,26819.97265625,14678970415,26819.97265625
BTC-USD,2023-06-02,26824.556640625,27303.861328125,26574.64453125,27249.58984375,14837415000,27249.58984375
BTC-USD,2023-06-03,27252.32421875,27317.052734375,26958.00390625,27075.12890625,8385597470,27075.12890625
BTC-USD,2023-06-04,27075.123046875,27407.01953125,26968.224609375,27119.06640625,9360912318,27119.06640625
BTC-USD,2023-06-05,27123.109375,27129.982421875,25445.16796875,25760.09765625,21513292646,25760.09765625
BTC-USD,2023-06-06,25732.109375,27313.8203125,25434.8671875,27238.783203125,21929670693,27238.783203125
BTC-USD,2023-06-07,27235.650390625,27332.181640625,26146.98828125,26345.998046875,19530045082,26345.998046875
BTC-USD,2023-06-08,26347.654296875,26797.513671875,26246.6640625,26508.216796875,11904824295,26508.216796875
BTC-USD,2023-06-09,26505.923828125,26770.2890625,26339.314453125,26480.375,11015551640,26480.375
BTC-USD,2023-06-10,26481.76171875,26531.044921875,25501.8359375,25851.240234375,19872933189,25851.240234375
BTC-USD,2023-06-11,25854.03125,26203.439453125,25668.986328125,25940.16796875,10732609603,25940.16796875
BTC-USD,2023-06-12,25934.28515625,26087.919921875,25675.197265625,25902.5,11677889997,25902.5
BTC-USD,2023-06-13,25902.94140625,26376.3515625,25728.365234375,25918.728515625,14143474486,25918.728515625
BTC-USD,2023-06-14,25920.2578125,26041.80078125,24902.15234375,25124.67578125,14265717766,25124.67578125
BTC-USD,2023-06-15,25121.673828125,25735.30859375,24797.16796875,25576.39453125,15837384409,25576.39453125
BTC-USD,2023-06-16,25575.283203125,26463.173828125,25245.357421875,26327.462890625,16324646965,26327.462890625
BTC-USD,2023-06-17,26328.6796875,26769.39453125,26174.4921875,26510.67578125,11090276850,26510.67578125
BTC-USD,2023-06-18,26510.45703125,26675.92578125,26325.890625,26336.212890625,9565695129,26336.212890625
BTC-USD,2023-06-19,26335.44140625,26984.611328125,26312.83203125,26851.029296875,12826986222,26851.029296875
BTC-USD,2023-06-20,26841.6640625,28388.96875,26668.791015625,28327.48828125,22211859147,28327.48828125
BTC-USD,2023-06-21,28311.310546875,30737.330078125,28283.41015625,30027.296875,33346760979,30027.296875
BTC-USD,2023-06-22,29995.935546875,30495.998046875,29679.158203125,29912.28125,20653160491,29912.28125
BTC-USD,2023-06-23,29896.3828125,31389.5390625,29845.21484375,30695.46875,24115570085,30695.46875
BTC-USD,2023-06-24,30708.73828125,30804.1484375,30290.146484375,30548.6953125,12147822496,30548.6953125
BTC-USD,2023-06-25,30545.150390625,31041.271484375,30327.943359375,30480.26171875,12703464114,30480.26171875
BTC-USD,2023-06-26,30480.5234375,30636.029296875,29955.744140625,30271.130859375,16493186997,30271.130859375
BTC-USD,2023-06-27,30274.3203125,31006.787109375,30236.650390625,30688.1640625,16428827944,30688.1640625
BTC-USD,2023-06-28,30696.560546875,30703.279296875,29921.822265625,30086.24609375,14571500779,30086.24609375
BTC-USD,2023-06-29,30086.1875,30796.25,30057.203125,30445.3515625,13180860821,30445.3515625
BTC-USD,2023-06-30,30441.353515625,31256.86328125,29600.275390625,30477.251953125,26387306197,30477.251953125
BTC-USD,2023-07-01,30471.84765625,30641.2890625,30328.865234375,30590.078125,9086606733,30590.078125
BTC-USD,2023-07-02,30587.26953125,30766.140625,30264.01953125,30620.76953125,10533418042,30620.76953125
BTC-USD,2023-07-03,30624.515625,31375.61328125,30586.513671875,31156.439453125,15271884873,31156.439453125
BTC-USD,2023-07-04,31156.865234375,31325.197265625,30659.35546875,30777.58203125,12810828427,30777.58203125
BTC-USD,2023-07-05,30778.724609375,30877.330078125,30225.61328125,30514.166015625,12481622280,30514.166015625
BTC-USD,2023-07-06,30507.150390625,31460.052734375,29892.2265625,29909.337890625,21129219509,29909.337890625
BTC-USD,2023-07-07,29907.998046875,30434.64453125,29777.28515625,30342.265625,13384770155,30342.265625
BTC-USD,2023-07-08,30346.921875,30374.4375,30080.16015625,30292.541015625,7509378699,30292.541015625
BTC-USD,2023-07-09,30291.611328125,30427.58984375,30085.591796875,30171.234375,7903327692,30171.234375
BTC-USD,2023-07-10,30172.423828125,31026.083984375,29985.39453125,30414.470703125,14828209155,30414.470703125
BTC-USD,2023-07-11,30417.6328125,30788.314453125,30358.09765625,30620.951171875,12151839152,30620.951171875
BTC-USD,2023-07-12,30622.24609375,30959.96484375,30228.8359375,30391.646484375,14805659717,30391.646484375
BTC-USD,2023-07-13,30387.48828125,31814.515625,30268.3515625,31476.048828125,23686079548,31476.048828125
BTC-USD,2023-07-14,31474.720703125,31582.25390625,29966.38671875,30334.068359375,20917902660,30334.068359375
BTC-USD,2023-07-15,30331.783203125,30407.78125,30263.462890625,30295.806640625,8011667756,30295.806640625
BTC-USD,2023-07-16,30297.47265625,30437.560546875,30089.669921875,30249.1328125,8516564470,30249.1328125
BTC-USD,2023-07-17,30249.626953125,30336.400390625,29685.783203125,30145.888671875,13240156074,30145.888671875
BTC-USD,2023-07-18,30147.0703125,30233.65625,29556.427734375,29856.5625,13138897269,29856.5625
BTC-USD,2023-07-19,29862.046875,30184.181640625,29794.26953125,29913.923828125,12128602812,29913.923828125
BTC-USD,2023-07-20,29915.25,30195.53125,29638.095703125,29792.015625,14655207121,29792.015625
BTC-USD,2023-07-21,29805.111328125,30045.998046875,29733.8515625,29908.744140625,10972789818,29908.744140625
BTC-USD,2023-07-22,29908.697265625,29991.615234375,29664.12109375,29771.802734375,7873300598,29771.802734375
BTC-USD,2023-07-23,29790.111328125,30330.640625,29741.52734375,30084.5390625,9220145050,30084.5390625
BTC-USD,2023-07-24,30081.662109375,30093.39453125,28934.294921875,29176.916015625,15395817395,29176.916015625
BTC-USD,2023-07-25,29178.970703125,29353.16015625,29062.43359375,29227.390625,10266772793,29227.390625
BTC-USD,2023-07-26,29225.759765625,29675.552734375,29113.912109375,29354.97265625,13497554655,29354.97265625
BTC-USD,2023-07-27,29353.798828125,29560.966796875,29099.3515625,29210.689453125,10770779217,29210.689453125
BTC-USD,2023-07-28,29212.1640625,29521.513671875,29125.845703125,29319.24609375,11218474952,29319.24609375
BTC-USD,2023-07-29,29319.4453125,29396.84375,29264.166015625,29356.91796875,6481775959,29356.91796875
BTC-USD,2023-07-30,29357.09375,29443.169921875,29059.501953125,29275.30859375,8678454527,29275.30859375
BTC-USD,2023-07-31,29278.314453125,29489.873046875,29131.578125,29230.111328125,11656781982,29230.111328125
BTC-USD,2023-08-01,29230.873046875,29675.732421875,28657.0234375,29675.732421875,18272392391,29675.732421875
BTC-USD,2023-08-02,29704.146484375,29987.998046875,28946.509765625,29151.958984375,19212655598,29151.958984375
BTC-USD,2023-08-03,29161.8125,29375.70703125,28959.48828125,29178.6796875,12780357746,29178.6796875
BTC-USD,2023-08-04,29174.3828125,29302.078125,28885.3359375,29074.091796875,12036639988,29074.091796875
BTC-USD,2023-08-05,29075.388671875,29102.46484375,28957.796875,29042.126953125,6598366353,29042.126953125
BTC-USD,2023-08-06,29043.701171875,29160.822265625,28963.833984375,29041.85546875,7269806994,29041.85546875
BTC-USD,2023-08-07,29038.513671875,29244.28125,28724.140625,29180.578125,13618163710,29180.578125
BTC-USD,2023-08-08,29180.01953125,30176.796875,29113.814453125,29765.4921875,17570561357,29765.4921875
BTC-USD,2023-08-09,29766.6953125,30093.435546875,29376.80078125,29561.494140625,18379521213,29561.494140625
BTC-USD,2023-08-10,29563.97265625,29688.564453125,29354.447265625,29429.591796875,11865344789,29429.591796875
BTC-USD,2023-08-11,29424.90234375,29517.7734375,29253.517578125,29397.71484375,10195168197,29397.71484375
BTC-USD,2023-08-12,29399.787109375,29465.11328125,29357.587890625,29415.96484375,6194358008,29415.96484375
BTC-USD,2023-08-13,29416.59375,29441.43359375,29265.806640625,29282.9140625,7329897180,29282.9140625
BTC-USD,2023-08-14,29283.263671875,29660.25390625,29124.10546875,29408.443359375,14013695304,29408.443359375
BTC-USD,2023-08-15,29408.048828125,29439.12109375,29088.853515625,29170.34765625,12640195779,29170.34765625
BTC-USD,2023-08-16,29169.07421875,29221.9765625,28701.779296875,28701.779296875,14949271904,28701.779296875
BTC-USD,2023-08-17,28699.802734375,28745.947265625,25409.111328125,26664.55078125,31120851211,26664.55078125
BTC-USD,2023-08-18,26636.078125,26808.1953125,25668.921875,26049.556640625,24026236529,26049.556640625
BTC-USD,2023-08-19,26047.83203125,26249.44921875,25802.408203125,26096.205078125,10631443812,26096.205078125
BTC-USD,2023-08-20,26096.861328125,26260.681640625,26004.314453125,26189.583984375,9036580420,26189.583984375
BTC-USD,2023-08-21,26188.69140625,26220.201171875,25846.087890625,26124.140625,13371557893,26124.140625
BTC-USD,2023-08-22,26130.748046875,26135.5078125,25520.728515625,26031.65625,14503820706,26031.65625
BTC-USD,2023-08-23,26040.474609375,26786.8984375,25804.998046875,26431.640625,16985265785,26431.640625
BTC-USD,2023-08-24,26431.51953125,26554.91015625,25914.92578125,26162.373046875,12871532023,26162.373046875
BTC-USD,2023-08-25,26163.6796875,26248.103515625,25786.8125,26047.66796875,12406045118,26047.66796875
BTC-USD,2023-08-26,26047.234375,26107.384765625,25983.87890625,26008.462890625,6034817316,26008.462890625
BTC-USD,2023-08-27,26008.2421875,26165.373046875,25965.09765625,26089.693359375,6913768611,26089.693359375
BTC-USD,2023-08-28,26089.615234375,26198.578125,25880.599609375,26106.150390625,11002805166,26106.150390625
BTC-USD,2023-08-29,26102.486328125,28089.337890625,25912.62890625,27727.392578125,29368391712,27727.392578125
BTC-USD,2023-08-30,27726.083984375,27760.16015625,27069.20703125,27297.265625,16343655235,27297.265625
BTC-USD,2023-08-31,27301.9296875,27456.078125,25752.9296875,25931.47265625,20181001451,25931.47265625
BTC-USD,2023-09-01,25934.021484375,26125.869140625,25362.609375,25800.724609375,17202862221,25800.724609375
BTC-USD,2023-09-02,25800.91015625,25970.28515625,25753.09375,25868.798828125,10100387473,25868.798828125
BTC-USD,2023-09-03,25869.47265625,26087.1484375,25817.03125,25969.56640625,8962524523,25969.56640625
BTC-USD,2023-09-04,25968.169921875,26081.525390625,25657.025390625,25812.416015625,10680635106,25812.416015625
BTC-USD,2023-09-05,25814.95703125,25858.375,25589.98828125,25779.982421875,11094740040,25779.982421875
BTC-USD,2023-09-06,25783.931640625,25953.015625,25404.359375,25753.236328125,12752705327,25753.236328125
BTC-USD,2023-09-07,25748.3125,26409.302734375,25608.201171875,26240.1953125,11088307100,26240.1953125
BTC-USD,2023-09-08,26245.208984375,26414.005859375,25677.48046875,25905.654296875,10817356400,25905.654296875
BTC-USD,2023-09-09,25905.42578125,25921.9765625,25810.494140625,25895.677734375,5481314132,25895.677734375
BTC-USD,2023-09-10,25895.2109375,25978.130859375,25640.26171875,25832.2265625,7899553047,25832.2265625
BTC-USD,2023-09-11,25831.71484375,25883.947265625,24930.296875,25162.654296875,14600006467,25162.654296875
BTC-USD,2023-09-12,25160.658203125,26451.939453125,25133.078125,25833.34375,18657279324,25833.34375
BTC-USD,2023-09-13,25837.5546875,26376.11328125,25781.123046875,26228.32421875,13072077070,26228.32421875
BTC-USD,2023-09-14,26228.27734375,26774.623046875,26171.451171875,26539.673828125,13811359124,26539.673828125
BTC-USD,2023-09-15,26533.818359375,26840.498046875,26240.701171875,26608.693359375,11479735788,26608.693359375
BTC-USD,2023-09-16,26606.19921875,26754.76953125,26473.890625,26568.28125,7402031417,26568.28125
BTC-USD,2023-09-17,26567.927734375,26617.998046875,26445.07421875,26534.1875,6774210670,26534.1875
BTC-USD,2023-09-18,26532.994140625,27414.734375,26415.515625,26754.28125,15615339655,26754.28125
BTC-USD,2023-09-19,26760.8515625,27488.763671875,26681.60546875,27211.1171875,13807690550,27211.1171875
BTC-USD,2023-09-20,27210.228515625,27379.505859375,26864.08203125,27132.0078125,13281116604,27132.0078125
BTC-USD,2023-09-21,27129.83984375,27152.939453125,26389.30078125,26567.6328125,13371443708,26567.6328125
BTC-USD,2023-09-22,26564.056640625,26726.078125,26495.533203125,26579.568359375,10578746709,26579.568359375
BTC-USD,2023-09-23,26578.556640625,26634.185546875,26520.51953125,26579.390625,7404700301,26579.390625
BTC-USD,2023-09-24,26579.373046875,26716.05859375,26221.05078125,26256.826171875,8192867686,26256.826171875
BTC-USD,2023-09-25,26253.775390625,26421.5078125,26011.46875,26298.48046875,11997833257,26298.48046875
BTC-USD,2023-09-26,26294.7578125,26389.884765625,26090.712890625,26217.25,9985498161,26217.25
BTC-USD,2023-09-27,26209.498046875,26817.841796875,26111.46484375,26352.716796875,11718380997,26352.716796875
BTC-USD,2023-09-28,26355.8125,27259.5,26327.322265625,27021.546875,14079002707,27021.546875
BTC-USD,2023-09-29,27024.841796875,27225.9375,26721.763671875,26911.720703125,10396435377,26911.720703125
BTC-USD,2023-09-30,26911.689453125,27091.794921875,26888.96875,26967.916015625,5331172801,26967.916015625
BTC-USD,2023-10-01,26967.396484375,28047.23828125,26965.09375,27983.75,9503917434,27983.75
BTC-USD,2023-10-02,27976.798828125,28494.458984375,27347.787109375,27530.78515625,19793041322,27530.78515625
BTC-USD,2023-10-03,27508.251953125,27667.19140625,27216.001953125,27429.978515625,11407814187,27429.978515625
BTC-USD,2023-10-04,27429.07421875,27826.658203125,27248.10546875,27799.39453125,11143355314,27799.39453125
BTC-USD,2023-10-05,27798.646484375,28091.861328125,27375.6015625,27415.912109375,11877253670,27415.912109375
BTC-USD,2023-10-06,27412.123046875,28252.537109375,27215.552734375,27946.59765625,13492391599,27946.59765625
BTC-USD,2023-10-07,27946.78125,28028.091796875,27870.423828125,27968.83984375,6553044316,27968.83984375
BTC-USD,2023-10-08,27971.677734375,28102.169921875,27740.662109375,27935.08984375,7916875290,27935.08984375
BTC-USD,2023-10-09,27934.47265625,27989.470703125,27302.5625,27583.677734375,12007668568,27583.677734375
BTC-USD,2023-10-10,27589.201171875,27715.84765625,27301.654296875,27391.01953125,9973350678,27391.01953125
BTC-USD,2023-10-11,27392.076171875,27474.115234375,26561.099609375,26873.3203125,13648094333,26873.3203125
BTC-USD,2023-10-12,26873.29296875,26921.439453125,26558.3203125,26756.798828125,9392909295,26756.798828125
BTC-USD,2023-10-13,26752.87890625,27092.697265625,26686.322265625,26862.375,15165312851,26862.375
BTC-USD,2023-10-14,26866.203125,26969,26814.5859375,26861.70703125,5388116782,26861.70703125
BTC-USD,2023-10-15,26858.01171875,27289.169921875,26817.89453125,27159.65234375,7098201980,27159.65234375
BTC-USD,2023-10-16,27162.62890625,29448.138671875,27130.47265625,28519.466796875,27833876539,28519.466796875
BTC-USD,2023-10-17,28522.09765625,28618.751953125,28110.185546875,28415.748046875,14872527508,28415.748046875
BTC-USD,2023-10-18,28413.53125,28889.009765625,28174.251953125,28328.341796875,12724128586,28328.341796875
BTC-USD,2023-10-19,28332.416015625,28892.474609375,28177.98828125,28719.806640625,14448058195,28719.806640625
BTC-USD,2023-10-20,28732.8125,30104.0859375,28601.669921875,29682.94921875,21536125230,29682.94921875
BTC-USD,2023-10-21,29683.380859375,30287.482421875,29481.751953125,29918.412109375,11541146996,29918.412109375
BTC-USD,2023-10-22,29918.654296875,30199.43359375,29720.3125,29993.896484375,10446520040,29993.896484375
BTC-USD,2023-10-23,30140.685546875,34370.4375,30097.828125,33086.234375,38363572311,33086.234375
BTC-USD,2023-10-24,33077.3046875,35150.43359375,32880.76171875,33901.52734375,44934999645,33901.52734375
BTC-USD,2023-10-25,33916.04296875,35133.7578125,33709.109375,34502.8203125,25254318008,34502.8203125
BTC-USD,2023-10-26,34504.2890625,34832.91015625,33762.32421875,34156.6484375,19427195376,34156.6484375
BTC-USD,2023-10-27,34156.5,34238.2109375,33416.88671875,33909.80078125,16418032871,33909.80078125
BTC-USD,2023-10-28,33907.72265625,34399.390625,33874.8046875,34089.57421875,10160330825,34089.57421875
BTC-USD,2023-10-29,34089.37109375,34743.26171875,33947.56640625,34538.48046875,11160323986,34538.48046875
BTC-USD,2023-10-30,34531.7421875,34843.93359375,34110.97265625,34502.36328125,17184860315,34502.36328125
BTC-USD,2023-10-31,34500.078125,34719.25390625,34083.30859375,34667.78125,15758270810,34667.78125
BTC-USD,2023-11-01,34657.2734375,35527.9296875,34170.69140625,35437.25390625,22446272005,35437.25390625
BTC-USD,2023-11-02,35441.578125,35919.84375,34401.57421875,34938.2421875,20998158544,34938.2421875
BTC-USD,2023-11-03,34942.47265625,34942.47265625,34133.44140625,34732.32421875,17158456701,34732.32421875
BTC-USD,2023-11-04,34736.32421875,35256.03125,34616.69140625,35082.1953125,9561294264,35082.1953125
BTC-USD,2023-11-05,35090.01171875,35340.33984375,34594.2421875,35049.35546875,12412743996,35049.35546875
BTC-USD,2023-11-06,35044.7890625,35286.02734375,34765.36328125,35037.37109375,12693436420,35037.37109375
BTC-USD,2023-11-07,35047.79296875,35892.41796875,34545.81640625,35443.5625,18834737789,35443.5625
BTC-USD,2023-11-08,35419.4765625,35994.41796875,35147.80078125,35655.27734375,17295394918,35655.27734375
BTC-USD,2023-11-09,35633.6328125,37926.2578125,35592.1015625,36693.125,37762672382,36693.125
BTC-USD,2023-11-10,36702.25,37493.80078125,36362.75390625,37313.96875,22711265155,37313.96875
BTC-USD,2023-11-11,37310.0703125,37407.09375,36773.66796875,37138.05078125,13924272142,37138.05078125
BTC-USD,2023-11-12,37133.9921875,37227.69140625,36779.1171875,37054.51953125,11545715999,37054.51953125
BTC-USD,2023-11-13,37070.3046875,37405.1171875,36399.60546875,36502.35546875,19057712790,36502.35546875
BTC-USD,2023-11-14,36491.7890625,36753.3515625,34948.5,35537.640625,23857403554,35537.640625
BTC-USD,2023-11-15,35548.11328125,37964.89453125,35383.78125,37880.58203125,27365821679,37880.58203125
BTC-USD,2023-11-16,37879.98046875,37934.625,35545.47265625,36154.76953125,26007385366,36154.76953125
BTC-USD,2023-11-17,36164.82421875,36704.484375,35901.234375,36596.68359375,22445028430,36596.68359375
BTC-USD,2023-11-18,36625.37109375,36839.28125,36233.3125,36585.703125,11886022717,36585.703125
BTC-USD,2023-11-19,36585.765625,37509.35546875,36414.59765625,37386.546875,12915986553,37386.546875
BTC-USD,2023-11-20,37374.07421875,37756.8203125,36882.53125,37476.95703125,20888209068,37476.95703125
BTC-USD,2023-11-21,37469.16015625,37631.140625,35813.8125,35813.8125,25172163756,35813.8125
BTC-USD,2023-11-22,35756.5546875,37856.98046875,35670.97265625,37432.33984375,24397247860,37432.33984375
BTC-USD,2023-11-23,37420.43359375,37643.91796875,36923.86328125,37289.62109375,14214948217,37289.62109375
BTC-USD,2023-11-24,37296.31640625,38415.33984375,37261.60546875,37720.28125,22922957823,37720.28125
BTC-USD,2023-11-25,37721.4140625,37892.4296875,37617.41796875,37796.79296875,9099571165,37796.79296875
BTC-USD,2023-11-26,37796.828125,37820.30078125,37162.75,37479.12109375,13744796068,37479.12109375
BTC-USD,2023-11-27,37454.19140625,37559.35546875,36750.12890625,37254.16796875,19002925720,37254.16796875
BTC-USD,2023-11-28,37247.9921875,38368.48046875,36891.08984375,37831.0859375,21696137014,37831.0859375
BTC-USD,2023-11-29,37826.10546875,38366.11328125,37612.6328125,37858.4921875,20728546658,37858.4921875
BTC-USD,2023-11-30,37861.1171875,38141.75390625,37531.140625,37712.74609375,18115982627,37712.74609375
BTC-USD,2023-12-01,37718.0078125,38954.109375,37629.359375,38688.75,23512784002,38688.75
BTC-USD,2023-12-02,38689.27734375,39678.9375,38652.59375,39476.33203125,15534035612,39476.33203125
BTC-USD,2023-12-03,39472.20703125,40135.60546875,39298.1640625,39978.390625,15769696322,39978.390625
BTC-USD,2023-12-04,39978.62890625,42371.75,39978.62890625,41980.09765625,39856129827,41980.09765625
BTC-USD,2023-12-05,41986.265625,44408.6640625,41421.1484375,44080.6484375,36312154535,44080.6484375
BTC-USD,2023-12-06,44080.0234375,44265.76953125,43478.08203125,43746.4453125,29909761586,43746.4453125
BTC-USD,2023-12-07,43769.1328125,44042.58984375,42880.6484375,43292.6640625,27635760671,43292.6640625
BTC-USD,2023-12-08,43293.13671875,44705.515625,43125.296875,44166.6015625,24421116687,44166.6015625
BTC-USD,2023-12-09,44180.01953125,44361.2578125,43627.59765625,43725.984375,17368210171,43725.984375
BTC-USD,2023-12-10,43728.3828125,44034.625,43593.28515625,43779.69921875,13000481418,43779.69921875
BTC-USD,2023-12-11,43792.01953125,43808.375,40234.578125,41243.83203125,40632672038,41243.83203125
BTC-USD,2023-12-12,41238.734375,42048.3046875,40667.5625,41450.22265625,24779520132,41450.22265625
BTC-USD,2023-12-13,41468.46484375,43429.78125,40676.8671875,42890.7421875,26797884674,42890.7421875
BTC-USD,2023-12-14,42884.26171875,43390.859375,41767.08984375,43023.97265625,25578530178,43023.97265625
BTC-USD,2023-12-15,43028.25,43087.82421875,41692.96875,41929.7578125,19639442462,41929.7578125
BTC-USD,2023-12-16,41937.7421875,42664.9453125,41723.11328125,42240.1171875,14386729590,42240.1171875
BTC-USD,2023-12-17,42236.109375,42359.49609375,41274.54296875,41364.6640625,16678702876,41364.6640625
BTC-USD,2023-12-18,41348.203125,42720.296875,40530.2578125,42623.5390625,25224642008,42623.5390625
BTC-USD,2023-12-19,42641.51171875,43354.296875,41826.3359375,42270.52734375,23171001281,42270.52734375
BTC-USD,2023-12-20,42261.30078125,44275.5859375,42223.81640625,43652.25,27868908174,43652.25
BTC-USD,2023-12-21,43648.125,44240.66796875,43330.05078125,43869.15234375,22452766169,43869.15234375
BTC-USD,2023-12-22,43868.98828125,44367.95703125,43441.96875,43997.90234375,21028503216,43997.90234375
BTC-USD,2023-12-23,44012.19921875,44015.69921875,43351.35546875,43739.54296875,13507796558,43739.54296875
BTC-USD,2023-12-24,43728.3671875,43945.5234375,42786.91796875,43016.1171875,18830554085,43016.1171875
BTC-USD,2023-12-25,43010.57421875,43765.09375,42765.76953125,43613.140625,21115795370,43613.140625
BTC-USD,2023-12-26,43599.84765625,43603.17578125,41676.48828125,42520.40234375,30026850982,42520.40234375
BTC-USD,2023-12-27,42518.46875,43683.16015625,42167.58203125,43442.85546875,25260941032,43442.85546875
BTC-USD,2023-12-28,43468.19921875,43804.78125,42318.55078125,42627.85546875,22992093014,42627.85546875
BTC-USD,2023-12-29,42614.64453125,43124.32421875,41424.0625,42099.40234375,26000021055,42099.40234375
BTC-USD,2023-12-30,42091.75390625,42584.125,41556.2265625,42156.90234375,16013925945,42156.90234375
BTC-USD,2023-12-31,42152.09765625,42860.9375,41998.25390625,42265.1875,16397498810,42265.1875
BTC-USD,2024-01-01,42280.234375,44175.4375,42214.9765625,44167.33203125,18426978443,44167.33203125
BTC-USD,2024-01-02,44187.140625,45899.70703125,44176.94921875,44957.96875,39335274536,44957.96875
BTC-USD,2024-01-03,44961.6015625,45503.2421875,40813.53515625,42848.17578125,46342323118,42848.17578125
BTC-USD,2024-01-04,42855.81640625,44770.0234375,42675.17578125,44179.921875,30448091210,44179.921875
BTC-USD,2024-01-05,44192.98046875,44353.28515625,42784.71875,44162.69140625,32336029347,44162.69140625
BTC-USD,2024-01-06,44178.953125,44227.6328125,43475.15625,43989.1953125,16092503468,43989.1953125
BTC-USD,2024-01-07,43998.46484375,44495.5703125,43662.23046875,43943.09765625,19330573863,43943.09765625
BTC-USD,2024-01-08,43948.70703125,47218,43244.08203125,46970.50390625,42746192015,46970.50390625
BTC-USD,2024-01-09,46987.640625,47893.69921875,45244.71484375,46139.73046875,39821290992,46139.73046875
BTC-USD,2024-01-10,46121.5390625,47647.22265625,44483.15234375,46627.77734375,50114613298,46627.77734375
BTC-USD,2024-01-11,46656.07421875,48969.37109375,45678.64453125,46368.5859375,45833734549,46368.5859375
BTC-USD,2024-01-12,46354.79296875,46498.13671875,41903.76953125,42853.16796875,43332698900,42853.16796875
BTC-USD,2024-01-13,42799.4453125,43234.66015625,42464.14453125,42842.3828125,20601860469,42842.3828125
BTC-USD,2024-01-14,42842.26171875,43065.59765625,41724.61328125,41796.26953125,17521429522,41796.26953125
BTC-USD,2024-01-15,41715.06640625,43319.72265625,41705.41796875,42511.96875,22320220558,42511.96875
BTC-USD,2024-01-16,42499.3359375,43566.2734375,42085.99609375,43154.9453125,24062872740,43154.9453125
BTC-USD,2024-01-17,43132.1015625,43189.890625,42189.30859375,42742.65234375,20851232595,42742.65234375
BTC-USD,2024-01-18,42742.3125,42876.34765625,40631.171875,41262.05859375,25218357242,41262.05859375
BTC-USD,2024-01-19,41278.4609375,42134.16015625,40297.45703125,41618.40625,25752407154,41618.40625
BTC-USD,2024-01-20,41624.58984375,41877.89453125,41446.82421875,41665.5859375,11586690904,41665.5859375
BTC-USD,2024-01-21,41671.48828125,41855.3671875,41497.0078125,41545.78515625,9344043642,41545.78515625
BTC-USD,2024-01-22,41553.65234375,41651.20703125,39450.1171875,39507.3671875,31338708143,39507.3671875
BTC-USD,2024-01-23,39518.71484375,40127.3515625,38521.89453125,39845.55078125,29244553045,39845.55078125
BTC-USD,2024-01-24,39877.59375,40483.78515625,39508.796875,40077.07421875,22359526178,40077.07421875
BTC-USD,2024-01-25,40075.55078125,40254.48046875,39545.6640625,39933.80859375,18491782013,39933.80859375
BTC-USD,2024-01-26,39936.81640625,42209.38671875,39825.69140625,41816.87109375,25598119893,41816.87109375
BTC-USD,2024-01-27,41815.625,42195.6328125,41431.28125,42120.0546875,11422941934,42120.0546875
BTC-USD,2024-01-28,42126.125,42797.17578125,41696.91015625,42035.59375,16858971687,42035.59375
BTC-USD,2024-01-29,42030.9140625,43305.8671875,41818.33203125,43288.24609375,20668476578,43288.24609375
BTC-USD,2024-01-30,43300.2265625,43838.9453125,42711.37109375,42952.609375,23842814518,42952.609375
BTC-USD,2024-01-31,42946.25,43717.40625,42298.9453125,42582.60546875,24673628793,42582.60546875
BTC-USD,2024-02-01,42569.76171875,43243.16796875,41879.19140625,43075.7734375,21423953779,43075.7734375
BTC-USD,2024-02-02,43077.640625,43422.48828125,42584.3359375,43185.859375,18603843039,43185.859375
BTC-USD,2024-02-03,43184.96484375,43359.94140625,42890.80859375,42992.25,11169245236,42992.25
BTC-USD,2024-02-04,42994.94140625,43097.64453125,42374.83203125,42583.58203125,14802225490,42583.58203125
BTC-USD,2024-02-05,42577.62109375,43494.25,42264.81640625,42658.66796875,18715487317,42658.66796875
BTC-USD,2024-02-06,42657.390625,43344.1484375,42529.01953125,43084.671875,16798476726,43084.671875
BTC-USD,2024-02-07,43090.01953125,44341.94921875,42775.95703125,44318.22265625,21126587775,44318.22265625
BTC-USD,2024-02-08,44332.125,45575.83984375,44332.125,45301.56640625,26154524080,45301.56640625
BTC-USD,2024-02-09,45297.3828125,48152.49609375,45260.82421875,47147.19921875,39316770844,47147.19921875
BTC-USD,2024-02-10,47153.52734375,48146.171875,46905.3203125,47771.27734375,16398681570,47771.27734375
BTC-USD,2024-02-11,47768.96875,48535.9375,47617.40625,48293.91796875,19315867136,48293.91796875
BTC-USD,2024-02-12,48296.38671875,50280.4765625,47745.76171875,49958.22265625,34511985805,49958.22265625
BTC-USD,2024-02-13,49941.359375,50358.390625,48406.49609375,49742.44140625,35593051468,49742.44140625
BTC-USD,2024-02-14,49733.4453125,52021.37109375,49296.83203125,51826.6953125,39105608050,51826.6953125
BTC-USD,2024-02-15,51836.78515625,52820.06640625,51371.62890625,51938.5546875,38564360533,51938.5546875
BTC-USD,2024-02-16,51937.7265625,52537.96875,51641.3671875,52160.203125,28180567298,52160.203125
BTC-USD,2024-02-17,52161.67578125,52191.9140625,50669.66796875,51662.99609375,20009091006,51662.99609375
BTC-USD,2024-02-18,51661.96875,52356.96484375,51233.70703125,52122.546875,17595377311,52122.546875
BTC-USD,2024-02-19,52134.8125,52483.32421875,51711.8203125,51779.14453125,21362184346,51779.14453125
BTC-USD,2024-02-20,51777.7265625,52945.05078125,50792.3125,52284.875,33353758256,52284.875
BTC-USD,2024-02-21,52273.53515625,52368.81640625,50671.7578125,51839.1796875,28624907020,51839.1796875
BTC-USD,2024-02-22,51854.64453125,52009.61328125,50926.29296875,51304.97265625,25413900611,51304.97265625
BTC-USD,2024-02-23,51283.90625,51497.93359375,50561.77734375,50731.94921875,21427078270,50731.94921875
BTC-USD,2024-02-24,50736.37109375,51684.1953125,50585.4453125,51571.1015625,15174077879,51571.1015625
BTC-USD,2024-02-25,51565.21484375,51950.02734375,51306.171875,51733.23828125,15413239245,51733.23828125
BTC-USD,2024-02-26,51730.5390625,54938.17578125,50931.03125,54522.40234375,34074411896,54522.40234375
BTC-USD,2024-02-27,54519.36328125,57537.83984375,54484.19921875,57085.37109375,49756832031,57085.37109375
BTC-USD,2024-02-28,57071.09765625,63913.1328125,56738.42578125,62504.7890625,83239156760,62504.7890625
BTC-USD,2024-02-29,62499.18359375,63585.64453125,60498.73046875,61198.3828125,65496611844,61198.3828125
BTC-USD,2024-03-01,61168.0625,63155.1015625,60802.52734375,62440.6328125,40186368423,62440.6328125
BTC-USD,2024-03-02,62431.65234375,62458.69921875,61657.2890625,62029.84765625,23888473685,62029.84765625
BTC-USD,2024-03-03,62031.578125,63230.2109375,61435.0234375,63167.37109375,26253811450,63167.37109375
BTC-USD,2024-03-04,63137.00390625,68537.03125,62386.51953125,68330.4140625,70670471105,68330.4140625
BTC-USD,2024-03-05,68341.0546875,69170.625,59323.91015625,63801.19921875,102802940877,63801.19921875
BTC-USD,2024-03-06,63776.05078125,67637.9296875,62848.671875,66106.8046875,68750229073,66106.8046875
BTC-USD,2024-03-07,66099.7421875,68029.921875,65655.53125,66925.484375,46989543159,66925.484375
BTC-USD,2024-03-08,66938.09375,70083.0546875,66230.453125,68300.09375,59202881172,68300.09375
BTC-USD,2024-03-09,68299.2578125,68673.0546875,68053.125,68498.8828125,21609650379,68498.8828125
BTC-USD,2024-03-10,68500.2578125,70005.203125,68239.9765625,69019.7890625,35683977532,69019.7890625
BTC-USD,2024-03-11,69020.546875,72850.7109375,67194.8828125,72123.90625,65716656765,72123.90625
BTC-USD,2024-03-12,72125.125,72825.65625,68728.8515625,71481.2890625,62554434520,71481.2890625
BTC-USD,2024-03-13,71482.1171875,73637.4765625,71334.09375,73083.5,48212536929,73083.5
BTC-USD,2024-03-14,73079.375,73750.0703125,68563.0234375,71396.59375,59594605698,71396.59375
BTC-USD,2024-03-15,71387.875,72357.1328125,65630.6953125,69403.7734375,78320453976,69403.7734375
BTC-USD,2024-03-16,69392.484375,70046.2734375,64801.39453125,65315.1171875,46842198371,65315.1171875
BTC-USD,2024-03-17,65316.34375,68845.71875,64545.31640625,68390.625,44716864318,68390.625
BTC-USD,2024-03-18,68371.3046875,68897.1328125,66594.2265625,67548.59375,49261579492,67548.59375
BTC-USD,2024-03-19,67556.1328125,68106.9296875,61536.1796875,61912.7734375,74215844794,61912.7734375
BTC-USD,2024-03-20,61930.15625,68115.2578125,60807.78515625,67913.671875,66792634382,67913.671875
BTC-USD,2024-03-21,67911.5859375,68199.9921875,64580.91796875,65491.390625,44480350565,65491.390625
BTC-USD,2024-03-22,65489.9296875,66623.75,62355.37109375,63778.76171875,41401116964,63778.76171875
BTC-USD,2024-03-23,63802.72265625,65976.3984375,63038.4921875,64062.203125,24738964812,64062.203125
BTC-USD,2024-03-24,64070.75390625,67622.7578125,63825.8515625,67234.171875,27206630673,67234.171875
BTC-USD,2024-03-25,67234.09375,71162.59375,66414.8359375,69958.8125,42700139523,69958.8125
BTC-USD,2024-03-26,69931.328125,71535.7421875,69335.609375,69987.8359375,36010437368,69987.8359375
BTC-USD,2024-03-27,69991.8984375,71727.6875,68381.9296875,69455.34375,40827113309,69455.34375
BTC-USD,2024-03-28,69452.7734375,71546.0234375,68895.5078125,70744.953125,34374900617,70744.953125
BTC-USD,2024-03-29,70744.796875,70913.09375,69076.65625,69892.828125,25230851763,69892.828125
BTC-USD,2024-03-30,69893.4453125,70355.4921875,69601.0625,69645.3046875,17130241883,69645.3046875
BTC-USD,2024-03-31,69647.78125,71377.78125,69624.8671875,71333.6484375,20050941373,71333.6484375
BTC-USD,2024-04-01,71333.484375,71342.09375,68110.6953125,69702.1484375,34873527352,69702.1484375
BTC-USD,2024-04-02,69705.0234375,69708.3828125,64586.59375,65446.97265625,50705240709,65446.97265625
BTC-USD,2024-04-03,65446.671875,66914.3203125,64559.8984375,65980.8125,34488018367,65980.8125
BTC-USD,2024-04-04,65975.6953125,69291.2578125,65113.796875,68508.84375,34439527442,68508.84375
BTC-USD,2024-04-05,68515.7578125,68725.7578125,66011.4765625,67837.640625,33748230056,67837.640625
BTC-USD,2024-04-06,67840.5703125,69629.6015625,67491.71875,68896.109375,19967785809,68896.109375
BTC-USD,2024-04-07,68897.109375,70284.4296875,68851.6328125,69362.5546875,21204930369,69362.5546875
BTC-USD,2024-04-08,69362.5546875,72715.359375,69064.2421875,71631.359375,37261432669,71631.359375
BTC-USD,2024-04-09,71632.5,71742.5078125,68212.921875,69139.015625,36426900409,69139.015625
BTC-USD,2024-04-10,69140.2421875,71093.4296875,67503.5625,70587.8828125,38318601774,70587.8828125
BTC-USD,2024-04-11,70575.734375,71256.234375,69571.8125,70060.609375,30153382941,70060.609375
BTC-USD,2024-04-12,70061.3828125,71222.7421875,65254.8359375,67195.8671875,44129299406,67195.8671875
BTC-USD,2024-04-13,67188.375,67931.4296875,60919.10546875,63821.47265625,52869738185,63821.47265625
BTC-USD,2024-04-14,63836.23046875,65824.4296875,62205.8515625,65738.7265625,49084320047,65738.7265625
BTC-USD,2024-04-15,65739.6484375,66878.6484375,62332.0703125,63426.2109375,43595917654,63426.2109375
BTC-USD,2024-04-16,63419.296875,64355.66796875,61716.40234375,63811.86328125,42847528078,63811.86328125
BTC-USD,2024-04-17,63831.84765625,64486.36328125,59768.5859375,61276.69140625,41915247049,61276.69140625
BTC-USD,2024-04-18,61275.31640625,64125.6875,60833.48046875,63512.75390625,36006307335,63512.75390625
BTC-USD,2024-04-19,63510.75,65481.59765625,59651.390625,63843.5703125,49920425401,63843.5703125
BTC-USD,2024-04-20,63851.1015625,65442.45703125,63172.40234375,64994.44140625,23097485495,64994.44140625
BTC-USD,2024-04-21,64992.81640625,65723.2421875,64277.72265625,64926.64453125,20506644853,64926.64453125
BTC-USD,2024-04-22,64935.6328125,67233.9609375,64548.1796875,66837.6796875,28282686673,66837.6796875
BTC-USD,2024-04-23,66839.890625,67199.2421875,65864.8671875,66407.2734375,24310975583,66407.2734375
BTC-USD,2024-04-24,66408.71875,67075.3671875,63589.87109375,64276.8984375,30276655120,64276.8984375
BTC-USD,2024-04-25,64275.01953125,65275.20703125,62783.6328125,64481.70703125,32155786816,64481.70703125
BTC-USD,2024-04-26,64485.37109375,64789.65625,63322.3984375,63755.3203125,24139372950,63755.3203125
BTC-USD,2024-04-27,63750.98828125,63898.36328125,62424.71875,63419.140625,19530783039,63419.140625
BTC-USD,2024-04-28,63423.515625,64321.484375,62793.59765625,63113.23046875,17334827993,63113.23046875
BTC-USD,2024-04-29,63106.36328125,64174.87890625,61795.45703125,63841.12109375,26635912073,63841.12109375
BTC-USD,2024-04-30,63839.41796875,64703.33203125,59120.06640625,60636.85546875,37840840057,60636.85546875
BTC-USD,2024-05-01,60609.49609375,60780.5,56555.29296875,58254.01171875,48439780271,58254.01171875
BTC-USD,2024-05-02,58253.703125,59602.296875,56937.203125,59123.43359375,32711813559,59123.43359375
BTC-USD,2024-05-03,59122.30078125,63320.50390625,58848.3125,62889.8359375,33172023048,62889.8359375
BTC-USD,2024-05-04,62891.03125,64494.95703125,62599.3515625,63891.47265625,20620477992,63891.47265625
BTC-USD,2024-05-05,63892.453125,64610.890625,62955.3046875,64031.1328125,18296164805,64031.1328125
BTC-USD,2024-05-06,64038.3125,65494.90234375,62746.23828125,63161.94921875,28697928697,63161.94921875
BTC-USD,2024-05-07,63162.76171875,64390.45703125,62285.98046875,62334.81640625,25930730982,62334.81640625
BTC-USD,2024-05-08,62332.640625,62986.0859375,60877.12890625,61187.94140625,26088172222,61187.94140625
BTC-USD,2024-05-09,61191.19921875,63404.9140625,60648.07421875,63049.9609375,25453338161,63049.9609375
BTC-USD,2024-05-10,63055.19140625,63446.7421875,60208.78125,60792.77734375,27804954694,60792.77734375
BTC-USD,2024-05-11,60793.35546875,61451.15234375,60492.625,60793.7109375,13842272968,60793.7109375
BTC-USD,2024-05-12,60793.50390625,61818.15625,60632.6015625,61448.39453125,13800459405,61448.39453125
BTC-USD,2024-05-13,61451.21875,63422.66015625,60769.83984375,62901.44921875,27889181179,62901.44921875
BTC-USD,2024-05-14,62900.7734375,63092.125,61123.765625,61552.7890625,28186271527,61552.7890625
BTC-USD,2024-05-15,61553.98828125,66454.453125,61330.41015625,66267.4921875,39815167074,66267.4921875
BTC-USD,2024-05-16,66256.109375,66712.4296875,64613.0546875,65231.58203125,31573077994,65231.58203125
BTC-USD,2024-05-17,65231.296875,67459.4609375,65119.31640625,67051.875,28031279310,67051.875
BTC-USD,2024-05-18,67066.2109375,67387.328125,66663.5,66940.8046875,16712277406,66940.8046875
BTC-USD,2024-05-19,66937.9296875,67694.296875,65937.1796875,66278.3671875,19249094538,66278.3671875
BTC-USD,2024-05-20,66278.7421875,71483.5625,66086.171875,71448.1953125,43850655717,71448.1953125
BTC-USD,2024-05-21,71443.0625,71946.4609375,69191.125,70136.53125,46932005990,70136.53125
BTC-USD,2024-05-22,70135.3203125,70623.6953125,68977.6953125,69122.3359375,32802561717,69122.3359375
BTC-USD,2024-05-23,69121.3046875,70041.2734375,66356.953125,67929.5625,41895680979,67929.5625
BTC-USD,2024-05-24,67928.1328125,69220.296875,66622.671875,68526.1015625,29197308153,68526.1015625
BTC-USD,2024-05-25,68526.921875,69579.3203125,68515.8203125,69265.9453125,15473071741,69265.9453125
BTC-USD,2024-05-26,69264.2890625,69506.2265625,68183.890625,68518.09375,15628433737,68518.09375
BTC-USD,2024-05-27,68512.1796875,70597.8828125,68232.5,69394.5546875,25870990717,69394.5546875
BTC-USD,2024-05-28,69392.1953125,69514.640625,67227.15625,68296.21875,32722265965,68296.21875
BTC-USD,2024-05-29,68296.3515625,68852.4609375,67101.4921875,67578.09375,26707072906,67578.09375
BTC-USD,2024-05-30,67576.0859375,69500.5390625,67118.078125,68364.9921875,29509712534,68364.9921875
BTC-USD,2024-05-31,68362.515625,68999.5625,66633.421875,67491.4140625,27387283769,67491.4140625
BTC-USD,2024-06-01,67489.609375,67839.765625,67386.1953125,67706.9375,11641495604,67706.9375
BTC-USD,2024-06-02,67710.2734375,68409.1640625,67315.5234375,67751.6015625,17110588415,67751.6015625
BTC-USD,2024-06-03,67753.8984375,70230.8203125,67589.8359375,68804.78125,32401285324,68804.78125
BTC-USD,2024-06-04,68804.5703125,71047.40625,68564.640625,70567.765625,33149696545,70567.765625
BTC-USD,2024-06-05,70568.3515625,71735.4140625,70390.7109375,71082.8203125,32810771409,71082.8203125
BTC-USD,2024-06-06,71082.84375,71625.734375,70119.125,70757.1640625,25223152007,70757.1640625
BTC-USD,2024-06-07,70759.1875,71907.8515625,68507.2578125,69342.5859375,36188381096,69342.5859375
BTC-USD,2024-06-08,69324.1796875,69533.3203125,69210.7421875,69305.7734375,14262185861,69305.7734375
BTC-USD,2024-06-09,69297.4921875,69817.5234375,69160.84375,69647.9921875,13534028500,69647.9921875
BTC-USD,2024-06-10,69644.3125,70146.0703125,69232.421875,69512.28125,20597699541,69512.28125
BTC-USD,2024-06-11,69508.078125,69549.4140625,66123.6015625,67332.03125,37116136345,67332.03125
BTC-USD,2024-06-12,67321.375,69977.890625,66902.453125,68241.1875,34497940694,68241.1875
BTC-USD,2024-06-13,68243.1015625,68365.78125,66304.5625,66756.3984375,28955204146,66756.3984375
BTC-USD,2024-06-14,66747.5703125,67294.6484375,65056.89453125,66011.09375,27403884779,66011.09375
BTC-USD,2024-06-15,66006.7421875,66402.1875,65871.7734375,66191,14121265576,66191
BTC-USD,2024-06-16,66189.359375,66894.84375,66018.25,66639.046875,13281140541,66639.046875
BTC-USD,2024-06-17,66636.515625,67188.3203125,65094.96484375,66490.296875,30006354476,66490.296875
BTC-USD,2024-06-18,66490.9765625,66556.703125,64066.95703125,65140.74609375,39481285950,65140.74609375
BTC-USD,2024-06-19,65146.66015625,65695.3515625,64693.30078125,64960.296875,21103423504,64960.296875
BTC-USD,2024-06-20,64960.296875,66438.9609375,64547.84765625,64828.65625,25641109124,64828.65625
BTC-USD,2024-06-21,64837.98828125,65007.546875,63378.89453125,64096.19921875,26188171739,64096.19921875
BTC-USD,2024-06-22,64113.86328125,64475.46875,63929.7578125,64252.578125,9858198793,64252.578125
BTC-USD,2024-06-23,64248.96484375,64491.703125,63180.796875,63180.796875,11170471802,63180.796875
BTC-USD,2024-06-24,63173.3515625,63292.52734375,58601.69921875,60277.4140625,43152133651,60277.4140625
BTC-USD,2024-06-25,60266.28125,62258.26171875,60239.75,61804.640625,29201215431,61804.640625
BTC-USD,2024-06-26,61789.67578125,62434.13671875,60695.1875,60811.27734375,22506003064,60811.27734375
BTC-USD,2024-06-27,60811.2265625,62293.86328125,60585.33203125,61604.80078125,21231745045,61604.80078125
BTC-USD,2024-06-28,61612.8046875,62126.09765625,59985.40234375,60320.13671875,24952866877,60320.13671875
BTC-USD,2024-06-29,60319.875,61097.62109375,60300.96484375,60887.37890625,12652903396,60887.37890625
BTC-USD,2024-06-30,60888.4453125,62892.828125,60632.94921875,62678.29296875,17333226409,62678.29296875
BTC-USD,2024-07-01,62673.60546875,63777.2265625,62495.51171875,62851.98046875,25468379421,62851.98046875
BTC-USD,2024-07-02,62844.41015625,63203.359375,61752.74609375,62029.015625,20151616992,62029.015625
BTC-USD,2024-07-03,62034.33203125,62187.703125,59419.38671875,60173.921875,29756701685,60173.921875
BTC-USD,2024-07-04,60147.13671875,60399.67578125,56777.8046875,56977.703125,41149609230,56977.703125
BTC-USD,2024-07-05,57022.80859375,57497.15234375,53717.375,56662.375,55417544033,56662.375
BTC-USD,2024-07-06,56659.07421875,58472.546875,56038.9609375,58303.5390625,20610320577,58303.5390625
BTC-USD,2024-07-07,58239.4296875,58371.12109375,55793.32421875,55849.109375,20553359505,55849.109375
BTC-USD,2024-07-08,55849.57421875,58131.3359375,54321.01953125,56705.09765625,39766159899,56705.09765625
BTC-USD,2024-07-09,56704.59765625,58239.1953125,56316.875,58009.2265625,27849512607,58009.2265625
BTC-USD,2024-07-10,58033.8828125,59359.43359375,57178.4140625,57742.49609375,26175260526,57742.49609375
BTC-USD,2024-07-11,57729.890625,59299.43359375,57120.37890625,57344.9140625,28707803842,57344.9140625
BTC-USD,2024-07-12,57341.1953125,58532.5546875,56590.17578125,57899.46484375,25604805221,57899.46484375
BTC-USD,2024-07-13,57908.73828125,59787.078125,57796.44140625,59231.953125,17080061806,59231.953125
BTC-USD,2024-07-14,59225.25,61329.52734375,59225.25,60787.79296875,22223416061,60787.79296875
BTC-USD,2024-07-15,60815.45703125,64870.15234375,60704.9296875,64870.15234375,38094526099,64870.15234375
BTC-USD,2024-07-16,64784.41796875,65354.33984375,62487.96875,65097.1484375,41617346768,65097.1484375
BTC-USD,2024-07-17,65091.83203125,66066.734375,63896.0859375,64118.79296875,32525071311,64118.79296875
BTC-USD,2024-07-18,64104.73828125,65104.66015625,63246.1640625,63974.06640625,27239305337,63974.06640625
BTC-USD,2024-07-19,63972.32421875,67442.640625,63329.34375,66710.15625,37003855410,66710.15625
BTC-USD,2024-07-20,66709.921875,67610.734375,66299.6171875,67163.6484375,19029581250,67163.6484375
BTC-USD,2024-07-21,67164.9140625,68372.90625,65842.296875,68154.5234375,26652190004,68154.5234375
BTC-USD,2024-07-22,68152.9765625,68480.0625,66611.296875,67585.25,42649109453,67585.25
BTC-USD,2024-07-23,67584.8046875,67779.015625,65484.4609375,65927.671875,35605668666,65927.671875
BTC-USD,2024-07-24,65927.859375,67113.984375,65146.99609375,65372.1328125,27470942309,65372.1328125
BTC-USD,2024-07-25,65375.875,66112.421875,63473.47265625,65777.2265625,38315761670,65777.2265625
BTC-USD,2024-07-26,65771.8125,68207.6015625,65743.765625,67912.0625,30488630457,67912.0625
BTC-USD,2024-07-27,67911.8125,69398.5078125,66705.21875,67813.3359375,34691905492,67813.3359375
BTC-USD,2024-07-28,67808.65625,68301.8515625,67085.828125,68255.8671875,18043166945,68255.8671875
BTC-USD,2024-07-29,68259.0546875,69987.5390625,66532.59375,66819.9140625,40780682628,66819.9140625
BTC-USD,2024-07-30,66819.0546875,66987.671875,65323.19140625,66201.015625,31380492109,66201.015625
BTC-USD,2024-07-31,66201.2734375,66810.2109375,64532.046875,64619.25,31292785994,64619.25
BTC-USD,2024-08-01,64625.83984375,65593.2421875,62248.94140625,65357.5,40975554494,65357.5
BTC-USD,2024-08-02,65353.5,65523.22265625,61184.89453125,61415.06640625,43060875727,61415.06640625
BTC-USD,2024-08-03,61414.80859375,62148.37109375,59836.52734375,60680.09375,31753030589,60680.09375
BTC-USD,2024-08-04,60676.09375,61062.98828125,57210.8046875,58116.9765625,31758917219,58116.9765625
BTC-USD,2024-08-05,58110.296875,58268.828125,49121.23828125,53991.45703125,108991085584,53991.45703125
BTC-USD,2024-08-06,53991.34765625,57059.91796875,53973.2734375,56034.31640625,49300484106,56034.31640625
BTC-USD,2024-08-07,56040.6328125,57726.8828125,54620.5078125,55027.4609375,41637562185,55027.4609375
BTC-USD,2024-08-08,55030.02734375,62673.765625,54766.7265625,61710.13671875,45298472567,61710.13671875
BTC-USD,2024-08-09,61728.20703125,61751.86328125,59587.859375,60880.11328125,33425553115,60880.11328125
BTC-USD,2024-08-10,60881.23046875,61464.51171875,60287.56640625,60945.8125,15745822278,60945.8125
BTC-USD,2024-08-11,60944.890625,61778.66015625,58348.82421875,58719.484375,22759754812,58719.484375
BTC-USD,2024-08-12,58719.39453125,60680.33203125,57688.8984375,59354.515625,37078637820,59354.515625
BTC-USD,2024-08-13,59356.20703125,61572.3984375,58506.25390625,60609.56640625,30327698167,60609.56640625
BTC-USD,2024-08-14,60611.05078125,61687.7578125,58472.875,58737.26953125,29961696180,58737.26953125
BTC-USD,2024-08-15,58733.26171875,59838.6484375,56161.59375,57560.09765625,35682112440,57560.09765625
BTC-USD,2024-08-16,57560.2734375,59847.359375,57110.01953125,58894.10546875,29350938673,58894.10546875
BTC-USD,2024-08-17,58893.53125,59694.66796875,58814.83203125,59478.97265625,13589684021,59478.97265625
BTC-USD,2024-08-18,59468.1328125,60262.71875,58445.40234375,58483.96484375,17740625837,58483.96484375
BTC-USD,2024-08-19,58480.7109375,59612.66015625,57864.7109375,59493.453125,25911207712,59493.453125
BTC-USD,2024-08-20,59493.453125,61396.328125,58610.8828125,59012.79296875,31613400008,59012.79296875
BTC-USD,2024-08-21,59014.98828125,61834.3515625,58823.4453125,61175.19140625,32731154072,61175.19140625
BTC-USD,2024-08-22,61168.31640625,61408.109375,59815.25390625,60381.9140625,27625734377,60381.9140625
BTC-USD,2024-08-23,60380.953125,64947.0625,60372.05078125,64094.35546875,42530509233,64094.35546875
BTC-USD,2024-08-24,64103.87109375,64513.7890625,63619.91796875,64178.9921875,21430585163,64178.9921875
BTC-USD,2024-08-25,64176.3671875,64996.421875,63833.51953125,64333.54296875,18827683555,64333.54296875
BTC-USD,2024-08-26,64342.2265625,64489.70703125,62849.55859375,62880.66015625,27682040631,62880.66015625
BTC-USD,2024-08-27,62879.70703125,63210.796875,58116.75,59504.1328125,39103882198,59504.1328125
BTC-USD,2024-08-28,59507.92578125,60236.44921875,57890.67578125,59027.625,40289564698,59027.625
BTC-USD,2024-08-29,59027.46875,61184.08203125,58786.2265625,59388.1796875,32224990582,59388.1796875
BTC-USD,2024-08-30,59388.6015625,59896.88671875,57768.53125,59119.4765625,32292756405,59119.4765625
BTC-USD,2024-08-31,59117.48046875,59432.59375,58768.78515625,58969.8984375,12403470760,58969.8984375
BTC-USD,2024-09-01,58969.80078125,59062.0703125,57217.82421875,57325.48828125,24592449997,57325.48828125
BTC-USD,2024-09-02,57326.96875,59403.0703125,57136.02734375,59112.48046875,27036454524,59112.48046875
BTC-USD,2024-09-03,59106.19140625,59815.05859375,57425.16796875,57431.0234375,26666961053,57431.0234375
BTC-USD,2024-09-04,57430.34765625,58511.5703125,55673.1640625,57971.5390625,35627680312,57971.5390625
BTC-USD,2024-09-05,57971.703125,58300.58203125,55712.453125,56160.48828125,31030280656,56160.48828125
BTC-USD,2024-09-06,56160.19140625,56976.109375,52598.69921875,53948.75390625,49361693566,53948.75390625
BTC-USD,2024-09-07,53949.0859375,54838.14453125,53740.0703125,54139.6875,19061486526,54139.6875
BTC-USD,2024-09-08,54147.93359375,55300.859375,53653.7578125,54841.56640625,18268287531,54841.56640625
BTC-USD,2024-09-09,54851.88671875,58041.125,54598.43359375,57019.53515625,34618096173,57019.53515625
BTC-USD,2024-09-10,57020.09765625,58029.9765625,56419.4140625,57648.7109375,28857630507,57648.7109375
BTC-USD,2024-09-11,57650.2890625,57991.3203125,55567.33984375,57343.171875,37049062672,57343.171875
BTC-USD,2024-09-12,57343.171875,58534.359375,57330.1015625,58127.01171875,33835707949,58127.01171875
BTC-USD,2024-09-13,58130.32421875,60648.0234375,57650.11328125,60571.30078125,32490528356,60571.30078125
BTC-USD,2024-09-14,60569.1171875,60656.72265625,59517.8828125,60005.12109375,16428405496,60005.12109375
BTC-USD,2024-09-15,60000.7265625,60381.91796875,58696.30859375,59182.8359375,18120960867,59182.8359375
BTC-USD,2024-09-16,59185.2265625,59205.51171875,57501.33984375,58192.5078125,32032822113,58192.5078125
BTC-USD,2024-09-17,58192.5078125,61316.08984375,57628.0703125,60308.5390625,38075570118,60308.5390625
BTC-USD,2024-09-18,60309,61664.06640625,59218.25390625,61649.6796875,40990702891,61649.6796875
BTC-USD,2024-09-19,61651.15625,63872.44140625,61609.8671875,62940.45703125,42710252573,62940.45703125
BTC-USD,2024-09-20,62941.42578125,64119.53125,62364.60546875,63192.9765625,35177164222,63192.9765625
BTC-USD,2024-09-21,63184.33984375,63543.359375,62783.10546875,63394.83984375,14408616220,63394.83984375
BTC-USD,2024-09-22,63396.8046875,63993.421875,62440.7265625,63648.7109375,20183348802,63648.7109375
BTC-USD,2024-09-23,63643.1015625,64733.55859375,62628.078125,63329.80078125,31400285425,63329.80078125
BTC-USD,2024-09-24,63326.83984375,64695.21484375,62737.41796875,64301.96875,29938335243,64301.96875
BTC-USD,2024-09-25,64302.58984375,64804.50390625,62945.375,63143.14453125,25078377700,63143.14453125
BTC-USD,2024-09-26,63138.546875,65790.796875,62669.26953125,65181.01953125,36873129847,65181.01953125
BTC-USD,2024-09-27,65180.6640625,66480.6953125,64852.9921875,65790.6640625,32058813449,65790.6640625
BTC-USD,2024-09-28,65792.1796875,66255.53125,65458.03515625,65887.6484375,15243637984,65887.6484375
BTC-USD,2024-09-29,65888.8984375,66069.34375,65450.015625,65635.3046875,14788214575,65635.3046875
BTC-USD,2024-09-30,65634.65625,65635.0546875,62873.6171875,63329.5,37112957475,63329.5
BTC-USD,2024-10-01,63335.60546875,64110.98046875,60189.27734375,60837.0078125,50220923500,60837.0078125
BTC-USD,2024-10-02,60836.32421875,62357.6875,59996.94921875,60632.78515625,40762722398,60632.78515625
BTC-USD,2024-10-03,60632.484375,61469.0390625,59878.8046875,60759.40234375,36106447279,60759.40234375
BTC-USD,2024-10-04,60754.625,62465.9921875,60459.94140625,62067.4765625,29585472513,62067.4765625
BTC-USD,2024-10-05,62067.609375,62371.0234375,61689.58203125,62089.94921875,13305410749,62089.94921875
BTC-USD,2024-10-06,62084.98828125,62959.5703125,61833.1484375,62818.953125,14776233667,62818.953125
BTC-USD,2024-10-07,62819.109375,64443.70703125,62152.55078125,62236.66015625,34253562610,62236.66015625
BTC-USD,2024-10-08,62221.64453125,63174.3046875,61843.5625,62131.96875,28134475157,62131.96875
BTC-USD,2024-10-09,62131.7265625,62508.8359375,60314.61328125,60582.1015625,27670982363,60582.1015625
BTC-USD,2024-10-10,60581.9296875,61236.72265625,58895.20703125,60274.5,30452813570,60274.5
BTC-USD,2024-10-11,60275.4609375,63400.87109375,60046.125,62445.08984375,30327141594,62445.08984375
BTC-USD,2024-10-12,62444.6171875,63448.78515625,62443.26953125,63193.0234375,16744110886,63193.0234375
BTC-USD,2024-10-13,63192.9453125,63272.65234375,62035.63671875,62851.375,18177529690,62851.375
BTC-USD,2024-10-14,62848.3984375,66482.4921875,62442.15234375,66046.125,43706958056,66046.125
BTC-USD,2024-10-15,66050.3671875,67881.6796875,64809.1953125,67041.109375,48863870879,67041.109375
BTC-USD,2024-10-16,67042.4609375,68375.2890625,66758.7265625,67612.71875,38195189534,67612.71875
BTC-USD,2024-10-17,67617.078125,67912.2109375,66647.390625,67399.8359375,32790898511,67399.8359375
BTC-USD,2024-10-18,67419.109375,68969.75,67177.8203125,68418.7890625,36857165014,68418.7890625
BTC-USD,2024-10-19,68418.9765625,68668.0078125,68024.640625,68362.734375,14443497908,68362.734375
BTC-USD,2024-10-20,68364.1796875,69359.0078125,68105.71875,69001.703125,18975847518,69001.703125
BTC-USD,2024-10-21,69002,69462.734375,66829.8515625,67367.8515625,37498611780,67367.8515625
BTC-USD,2024-10-22,67360.703125,67801.578125,66581.3671875,67361.40625,31808472566,67361.40625
BTC-USD,2024-10-23,67362.375,67402.7421875,65188.03515625,66432.1953125,32263980353,66432.1953125
BTC-USD,2024-10-24,66653.703125,68798.9609375,66454.1015625,68161.0546875,31414428647,68161.0546875
BTC-USD,2024-10-25,68165.296875,68722.15625,65521.79296875,66642.4140625,41469984306,66642.4140625
BTC-USD,2024-10-26,66628.734375,67317.921875,66360.59375,67014.6953125,19588098156,67014.6953125
BTC-USD,2024-10-27,67023.4765625,68221.3125,66847.2265625,67929.296875,16721307878,67929.296875
BTC-USD,2024-10-28,67922.671875,70212.265625,67535.1328125,69907.7578125,38799856657,69907.7578125
BTC-USD,2024-10-29,69910.046875,73577.2109375,69729.9140625,72720.4921875,58541874402,72720.4921875
BTC-USD,2024-10-30,72715.3671875,72905.296875,71411.734375,72339.5390625,40646637831,72339.5390625
BTC-USD,2024-10-31,72335.046875,72662.3125,69590.5,70215.1875,40627912076,70215.1875
BTC-USD,2024-11-01,70216.8984375,71559.015625,68779.703125,69482.46875,49989795365,69482.46875
BTC-USD,2024-11-02,69486.0234375,69867.3515625,69033.71875,69289.2734375,18184612091,69289.2734375
BTC-USD,2024-11-03,69296.3828125,69361.65625,67482.5234375,68741.1171875,34868307655,68741.1171875
BTC-USD,2024-11-04,68742.1328125,69433.1796875,66803.6484375,67811.5078125,41184819348,67811.5078125
BTC-USD,2024-11-05,67811.171875,70522.7890625,67458.8671875,69359.5625,46046889204,69359.5625
BTC-USD,2024-11-06,69358.5,76460.15625,69322.03125,75639.078125,118592653963,75639.078125
BTC-USD,2024-11-07,75637.0859375,76943.1171875,74480.421875,75904.859375,63467654989,75904.859375
BTC-USD,2024-11-08,75902.8359375,77252.75,75648.7421875,76545.4765625,55176858003,76545.4765625
BTC-USD,2024-11-09,76556.1875,76932.765625,75773.7890625,76778.8671875,29009480361,76778.8671875
BTC-USD,2024-11-10,76775.546875,81474.421875,76565.4296875,80474.1875,82570594495,80474.1875
BTC-USD,2024-11-11,80471.4140625,89604.5,80283.25,88701.484375,117966845037,88701.484375
BTC-USD,2024-11-12,88705.5625,89956.8828125,85155.109375,87955.8125,133673285375,87955.8125
BTC-USD,2024-11-13,87929.96875,93434.3515625,86256.9296875,90584.1640625,123559027869,90584.1640625
BTC-USD,2024-11-14,90574.8828125,91765.21875,86682.8125,87250.4296875,87616705248,87250.4296875
BTC-USD,2024-11-15,87284.1796875,91868.7421875,87124.8984375,91066.0078125,78243109518,91066.0078125
BTC-USD,2024-11-16,91064.3671875,91763.9453125,90094.2265625,90558.4765625,44333192814,90558.4765625
BTC-USD,2024-11-17,90558.4609375,91433.0390625,88741.6640625,89845.8515625,46350159305,89845.8515625
BTC-USD,2024-11-18,89843.71875,92596.7890625,89393.59375,90542.640625,75535775084,90542.640625
BTC-USD,2024-11-19,90536.8125,94002.8671875,90426.984375,92343.7890625,74521048295,92343.7890625
BTC-USD,2024-11-20,92341.890625,94902.0234375,91619.5,94339.4921875,71730956426,94339.4921875
BTC-USD,2024-11-21,94334.640625,99014.21875,94132.6015625,98504.7265625,106024505582,98504.7265625
BTC-USD,2024-11-22,98496.4296875,99655.5,97222.6640625,98997.6640625,78473580551,98997.6640625
BTC-USD,2024-11-23,99006.7421875,99014.6796875,97232.890625,97777.28125,44414644677,97777.28125
BTC-USD,2024-11-24,97778.09375,98647.1796875,95788.078125,98013.8203125,51712020623,98013.8203125
BTC-USD,2024-11-25,98033.4453125,98935.03125,92642.9140625,93102.296875,80909462490,93102.296875
BTC-USD,2024-11-26,93087.28125,94991.75,90770.8125,91985.3203125,91656519855,91985.3203125
BTC-USD,2024-11-27,91978.140625,97361.1796875,91778.6640625,95962.53125,71133452438,95962.53125
BTC-USD,2024-11-28,95954.9453125,96650.203125,94677.3515625,95652.46875,52260008261,95652.46875
BTC-USD,2024-11-29,95653.953125,98693.171875,95407.8828125,97461.5234375,54968682476,97461.5234375
BTC-USD,2024-11-30,97468.8125,97499.34375,96144.21875,96449.0546875,31634227866,96449.0546875
BTC-USD,2024-12-01,96461.3359375,97888.125,95770.1875,97279.7890625,36590695296,97279.7890625
BTC-USD,2024-12-02,97276.0078125,98152.6015625,94482.8671875,95865.3046875,72680784305,95865.3046875
BTC-USD,2024-12-03,95854.59375,96297.203125,93629.5625,96002.1640625,67067810961,96002.1640625
BTC-USD,2024-12-04,95988.53125,99207.328125,94660.5234375,98768.53125,77199817112,98768.53125
BTC-USD,2024-12-05,98741.5390625,103900.46875,91998.78125,96593.5703125,149218945580,96593.5703125
BTC-USD,2024-12-06,97074.2265625,102039.8828125,96514.875,99920.7109375,94534772658,99920.7109375
BTC-USD,2024-12-07,99916.7109375,100563.3828125,99030.8828125,99923.3359375,44177510897,99923.3359375
BTC-USD,2024-12-08,99921.9140625,101399.9921875,98771.515625,101236.015625,44125751925,101236.015625
BTC-USD,2024-12-09,101237.0625,101272.5078125,94355.9140625,97432.71875,110676473908,97432.71875
BTC-USD,2024-12-10,97441.234375,98270.15625,94321.2578125,96675.4296875,104823780634,96675.4296875
BTC-USD,2024-12-11,96656.0625,101913.359375,95747.2265625,101173.03125,85391409936,101173.03125
BTC-USD,2024-12-12,101167.8046875,102524.9140625,99339.953125,100043,72073983533,100043
BTC-USD,2024-12-13,100046.6484375,101888.8046875,99233.28125,101459.2578125,56894751583,101459.2578125
BTC-USD,2024-12-14,101451.4375,102618.8828125,100634.0546875,101372.96875,40422968793,101372.96875
BTC-USD,2024-12-15,101373.53125,105047.5390625,101227.03125,104298.6953125,51145914137,104298.6953125
BTC-USD,2024-12-16,104293.578125,107780.578125,103322.984375,106029.71875,91020417816,106029.71875
BTC-USD,2024-12-17,106030.6875,108268.4453125,105291.734375,106140.6015625,68589364868,106140.6015625
BTC-USD,2024-12-18,106147.296875,106470.609375,100041.5390625,100041.5390625,93865656139,100041.5390625
BTC-USD,2024-12-19,100070.6875,102748.1484375,95587.6796875,97490.953125,97221662392,97490.953125
BTC-USD,2024-12-20,97484.6953125,98098.9140625,92175.1796875,97755.9296875,105634083408,97755.9296875
BTC-USD,2024-12-21,97756.1953125,99507.1015625,96426.5234375,97224.7265625,51765334294,97224.7265625
BTC-USD,2024-12-22,97218.3203125,97360.265625,94202.1875,95104.9375,43147981314,95104.9375
BTC-USD,2024-12-23,95099.390625,96416.2109375,92403.1328125,94686.2421875,65239002919,94686.2421875
BTC-USD,2024-12-24,94684.34375,99404.0625,93448.015625,98676.09375,47114953674,98676.09375
BTC-USD,2024-12-25,98675.9140625,99478.75,97593.46875,99299.1953125,33700394629,99299.1953125
BTC-USD,2024-12-26,99297.6953125,99884.5703125,95137.8828125,95795.515625,47054980873,95795.515625
BTC-USD,2024-12-27,95704.9765625,97294.84375,93310.7421875,94164.859375,52419934565,94164.859375
BTC-USD,2024-12-28,94160.1875,95525.8984375,94014.2890625,95163.9296875,24107436185,95163.9296875
BTC-USD,2024-12-29,95174.0546875,95174.875,92881.7890625,93530.2265625,29635885267,93530.2265625
BTC-USD,2024-12-30,93527.1953125,94903.3203125,91317.1328125,92643.2109375,56188003691,92643.2109375
BTC-USD,2024-12-31,92643.25,96090.6015625,91914.03125,93429.203125,43625106843,93429.203125
BTC-USD,2025-01-01,93425.1015625,94929.8671875,92788.125,94419.7578125,24519888919,94419.7578125
BTC-USD,2025-01-02,94416.2890625,97739.8203125,94201.5703125,96886.875,46009564411,96886.875
BTC-USD,2025-01-03,96881.7265625,98956.9140625,96034.6171875,98107.4296875,35611391163,98107.4296875
BTC-USD,2025-01-04,98106.9921875,98734.4296875,97562.9765625,98236.2265625,22342608078,98236.2265625
BTC-USD,2025-01-05,98233.90625,98813.3046875,97291.765625,98314.9609375,20525254825,98314.9609375
BTC-USD,2025-01-06,98314.953125,102482.875,97926.1484375,102078.0859375,51823432705,102078.0859375
BTC-USD,2025-01-07,102248.8515625,102712.484375,96132.875,96922.703125,58685738547,96922.703125
BTC-USD,2025-01-08,96924.1640625,97258.3203125,92525.84375,95043.5234375,63875859171,95043.5234375
BTC-USD,2025-01-09,95043.484375,95349.71875,91220.84375,92484.0390625,62777261693,92484.0390625
BTC-USD,2025-01-10,92494.4921875,95770.609375,92250.09375,94701.453125,62058693684,94701.453125
BTC-USD,2025-01-11,94700.8359375,94977.6875,93840.046875,94566.59375,18860894100,94566.59375
BTC-USD,2025-01-12,94565.7265625,95367.5390625,93712.5078125,94488.4375,20885130965,94488.4375
BTC-USD,2025-01-13,94488.890625,95837,89260.1015625,94516.5234375,72978998252,94516.5234375
BTC-USD,2025-01-14,94519.0078125,97352.6640625,94322.15625,96534.046875,53769675818,96534.046875
BTC-USD,2025-01-15,96534.046875,100697.234375,96501.640625,100504.4921875,57805923627,100504.4921875
BTC-USD,2025-01-16,100505.296875,100781.5859375,97364.4453125,99756.90625,54103781805,99756.90625
BTC-USD,2025-01-17,100025.765625,105884.2265625,99948.90625,104462.0390625,71888972663,104462.0390625
BTC-USD,2025-01-18,104124.953125,104913.203125,102226.6171875,104408.0703125,50445655726,104408.0703125
BTC-USD,2025-01-19,104411.2890625,106299.796875,99570.53125,101089.609375,76789928525,101089.609375
BTC-USD,2025-01-20,101083.75,109114.8828125,99471.359375,102016.6640625,126279678351,102016.6640625
BTC-USD,2025-01-21,102052.578125,107180.921875,100103.953125,106146.265625,88733878242,106146.265625
BTC-USD,2025-01-22,106136.3828125,106294.34375,103360.265625,103653.0703125,53878181052,103653.0703125
BTC-USD,2025-01-23,103657.671875,106820.328125,101257.8046875,103960.171875,104104515428,103960.171875
BTC-USD,2025-01-24,103965.671875,107098.546875,102772.125,104819.484375,52388229265,104819.484375
BTC-USD,2025-01-25,104824.03125,105243.7890625,104120.375,104714.6484375,23888996502,104714.6484375
BTC-USD,2025-01-26,104713.2109375,105438.6484375,102507.7109375,102682.5,22543395879,102682.5
BTC-USD,2025-01-27,102680.3046875,103214.109375,97795.9375,102087.6875,89006608428,102087.6875
BTC-USD,2025-01-28,102095.4140625,103730.8203125,100238.1875,101332.4765625,47180685494,101332.4765625
BTC-USD,2025-01-29,101317.5234375,104750.8046875,101283.8203125,103703.2109375,47432049818,103703.2109375
BTC-USD,2025-01-30,103709.3359375,106418.765625,103321.6484375,104735.3046875,41915744521,104735.3046875
BTC-USD,2025-01-31,104737.5625,106026.3515625,101543.8828125,102405.0234375,45732764360,102405.0234375
BTC-USD,2025-02-01,102402.796875,102755.7265625,100297.7109375,100655.90625,27757944848,100655.90625
BTC-USD,2025-02-02,100661.5390625,101430.6640625,96216.078125,97688.9765625,63091816853,97688.9765625
BTC-USD,2025-02-03,97681.1015625,102514.171875,91242.890625,101405.421875,115400897748,101405.421875
BTC-USD,2025-02-04,101398.71875,101745.6171875,96208.109375,97871.8203125,73002130211,97871.8203125
BTC-USD,2025-02-05,97878.0078125,99113.2109375,96174.828125,96615.4453125,49125911241,96615.4453125
BTC-USD,2025-02-06,96610.640625,99168.609375,95707.3515625,96593.296875,45302471947,96593.296875
BTC-USD,2025-02-07,96581.3203125,100154.140625,95653.8828125,96529.0859375,55741290456,96529.0859375
BTC-USD,2025-02-08,96533.2578125,96877.8046875,95702.4921875,96482.453125,22447526395,96482.453125
BTC-USD,2025-02-09,96481.3125,97325.28125,94745.2578125,96500.09375,27732901800,96500.09375
BTC-USD,2025-02-10,96499.4609375,98333.21875,95320.84375,97437.5546875,40078962391,97437.5546875
BTC-USD,2025-02-11,97438.1328125,98492.8984375,94875.0390625,95747.4296875,37488783272,95747.4296875
BTC-USD,2025-02-12,95745.6953125,98151.0234375,94101.203125,97885.859375,49340445530,97885.859375
BTC-USD,2025-02-13,97888.75,98111.0859375,95269.7109375,96623.8671875,37147280860,96623.8671875
BTC-USD,2025-02-14,96623.3671875,98819.46875,96342.8046875,97508.96875,32697987277,97508.96875
BTC-USD,2025-02-15,97508.3828125,97975.0390625,97240.1953125,97580.3515625,17047266288,97580.3515625
BTC-USD,2025-02-16,97580.4921875,97725.59375,96060.9765625,96175.03125,16536755396,96175.03125
BTC-USD,2025-02-17,96179.0078125,97032.234375,95243.546875,95773.3828125,27336550690,95773.3828125
BTC-USD,2025-02-18,95773.8125,96695.375,93388.8359375,95539.546875,37325720482,95539.546875
BTC-USD,2025-02-19,95532.53125,96855.59375,95011.96875,96635.609375,28990872862,96635.609375
BTC-USD,2025-02-20,96632.6796875,98767.1953125,96442.671875,98333.9375,31668022771,98333.9375
BTC-USD,2025-02-21,98340.671875,99497.96875,94852.9609375,96125.546875,49608706470,96125.546875
BTC-USD,2025-02-22,96134.203125,96950.15625,95765.34375,96577.7578125,18353824477,96577.7578125
BTC-USD,2025-02-23,96577.8046875,96671.875,95270.453125,96273.921875,16999478976,96273.921875
BTC-USD,2025-02-24,96277.9609375,96503.453125,91371.7421875,91418.171875,44046480529,91418.171875
BTC-USD,2025-02-25,91437.1171875,92511.078125,86008.234375,88736.171875,92139104128,88736.171875
BTC-USD,2025-02-26,88638.890625,89286.25,82131.8984375,84347.0234375,64597492134,84347.0234375
BTC-USD,2025-02-27,84076.859375,87000.78125,83144.9609375,84704.2265625,52659591954,84704.2265625
BTC-USD,2025-02-28,84705.625,85036.3203125,78248.9140625,84373.0078125,83610570576,84373.0078125
BTC-USD,2025-03-01,84373.8671875,86522.3046875,83794.234375,86031.9140625,29190628396,86031.9140625
BTC-USD,2025-03-02,86036.2578125,95043.4375,85040.2109375,94248.3515625,58398341092,94248.3515625
BTC-USD,2025-03-03,94248.421875,94429.75,85081.3046875,86065.671875,70072228536,86065.671875
BTC-USD,2025-03-04,86064.0703125,88911.2734375,81529.2421875,87222.1953125,68095241474,87222.1953125
BTC-USD,2025-03-05,87222.953125,90998.2421875,86379.7734375,90623.5625,50498988027,90623.5625
BTC-USD,2025-03-06,90622.359375,92804.9375,87852.140625,89961.7265625,47749810486,89961.7265625
BTC-USD,2025-03-07,89963.28125,91191.046875,84717.6796875,86742.671875,65945677657,86742.671875
BTC-USD,2025-03-08,86742.65625,86847.265625,85247.484375,86154.59375,18206118081,86154.59375
BTC-USD,2025-03-09,86154.3046875,86471.1328125,80052.484375,80601.0390625,30899345977,80601.0390625
BTC-USD,2025-03-10,80597.1484375,83955.9296875,77420.59375,78532,54061099422,78532
BTC-USD,2025-03-11,78523.875,83577.7578125,76624.25,82862.2109375,54702837196,82862.2109375
BTC-USD,2025-03-12,82857.375,84358.578125,80635.25,83722.359375,40353484454,83722.359375
BTC-USD,2025-03-13,83724.921875,84301.6953125,79931.8515625,81066.703125,31412940153,81066.703125
BTC-USD,2025-03-14,81066.9921875,85263.2890625,80797.5625,83969.1015625,29588112414,83969.1015625
BTC-USD,2025-03-15,83968.40625,84672.671875,83639.59375,84343.109375,13650491277,84343.109375
BTC-USD,2025-03-16,84333.3203125,85051.6015625,82017.90625,82579.6875,21330270174,82579.6875
BTC-USD,2025-03-17,82576.3359375,84725.328125,82492.15625,84075.6875,25092785558,84075.6875
BTC-USD,2025-03-18,84075.71875,84075.71875,81179.9921875,82718.5,24095774594,82718.5
BTC-USD,2025-03-19,82718.8046875,87021.1875,82569.7265625,86854.2265625,34931960257,86854.2265625
BTC-USD,2025-03-20,86872.953125,87443.265625,83647.1953125,84167.1953125,29028988961,84167.1953125
BTC-USD,2025-03-21,84164.5390625,84782.2734375,83171.0703125,84043.2421875,19030452299,84043.2421875
BTC-USD,2025-03-22,84046.2578125,84513.875,83674.78125,83832.484375,9863214091,83832.484375
BTC-USD,2025-03-23,83831.8984375,86094.78125,83794.9140625,86054.375,12594615537,86054.375
BTC-USD,2025-03-24,86070.9296875,88758.7265625,85541.1953125,87498.9140625,34582604933,87498.9140625
BTC-USD,2025-03-25,87512.8203125,88542.3984375,86346.078125,87471.703125,30005840049,87471.703125
BTC-USD,2025-03-26,87460.234375,88292.15625,85861.453125,86900.8828125,26704046038,86900.8828125
BTC-USD,2025-03-27,86896.2578125,87786.7265625,85837.9375,87177.1015625,24413471941,87177.1015625
BTC-USD,2025-03-28,87185.234375,87489.859375,83557.640625,84353.1484375,34198619509,84353.1484375
BTC-USD,2025-03-29,84352.0703125,84567.3359375,81634.140625,82597.5859375,16969396135,82597.5859375
BTC-USD,2025-03-30,82596.984375,83505,81573.25,82334.5234375,14763760943,82334.5234375
BTC-USD,2025-03-31,82336.0625,83870.125,81293.890625,82548.9140625,29004228247,82548.9140625
BTC-USD,2025-04-01,82551.921875,85487.3671875,82429.359375,85169.171875,28175650319,85169.171875
BTC-USD,2025-04-02,85180.609375,88466.953125,82343.5390625,82485.7109375,47584398470,82485.7109375
BTC-USD,2025-04-03,82487.4765625,83909.296875,81282.1015625,83102.828125,36852112080,83102.828125
BTC-USD,2025-04-04,83100.25,84696.1484375,81670.75,83843.8046875,45157640207,83843.8046875
BTC-USD,2025-04-05,83844.703125,84207.015625,82377.734375,83504.796875,14380803631,83504.796875
BTC-USD,2025-04-06,83504.5078125,83704.71875,77097.7421875,78214.484375,36294853736,78214.484375
BTC-USD,2025-04-07,78221.3359375,81119.0625,74436.6796875,79235.3359375,91262424987,79235.3359375
BTC-USD,2025-04-08,79218.4765625,80823.890625,76198.0234375,76271.953125,48314590749,76271.953125
BTC-USD,2025-04-09,76273.5625,83541,74589.671875,82573.953125,84213627038,82573.953125
BTC-USD,2025-04-10,82565.9765625,82700.9296875,78456.1328125,79626.140625,44718000633,79626.140625
BTC-USD,2025-04-11,79625.046875,84247.4765625,78936.3203125,83404.8359375,41656778779,83404.8359375
BTC-USD,2025-04-12,83404.515625,85856.1875,82769.375,85287.109375,24258059104,85287.109375
BTC-USD,2025-04-13,85279.46875,86015.1875,83027.0078125,83684.9765625,28796984817,83684.9765625
BTC-USD,2025-04-14,83694.5234375,85785,83690.640625,84542.390625,34090769777,84542.390625
BTC-USD,2025-04-15,84539.6953125,86429.3515625,83598.8203125,83668.9921875,28040322885,83668.9921875
BTC-USD,2025-04-16,83674.5078125,85428.28125,83100.6171875,84033.8671875,29617804112,84033.8671875
BTC-USD,2025-04-17,84030.671875,85449.0703125,83749.75,84895.75,21276866029,84895.75
BTC-USD,2025-04-18,84900.1875,85095.046875,84298.8828125,84450.8046875,12728372364,84450.8046875
BTC-USD,2025-04-19,84450.8671875,85597.703125,84353.4609375,85063.4140625,15259300427,85063.4140625
BTC-USD,2025-04-20,85066.0703125,85306.3828125,83976.84375,85174.3046875,14664050812,85174.3046875
BTC-USD,2025-04-21,85171.5390625,88460.09375,85143.8359375,87518.90625,41396190190,87518.90625
BTC-USD,2025-04-22,87521.875,93817.3828125,87084.53125,93441.890625,55899038456,93441.890625
BTC-USD,2025-04-23,93427.5859375,94535.734375,91962.9609375,93699.109375,41719568821,93699.109375
BTC-USD,2025-04-24,93692.3984375,94016.1953125,91696.7109375,93943.796875,31483175315,93943.796875
BTC-USD,2025-04-25,93954.25,95768.390625,92898.59375,94720.5,40915232364,94720.5
BTC-USD,2025-04-26,94714.6484375,95251.359375,93927.25,94646.9296875,17612825123,94646.9296875
BTC-USD,2025-04-27,94660.90625,95301.203125,93665.3984375,93754.84375,18090367764,93754.84375
BTC-USD,2025-04-28,93755.3046875,95598.4921875,92860.8046875,94978.75,32363449569,94978.75
BTC-USD,2025-04-29,94981.859375,95485.4140625,93796.6328125,94284.7890625,25806129921,94284.7890625
BTC-USD,2025-04-30,94286.46875,95249.3203125,92979.640625,94207.3125,28344679831,94207.3125
BTC-USD,2025-05-01,94212.859375,97437.9609375,94153.6328125,96492.3359375,32875889623,96492.3359375
BTC-USD,2025-05-02,96494.96875,97905.8984375,96375.9453125,96910.0703125,26421924677,96910.0703125
BTC-USD,2025-05-03,96904.6328125,96943.8828125,95821.2890625,95891.796875,15775154889,95891.796875
BTC-USD,2025-05-04,95877.1875,96318.921875,94173.4296875,94315.9765625,18198688416,94315.9765625
BTC-USD,2025-05-05,94319.5625,95193.1875,93566.265625,94748.0546875,25816260327,94748.0546875
BTC-USD,2025-05-06,94748.3828125,96889.1796875,93399.859375,96802.4765625,26551275827,96802.4765625
BTC-USD,2025-05-07,96800.1953125,97625.8046875,95829.3359375,97032.3203125,76983822462,97032.3203125
BTC-USD,2025-05-08,97034.25,103969.5390625,96913.875,103241.4609375,69895404397,103241.4609375
BTC-USD,2025-05-09,103239.125,104297.4921875,102343.09375,102970.8515625,58198593958,102970.8515625
BTC-USD,2025-05-10,102973.7109375,104961.765625,102830.484375,104696.328125,42276713994,104696.328125
BTC-USD,2025-05-11,104701.0703125,104937.9921875,103364.7421875,104106.359375,46285517406,104106.359375
BTC-USD,2025-05-12,104106.9609375,105747.453125,100814.40625,102812.953125,63250475404,102812.953125
BTC-USD,2025-05-13,102812.4921875,104997.421875,101515.09375,104169.8125,52608876410,104169.8125
BTC-USD,2025-05-14,104167.328125,104303.5625,102618.296875,103539.4140625,45956071155,103539.4140625
BTC-USD,2025-05-15,103538.828125,104153.6171875,101440.8125,103744.640625,50408241840,103744.640625
BTC-USD,2025-05-16,103735.65625,104533.484375,103137.4765625,103489.2890625,44386499364,103489.2890625
BTC-USD,2025-05-17,103489.2890625,103716.9453125,102659.1796875,103191.0859375,37898552742,103191.0859375
BTC-USD,2025-05-18,103186.953125,106597.171875,103142.6015625,106446.0078125,49887082058,106446.0078125
BTC-USD,2025-05-19,106430.53125,107068.71875,102112.6875,105606.1796875,61761126647,105606.1796875
BTC-USD,2025-05-20,105605.40625,107307.1171875,104206.515625,106791.0859375,36515726122,106791.0859375
BTC-USD,2025-05-21,106791.3125,110724.4609375,106127.234375,109678.078125,78086364051,109678.078125
BTC-USD,2025-05-22,109673.4921875,111970.171875,109285.0703125,111673.28125,70157575642,111673.28125
BTC-USD,2025-05-23,111679.359375,111798.90625,106841.3046875,107287.796875,67548133399,107287.796875
BTC-USD,2025-05-24,107278.5078125,109454.5234375,106895.2890625,107791.15625,45903627163,107791.15625
BTC-USD,2025-05-25,107802.2734375,109313.3046875,106683.375,109035.390625,47518041841,109035.390625
BTC-USD,2025-05-26,109023.78125,110376.8828125,108735.640625,109440.3671875,45950461571,109440.3671875
BTC-USD,2025-05-27,109440.40625,110744.2109375,107609.5546875,108994.640625,57450176272,108994.640625
BTC-USD,2025-05-28,108992.171875,109298.2890625,106812.9296875,107802.328125,49155377493,107802.328125
BTC-USD,2025-05-29,107795.5703125,108910.046875,105374.3984375,105641.7578125,56022752042,105641.7578125
BTC-USD,2025-05-30,105646.2109375,106308.9453125,103685.7890625,103998.5703125,57655287183,103998.5703125
BTC-USD,2025-05-31,103994.71875,104927.1015625,103136.1171875,104638.09375,38997843858,104638.09375
BTC-USD,2025-06-01,104637.296875,105884.546875,103826.953125,105652.1015625,37397056873,105652.1015625
BTC-USD,2025-06-02,105649.8125,105958.3125,103727.546875,105881.53125,45819706290,105881.53125
BTC-USD,2025-06-03,105888.4765625,106813.578125,104920.84375,105432.46875,46196508367,105432.46875
BTC-USD,2025-06-04,105434.3671875,105997.6953125,104232.703125,104731.984375,44544857105,104731.984375
BTC-USD,2025-06-05,104750.78125,105936.6875,100436.8828125,101575.953125,57479298400,101575.953125
BTC-USD,2025-06-06,101574.3671875,105376.7734375,101169.5703125,104390.34375,48856653697,104390.34375
BTC-USD,2025-06-07,104390.6484375,105972.7578125,103987.3125,105615.625,38365033776,105615.625
BTC-USD,2025-06-08,105617.5078125,106497.0625,105075.328125,105793.6484375,36626232328,105793.6484375
BTC-USD,2025-06-09,105793.0234375,110561.421875,105400.234375,110294.1015625,55903193732,110294.1015625
BTC-USD,2025-06-10,110295.6875,110380.125,108367.7109375,110257.234375,54700101509,110257.234375
BTC-USD,2025-06-11,110261.796875,110384.21875,108086.328125,108686.625,50842662052,108686.625
BTC-USD,2025-06-12,108685.9140625,108780.6953125,105785.6875,105929.0546875,54843867968,105929.0546875
BTC-USD,2025-06-13,105924.59375,106182.546875,102822.0234375,106090.96875,69550440846,106090.96875
BTC-USD,2025-06-14,106108.0859375,106203.7578125,104379.3671875,105472.40625,38007870453,105472.40625
BTC-USD,2025-06-15,105464.84375,106157.1015625,104519.8828125,105552.0234375,36744307742,105552.0234375
BTC-USD,2025-06-16,105555.59375,108915.375,104997.625,106796.7578125,50366626945,106796.7578125
BTC-USD,2025-06-17,106794.1171875,107750.1953125,103396.53125,104601.1171875,55964092176,104601.1171875
BTC-USD,2025-06-18,104602.0703125,105581.8515625,103602.265625,104883.328125,47318089133,104883.328125
BTC-USD,2025-06-19,104886.7734375,105250.890625,103940.7734375,104684.2890625,37333806920,104684.2890625
BTC-USD,2025-06-20,104681.03125,106539.3828125,102372.2109375,103309.6015625,50951862476,103309.6015625
BTC-USD,2025-06-21,103315.078125,104015.78125,100973.0625,102257.40625,38360555118,102257.40625
BTC-USD,2025-06-22,102212.03125,103351.6328125,98286.203125,100987.140625,65536997201,100987.140625
BTC-USD,2025-06-23,100987.4765625,106116.859375,99705.75,105577.7734375,65237759656,105577.7734375
BTC-USD,2025-06-24,105571.515625,106316.828125,104740.2421875,106045.6328125,48822986421,106045.6328125
BTC-USD,2025-06-25,106047.40625,108168.3984375,105881.390625,107361.2578125,51624120283,107361.2578125
BTC-USD,2025-06-26,107375.0703125,108305.546875,106666.3515625,106960,43891990613,106960
BTC-USD,2025-06-27,106954.921875,107772.46875,106449.9921875,107088.4296875,45353692675,107088.4296875
BTC-USD,2025-06-28,107090.546875,107567.8828125,106883.9765625,107327.703125,30037708335,107327.703125
BTC-USD,2025-06-29,107327.8203125,108526.3046875,107230.109375,108385.5703125,35534874438,108385.5703125
BTC-USD,2025-06-30,108383.4375,108798.7890625,106759.6484375,107135.3359375,42064804590,107135.3359375
BTC-USD,2025-07-01,107144.3828125,107550.6796875,105270.2265625,105698.28125,44110692247,105698.28125
BTC-USD,2025-07-02,105703.1015625,109763.65625,105157.3984375,108859.3203125,56248657737,108859.3203125
BTC-USD,2025-07-03,108845.015625,110541.4609375,108605.796875,109647.9765625,50494742270,109647.9765625
BTC-USD,2025-07-04,109635.65625,109751.984375,107296.3828125,108034.3359375,42616442656,108034.3359375
BTC-USD,2025-07-05,108015.8359375,108381.34375,107842.2734375,108231.1796875,30615537520,108231.1796875
BTC-USD,2025-07-06,108231.1875,109731.625,107847.015625,109232.0703125,36746020463,109232.0703125
BTC-USD,2025-07-07,109235.328125,109710.25,107527.0546875,108299.8515625,45415696597,108299.8515625
BTC-USD,2025-07-08,108298.2265625,109198.96875,107499.5546875,108950.2734375,44282204127,108950.2734375
BTC-USD,2025-07-09,108950.2734375,111925.375,108357.6796875,111326.5546875,57927418065,111326.5546875
BTC-USD,2025-07-10,111329.1953125,116608.78125,110660.75,115987.203125,95911605728,115987.203125
BTC-USD,2025-07-11,115986.234375,118856.4765625,115245.6875,117516.9921875,86928361085,117516.9921875
BTC-USD,2025-07-12,117530.7109375,118219.8984375,116977.0234375,117435.2265625,45524560304,117435.2265625
BTC-USD,2025-07-13,117432.203125,119449.5703125,117265.4375,119116.1171875,49021091807,119116.1171875
BTC-USD,2025-07-14,119115.7890625,123091.609375,118959.1953125,119849.703125,181746419401,119849.703125
BTC-USD,2025-07-15,119853.8515625,119935.5625,115765.6875,117777.1875,98321661181,117777.1875
BTC-USD,2025-07-16,117777.1875,120065.515625,117064.8203125,118738.5078125,72162029070,118738.5078125
BTC-USD,2025-07-17,118738.5078125,120999.609375,117508.21875,119289.84375,72363841798,119289.84375
BTC-USD,2025-07-18,119284.109375,120851.9140625,116925.984375,118003.2265625,77945799785,118003.2265625
BTC-USD,2025-07-19,117998.125,118541.3984375,117388.4140625,117939.9765625,47564562765,117939.9765625
BTC-USD,2025-07-20,117944.109375,118865.03125,116550.1328125,117300.7890625,57515447231,117300.7890625
BTC-USD,2025-07-21,117306.46875,119671.5625,116584.3984375,117439.5390625,69820091744,117439.5390625
BTC-USD,2025-07-22,117426.5,120269.96875,116233.2265625,119995.4140625,79217583118,119995.4140625
BTC-USD,2025-07-23,119997.4453125,120113.3515625,117391.390625,118754.9609375,66608604537,118754.9609375
BTC-USD,2025-07-24,118770.984375,119535.453125,117247.96875,118368,72627318560,118368
BTC-USD,2025-07-25,118368,118486.9765625,114759.8203125,117635.8828125,104857024569,117635.8828125
BTC-USD,2025-07-26,117644.84375,118335.6875,117181.2265625,117947.3671875,48508954046,117947.3671875
BTC-USD,2025-07-27,117944.7265625,119815.59375,117859.6875,119448.4921875,54683390892,119448.4921875
BTC-USD,2025-07-28,119457.5234375,119819.7890625,117441.4375,117924.4765625,64822943193,117924.4765625
BTC-USD,2025-07-29,117938.5859375,119273.8671875,116987.3671875,117922.1484375,68463107433,117922.1484375
BTC-USD,2025-07-30,117921.9921875,118780.7265625,115800.828125,117831.1875,68896148592,117831.1875
BTC-USD,2025-07-31,117833.6328125,118919.984375,115505.21875,115758.203125,69370346018,115758.203125
BTC-USD,2025-08-01,115738.953125,116060.7734375,112724.4453125,113320.0859375,91294530181,113320.0859375
BTC-USD,2025-08-02,113320.390625,114021.6015625,112005.765625,112526.9140625,56870866000,112526.9140625
BTC-USD,2025-08-03,112525.8046875,114747.421875,111943.8046875,114217.671875,48099615826,114217.671875
BTC-USD,2025-08-04,114223.921875,115729.46875,114130.40625,115071.8828125,35783028986,115071.8828125
BTC-USD,2025-08-05,115072.1875,115117.4375,112701.109375,114141.4453125,61039182286,114141.4453125
BTC-USD,2025-08-06,114140.9140625,115737.8359375,113372.25,115028,56379133510,115028
BTC-USD,2025-08-07,115030.0546875,117676.90625,114279.7109375,117496.8984375,64051649681,117496.8984375
BTC-USD,2025-08-08,117505.5,117689.203125,115917.4609375,116688.7265625,59713005166,116688.7265625
BTC-USD,2025-08-09,116678.2734375,117906.609375,116363.8359375,116500.359375,54004312429,116500.359375
BTC-USD,2025-08-10,116497.71875,119320.7109375,116485.1640625,119306.7578125,64755458694,119306.7578125
BTC-USD,2025-08-11,119306.8125,122321.09375,118159.03125,118731.4453125,90528784177,118731.4453125
BTC-USD,2025-08-12,118717.6640625,120302.46875,118228.71875,120172.90625,72803657984,120172.90625
BTC-USD,2025-08-13,120168.9765625,123682.453125,118939.6328125,123344.0625,90904808795,123344.0625
BTC-USD,2025-08-14,123339.3984375,124457.1171875,117254.8828125,118359.578125,104055627395,118359.578125
BTC-USD,2025-08-15,118365.78125,119332.3125,116864.5703125,117398.3515625,68665353159,117398.3515625
BTC-USD,2025-08-16,117398.421875,117996.0625,117271.953125,117491.3515625,48036922378,117491.3515625
BTC-USD,2025-08-17,117492.7890625,118595.7734375,117279.5234375,117453.0625,45852169525,117453.0625
BTC-USD,2025-08-18,117453.90625,117614.171875,114723.6796875,116252.3125,72787808090,116252.3125
BTC-USD,2025-08-19,116241.859375,116764.5,112730.3984375,112831.1796875,71657600353,112831.1796875
BTC-USD,2025-08-20,112828.0234375,114625.796875,112387.9609375,114274.7421875,67993811526,114274.7421875
BTC-USD,2025-08-21,114275.6875,114802.6484375,111986.234375,112419.03125,57817883700,112419.03125
BTC-USD,2025-08-22,112433.734375,117377.3984375,111678.9453125,116874.0859375,82528088240,116874.0859375
BTC-USD,2025-08-23,116866.3671875,116996.25,114536.109375,115374.328125,55377142586,115374.328125
BTC-USD,2025-08-24,115387.390625,115615.0859375,111060.546875,113458.4296875,73961489632,113458.4296875
BTC-USD,2025-08-25,113456.8984375,113637.84375,109324.28125,110124.3515625,85706860190,110124.3515625
BTC-USD,2025-08-26,110124.1015625,112397.015625,108762.0390625,111802.65625,69396320317,111802.65625
BTC-USD,2025-08-27,111795.7109375,112619.4140625,110398.265625,111222.0625,62137056409,111222.0625
BTC-USD,2025-08-28,111219.0546875,113450.078125,110900.921875,112544.8046875,58860155962,112544.8046875
BTC-USD,2025-08-29,112550.5234375,112619.0546875,107559.625,108410.8359375,77843379644,108410.8359375
BTC-USD,2025-08-30,108409.40625,108929.3515625,107444.4453125,108808.0703125,51486264208,108808.0703125
BTC-USD,2025-08-31,108818.4609375,109491,108104.65625,108236.7109375,47986191770,108236.7109375
BTC-USD,2025-09-01,108228.75,109890.5859375,107271.1796875,109250.59375,66870372995,109250.59375
BTC-USD,2025-09-02,109243.0703125,111748.015625,108454.03125,111200.5859375,74776999491,111200.5859375
BTC-USD,2025-09-03,111190.6953125,112600.2265625,110582.9609375,111723.2109375,61119643565,111723.2109375
BTC-USD,2025-09-04,111718.1484375,112208.328125,109347.2265625,110723.6015625,60131132901,110723.6015625
BTC-USD,2025-09-05,110723.015625,113357.4921875,110233.3984375,110650.984375,60241647677,110650.984375
BTC-USD,2025-09-06,110650.5703125,111275.015625,110024.0859375,110224.6953125,21500719036,110224.6953125
BTC-USD,2025-09-07,110221.328125,111591.078125,110211.625,111167.6171875,24618007520,111167.6171875
BTC-USD,2025-09-08,111163.015625,112869.234375,110630.609375,112071.4296875,40212813407,112071.4296875
BTC-USD,2025-09-09,112077.578125,113225.4375,110776.703125,111530.546875,45984480722,111530.546875
BTC-USD,2025-09-10,111531.25,114275.25,110940.078125,113955.359375,56377473784,113955.359375
BTC-USD,2025-09-11,113961.4296875,115522.546875,113453.8359375,115507.5390625,45685065332,115507.5390625
BTC-USD,2025-09-12,115507.7890625,116769.3828125,114794.484375,116101.578125,54785725894,116101.578125
BTC-USD,2025-09-13,116093.5625,116334.6328125,115248.2734375,115950.5078125,34549454947,115950.5078125
BTC-USD,2025-09-14,115950.2890625,116181.5,115222.3984375,115407.65625,32798036057,115407.65625
BTC-USD,2025-09-15,115399.6328125,116747.8828125,114461.0625,115444.875,52937859416,115444.875
BTC-USD,2025-09-16,115423.7578125,117005.2734375,114813.09375,116843.1875,45781744593,116843.1875
BTC-USD,2025-09-17,116840.5078125,117328.609375,114794.9765625,116468.5078125,60528025996,116468.5078125
BTC-USD,2025-09-18,116461.265625,117911.7890625,116188.796875,117137.203125,49457272032,117137.203125
BTC-USD,2025-09-19,117137.671875,117479.7578125,115141.8203125,115688.859375,38828473971,115688.859375
BTC-USD,2025-09-20,115691.125,116191.1484375,115473.5234375,115721.9609375,22864449614,115721.9609375
BTC-USD,2025-09-21,115730.2265625,115901.0859375,115252.578125,115306.09375,22495852193,115306.09375
BTC-USD,2025-09-22,115309.21875,115431.3125,112037.6484375,112748.5078125,70684158591,112748.5078125
BTC-USD,2025-09-23,112757.4765625,113351.9140625,111535.5703125,112014.5,47211853279,112014.5
BTC-USD,2025-09-24,112007.6640625,113986.2734375,111229.640625,113328.6328125,48044595085,113328.6328125
BTC-USD,2025-09-25,113330.1640625,113541.0859375,108713.3984375,109049.2890625,75528654284,109049.2890625
BTC-USD,2025-09-26,109041.296875,110359.1953125,108728.9765625,109712.828125,57738288949,109712.828125
BTC-USD,2025-09-27,109707.140625,109778.5,109144.296875,109681.9453125,26308042910,109681.9453125
BTC-USD,2025-09-28,109681.9453125,112375.484375,109236.9453125,112122.640625,33371048505,112122.640625
BTC-USD,2025-09-29,112117.875,114473.5703125,111589.953125,114400.3828125,60000147466,114400.3828125
BTC-USD,2025-09-30,114396.5234375,114836.6171875,112740.5625,114056.0859375,58986330258,114056.0859375
BTC-USD,2025-10-01,114057.59375,118648.9296875,113981.3984375,118648.9296875,71328680132,118648.9296875
BTC-USD,2025-10-02,118652.3828125,121086.40625,118383.15625,120681.2578125,71415163912,120681.2578125
BTC-USD,2025-10-03,120656.984375,123944.703125,119344.3125,122266.53125,83941392228,122266.53125
BTC-USD,2025-10-04,122267.46875,122857.640625,121577.5703125,122425.4296875,36769171735,122425.4296875
BTC-USD,2025-10-05,122419.671875,125559.2109375,122191.9609375,123513.4765625,73689317763,123513.4765625
BTC-USD,2025-10-06,123510.453125,126198.0703125,123196.046875,124752.53125,72568881188,124752.53125
BTC-USD,2025-10-07,124752.140625,125184.0234375,120681.96875,121451.3828125,76149412513,121451.3828125
BTC-USD,2025-10-08,121448.3515625,124167.09375,121119.1796875,123354.8671875,65354305286,123354.8671875
BTC-USD,2025-10-09,123337.0703125,123739.34375,119812.03125,121705.5859375,74653009425,121705.5859375
BTC-USD,2025-10-10,121704.7421875,122509.6640625,104582.4140625,113214.3671875,153125018868,113214.3671875
BTC-USD,2025-10-11,113236.4296875,113429.7265625,109760.5625,110807.8828125,110236934340,110807.8828125
BTC-USD,2025-10-12,110811.515625,115805.0625,109715.5390625,115169.765625,93710414091,115169.765625
BTC-USD,2025-10-13,115161.6796875,116020.484375,113821.1875,115271.078125,71582026739,115271.078125
BTC-USD,2025-10-14,115264.8828125,115502.8828125,110029.484375,113118.6640625,92212917403,113118.6640625
BTC-USD,2025-10-15,113113.96875,113622.3828125,110235.8359375,110783.1640625,72574132855,110783.1640625
BTC-USD,2025-10-16,110782.171875,111990.8125,107537.03125,108186.0390625,87306423067,108186.0390625
BTC-USD,2025-10-17,108179.1328125,109235.8046875,103598.4296875,106467.7890625,99703051669,106467.7890625
BTC-USD,2025-10-18,106483.734375,107490.984375,106387.453125,107198.265625,37779905278,107198.265625
BTC-USD,2025-10-19,107204.3125,109488.9921875,106157.7890625,108666.7109375,47657008953,108666.7109375
BTC-USD,2025-10-20,108667.4453125,111711.03125,107485.015625,110588.9296875,63507793085,110588.9296875
BTC-USD,2025-10-21,110587.6328125,113996.34375,107534.75,108476.890625,101194375480,108476.890625
BTC-USD,2025-10-22,108491.53125,109115.1328125,106778,107688.5859375,80807013218,107688.5859375
BTC-USD,2025-10-23,107679.4375,111288.59375,107548.4296875,110069.7265625,54944076060,110069.7265625
BTC-USD,2025-10-24,110069.3515625,111842.53125,109770.1484375,111033.921875,48160816980,111033.921875
BTC-USD,2025-10-25,111032.6171875,111947.703125,110704.40625,111641.7265625,24707667305,111641.7265625
BTC-USD,2025-10-26,111639.0546875,115260.90625,111268.484375,114472.4453125,41708524143,114472.4453125
BTC-USD,2025-10-27,114479.8515625,116273.3125,113882.2890625,114119.328125,61761358733,114119.328125
BTC-USD,2025-10-28,114129.0859375,116078.984375,112291.6796875,112956.1640625,64528066504,112956.1640625
BTC-USD,2025-10-29,112921.328125,113642.7265625,109368.71875,110055.3046875,62192043469,110055.3046875
BTC-USD,2025-10-30,110059.1953125,111612.3515625,106376.6875,108305.546875,69673964814,108305.546875
BTC-USD,2025-10-31,108304.4140625,111031.8203125,108288.2734375,109556.1640625,60090359560,109556.1640625
BTC-USD,2025-11-01,109558.625,110574.8984375,109372.953125,110064.015625,25871668762,110064.015625
BTC-USD,2025-11-02,110064.4296875,111167.3125,109523.453125,110639.625,34284209459,110639.625
BTC-USD,2025-11-03,110646.90625,110764.9140625,105336.359375,106547.5234375,72852006359,106547.5234375
BTC-USD,2025-11-04,106541.421875,107264.8828125,98962.0625,101590.5234375,110967184773,101590.5234375
BTC-USD,2025-11-05,101579.234375,104534.703125,98989.9140625,103891.8359375,77584934804,103891.8359375
BTC-USD,2025-11-06,103893.6640625,104147.3046875,100336.8671875,101301.2890625,63932752861,101301.2890625
BTC-USD,2025-11-07,101286.2421875,104052.9140625,99257.0546875,103372.40625,92168030081,103372.40625
BTC-USD,2025-11-08,103371.703125,103373.5625,101458.0390625,102282.1171875,51446691095,102282.1171875
BTC-USD,2025-11-09,102278.984375,105418.3671875,101468.875,104719.640625,59679243013,104719.640625
BTC-USD,2025-11-10,104723.7734375,106564.6953125,104350.6484375,105996.59375,69585887229,105996.59375
BTC-USD,2025-11-11,105996.859375,107428.2578125,102457.328125,102997.46875,71130078574,102997.46875
BTC-USD,2025-11-12,103011.4375,105297.234375,100836.6171875,101663.1875,64347179408,101663.1875
BTC-USD,2025-11-13,101674.1484375,104005.4921875,97988.71875,99697.4921875,101546815416,99697.4921875
BTC-USD,2025-11-14,99694.703125,99804.4296875,94000.734375,94397.7890625,114346441890,94397.7890625
BTC-USD,2025-11-15,94420.46875,96728.46875,94420.46875,95549.1484375,38500716654,95549.1484375
BTC-USD,2025-11-16,95556.8671875,96564.1875,92971.1640625,94177.078125,71086235862,94177.078125
BTC-USD,2025-11-17,94180.875,95928.3671875,91214.7578125,92093.875,94186165724,92093.875
BTC-USD,2025-11-18,92094.53125,93745.078125,89300.4609375,92948.875,101333569062,92948.875
BTC-USD,2025-11-19,92946.1640625,92946.1640625,88526.828125,91465.9921875,80350354656,91465.9921875
BTC-USD,2025-11-20,91459.3515625,93025.0703125,86040.796875,86631.8984375,97970645638,86631.8984375
BTC-USD,2025-11-21,86528.7734375,87380.8046875,80659.8125,85090.6875,129157506112,85090.6875
BTC-USD,2025-11-22,85098.5625,85503.0078125,83490.8984375,84648.359375,40793099246,84648.359375
BTC-USD,2025-11-23,84648.609375,88038.46875,84641.7734375,86805.0078125,58083435576,86805.0078125
BTC-USD,2025-11-24,86798.7734375,89206.3359375,85272.1953125,88270.5625,74433896110,88270.5625
BTC-USD,2025-11-25,88269.9609375,88457.3359375,86131.4296875,87341.890625,64837343545,87341.890625
BTC-USD,2025-11-26,87345.5859375,90581.15625,86316.8984375,90518.3671875,66496301869,90518.3671875
BTC-USD,2025-11-27,90517.765625,91897.578125,90089.515625,91285.375,57040622845,91285.375
BTC-USD,2025-11-28,91285.3828125,92969.0859375,90257.1171875,90919.265625,60895830289,90919.265625
BTC-USD,2025-11-29,90918.7421875,91187.6171875,90260.1875,90851.7578125,37921773455,90851.7578125
BTC-USD,2025-11-30,90838.2109375,91965.046875,90394.3125,90394.3125,38497902869,90394.3125
BTC-USD,2025-12-01,90389.109375,90398.15625,83862.25,86321.5703125,87962894424,86321.5703125
BTC-USD,2025-12-02,86322.5390625,92316.6328125,86202.1953125,91350.203125,78546798211,91350.203125
BTC-USD,2025-12-03,91345.09375,94060.7734375,91056.390625,93527.8046875,77650204986,93527.8046875
BTC-USD,2025-12-04,93454.2578125,94038.2421875,90976.1015625,92141.625,64538402681,92141.625
BTC-USD,2025-12-05,92133.6484375,92702.640625,88152.140625,89387.7578125,63256398633,89387.7578125
BTC-USD,2025-12-06,89389.359375,90267.4609375,88951.6640625,89272.375,37994042405,89272.375
BTC-USD,2025-12-07,89277.8125,91740.84375,87799.5625,90405.640625,47394898960,90405.640625
BTC-USD,2025-12-08,90424.5859375,92267.1171875,89644.890625,90640.203125,57394099056,90640.203125
BTC-USD,2025-12-09,90639.703125,94601.5703125,89586.9765625,92691.7109375,66861721440,92691.7109375
BTC-USD,2025-12-10,92695.234375,94477.15625,91640.1328125,92020.9453125,65420694513,92020.9453125
BTC-USD,2025-12-11,92011.3046875,93554.265625,89335.296875,92511.3359375,64532834621,92511.3359375
BTC-USD,2025-12-12,92513.6640625,92747.9296875,89532.6015625,90270.4140625,80275884583,90270.4140625
BTC-USD,2025-12-13,90257.796875,90647.5703125,89800.9921875,90298.7109375,64237748110,90298.7109375
BTC-USD,2025-12-14,90296.4375,90498.109375,87634.9375,88175.1796875,50465972205,88175.1796875
BTC-USD,2025-12-15,88171.078125,89983.921875,85304.078125,86419.78125,45559514323,86419.78125
BTC-USD,2025-12-16,86424.40625,88170.09375,85381.6875,87843.984375,41262178223,87843.984375
BTC-USD,2025-12-17,87847.6171875,90264.5703125,85316.265625,86143.7578125,44243392914,86143.7578125
BTC-USD,2025-12-18,86144.3671875,89412.6640625,84436.3125,85462.5078125,52667115348,85462.5078125
BTC-USD,2025-12-19,85476.1328125,89339.1171875,85107.6640625,88103.3828125,46733310561,88103.3828125
BTC-USD,2025-12-20,88101.671875,88497.203125,87924.875,88344,14688196659,88344
BTC-USD,2025-12-21,88344.703125,89027.953125,87613.203125,88621.75,19845522660,88621.75
BTC-USD,2025-12-22,88621.3984375,90501.9296875,87908.0703125,88490.015625,38047472118,88490.015625
BTC-USD,2025-12-23,88490.03125,88898.3828125,86606.9765625,87414,43683011533,87414
BTC-USD,2025-12-24,87404.3203125,87956.8828125,86411.796875,87611.9609375,25550297986,87611.9609375
BTC-USD,2025-12-25,87608.3203125,88501.7890625,86949.2578125,87234.7421875,19953216347,87234.7421875
BTC-USD,2025-12-26,87235.5078125,89459.4296875,86628.140625,87301.4296875,42455674908,87301.4296875
BTC-USD,2025-12-27,87301.4296875,87874.78125,87182.9765625,87802.15625,13741199310,87802.15625
BTC-USD,2025-12-28,87799.34375,87986.890625,87394.953125,87835.8359375,15156557929,87835.8359375
BTC-USD,2025-12-29,87835.7890625,90299.15625,86717.9140625,87138.140625,48411625849,87138.140625
BTC-USD,2025-12-30,87134.3515625,89297.9375,86735.546875,88430.1328125,35586356225,88430.1328125
BTC-USD,2025-12-31,88429.5859375,89080.2890625,87130.5625,87508.828125,33830210616,87508.828125
BTC-USD,2026-01-01,87508.046875,88803.2265625,87399.40625,88731.984375,18849043990,88731.984375
BTC-USD,2026-01-02,88733.0625,90884.4609375,88298.6171875,89944.6953125,46398906171,89944.6953125
BTC-USD,2026-01-03,89945.0546875,90679.5703125,89328.0703125,90603.1875,20774828592,90603.1875
BTC-USD,2026-01-04,90603,91712.5859375,90595.1015625,91413.4921875,26770491368,91413.4921875
BTC-USD,2026-01-05,91414.625,94762.0703125,91414.625,93882.5546875,53376407252,93882.5546875
BTC-USD,2026-01-06,93876.9453125,94395.296875,91286.546875,93729.03125,52430605257,93729.03125
BTC-USD,2026-01-07,93727.46875,93738.7890625,90601.8046875,91308.0546875,43461295053,91308.0546875
BTC-USD,2026-01-08,91309.640625,91485.8515625,89233.875,91027.125,42386697030,91027.125
BTC-USD,2026-01-09,91026.2734375,91910.671875,89625.3828125,90513.1015625,38305906684,90513.1015625
BTC-USD,2026-01-10,90510.1015625,90713.03125,90283.3984375,90386.6484375,12385895282,90386.6484375
BTC-USD,2026-01-11,90385.359375,91155.2265625,90212.0234375,90827.4609375,17165568977,90827.4609375
BTC-USD,2026-01-12,90825.859375,92395.5234375,90055.0234375,91192.9921875,41346275358,91192.9921875
BTC-USD,2026-01-13,91185.3359375,96011.625,90941.9296875,95321.78125,54980674354,95321.78125
BTC-USD,2026-01-14,95322.90625,97860.6015625,94583.046875,96929.328125,60592490863,96929.328125
BTC-USD,2026-01-15,96931.2890625,97150.171875,95103.2421875,95551.1875,53086363027,95551.1875
BTC-USD,2026-01-16,95554.1015625,95801.890625,94259.2734375,95525.1171875,33248170537,95525.1171875
BTC-USD,2026-01-17,95525.15625,95598.4765625,95005.6171875,95099.921875,16021715122,95099.921875
BTC-USD,2026-01-18,95101.1796875,95491.5078125,93588.8671875,93634.4296875,20809781232,93634.4296875
BTC-USD,2026-01-19,93655.671875,93660.828125,92089.25,92553.59375,39195241508,92553.59375
BTC-USD,2026-01-20,92553.6015625,92798.4296875,87814.9296875,88310.90625,53072968031,88310.90625
BTC-USD,2026-01-21,88326.5078125,90430.40625,87231.5703125,89376.9609375,56330422434,89376.9609375
BTC-USD,2026-01-22,89378.5234375,90258.9609375,88438.4453125,89462.453125,35549685694,89462.453125
BTC-USD,2026-01-23,89462.046875,91100.25,88486.359375,89503.875,38997586037,89503.875
BTC-USD,2026-01-24,89506.1484375,89811.609375,89044.2890625,89110.734375,14558687712,89110.734375
BTC-USD,2026-01-25,89104.765625,89193.1484375,86003.7109375,86572.21875,36124986722,86572.21875
BTC-USD,2026-01-26,86566.5234375,88743.0703125,86429.2890625,88267.140625,45329286974,88267.140625
BTC-USD,2026-01-27,88257.4765625,89427.125,87228.921875,89102.5703125,38744942267,89102.5703125
BTC-USD,2026-01-28,89104.046875,90439.2890625,88721.4609375,89184.5703125,39807419296,89184.5703125
BTC-USD,2026-01-29,89169.8515625,89200.78125,83250.6015625,84561.5859375,64653083162,84561.5859375
BTC-USD,2026-01-30,84562.7265625,84602.1640625,81071.4765625,84128.65625,72083816087,84128.65625
BTC-USD,2026-01-31,84126.5,84136.921875,75815.8828125,78621.1171875,70479259159,78621.1171875
BTC-USD,2026-02-01,78626.125,79322.609375,75698.8984375,76974.4453125,53372509744,76974.4453125
BTC-USD,2026-02-02,76968.875,79258.609375,74551.3359375,78688.765625,75140589684,78688.765625
BTC-USD,2026-02-03,78693.5078125,79118.8515625,72897.140625,75633.546875,68249110822,75633.546875
BTC-USD,2026-02-04,75640.09375,76864.65625,71779.9296875,73019.703125,67215363944,73019.703125
BTC-USD,2026-02-05,73016.375,73161.5546875,62353.53515625,62702.09765625,125509410908,62702.09765625
BTC-USD,2026-02-06,62704.453125,71681.3046875,60074.203125,70555.390625,114674259489,70555.390625
BTC-USD,2026-02-07,70553.796875,71611.1484375,67364.4453125,69281.96875,62347107663,69281.96875
BTC-USD,2026-02-08,69283.7265625,72206.90625,68852.8984375,70264.7265625,39721722619,70264.7265625
BTC-USD,2026-02-09,70243.328125,71369.96875,68291.03125,70120.78125,52081598792,70120.78125
BTC-USD,2026-02-10,70137.390625,70464.265625,67913.09375,68793.9609375,40593063077,68793.9609375
BTC-USD,2026-02-11,68791.859375,69242.6796875,65757.3046875,66991.96875,49671946030,66991.96875
BTC-USD,2026-02-12,66992.1953125,68339.4921875,65092.109375,66221.84375,44651071271,66221.84375
BTC-USD,2026-02-13,66213.375,69382.8359375,65835.78125,68857.84375,40820775886,68857.84375
BTC-USD,2026-02-14,68856.984375,70481.1640625,68706.6171875,69767.625,36012397645,69767.625
BTC-USD,2026-02-15,NA,NA,NA,NA,NA,NA
ETH-USD,2022-01-01,3683.047119140625,3769.91796875,3682.28662109375,3769.697021484375,9776191466,3769.697021484375
ETH-USD,2022-01-02,3769.29833984375,3836.161865234375,3727.357421875,3829.56494140625,9881471548,3829.56494140625
ETH-USD,2022-01-03,3829.53564453125,3836.19873046875,3698.047607421875,3761.38037109375,12080777893,3761.38037109375
ETH-USD,2022-01-04,3761.361572265625,3876.78515625,3723.349853515625,3794.056640625,14030925983,3794.056640625
ETH-USD,2022-01-05,3794.26904296875,3842.059814453125,3456.745361328125,3550.386962890625,18061338502,3550.386962890625
ETH-USD,2022-01-06,3549.708984375,3549.708984375,3335.376708984375,3418.408203125,24293791313,3418.408203125
ETH-USD,2022-01-07,3417.837890625,3420.4619140625,3117.38134765625,3193.21044921875,24494179209,3193.21044921875
ETH-USD,2022-01-08,3193.50244140625,3240.304443359375,3020.880859375,3091.97265625,16037732700,3091.97265625
ETH-USD,2022-01-09,3091.6962890625,3206.790771484375,3075.911376953125,3157.75146484375,12334683863,3157.75146484375
ETH-USD,2022-01-10,3157.570556640625,3177.21337890625,2947.68359375,3083.097900390625,19535744145,3083.097900390625
ETH-USD,2022-01-11,3082.990966796875,3247.511962890625,3061.140625,3238.111572265625,15211447193,3238.111572265625
ETH-USD,2022-01-12,3238.449951171875,3401.219970703125,3216.718017578125,3372.25830078125,16662871689,3372.25830078125
ETH-USD,2022-01-13,3372.10498046875,3396.9697265625,3247.91748046875,3248.28857421875,15294466275,3248.28857421875
ETH-USD,2022-01-14,3248.648681640625,3330.76611328125,3203.82373046875,3310.00146484375,13562957230,3310.00146484375
ETH-USD,2022-01-15,3309.84423828125,3364.537841796875,3278.6708984375,3330.53076171875,9619999078,3330.53076171875
ETH-USD,2022-01-16,3330.38720703125,3376.401123046875,3291.563720703125,3350.921875,9505934874,3350.921875
ETH-USD,2022-01-17,3350.947265625,3355.8193359375,3157.22412109375,3212.304931640625,12344309617,3212.304931640625
ETH-USD,2022-01-18,3212.28759765625,3236.01611328125,3096.12353515625,3164.025146484375,13024154091,3164.025146484375
ETH-USD,2022-01-19,3163.850341796875,3171.158447265625,3055.21240234375,3095.825927734375,13187424144,3095.825927734375
ETH-USD,2022-01-20,3095.271728515625,3265.3369140625,3000.908203125,3001.1201171875,10645922764,3001.1201171875
ETH-USD,2022-01-21,3002.956787109375,3029.0810546875,2496.81298828125,2557.931640625,26796291874,2557.931640625
ETH-USD,2022-01-22,2561.145263671875,2615.247314453125,2330.247314453125,2405.18115234375,27369692036,2405.18115234375
ETH-USD,2022-01-23,2406.92431640625,2542.144775390625,2381.51513671875,2535.0390625,16481489511,2535.0390625
ETH-USD,2022-01-24,2535.89111328125,2537.20849609375,2172.30126953125,2440.352294921875,28220804648,2440.352294921875
ETH-USD,2022-01-25,2440.3935546875,2498.507080078125,2359.384765625,2455.93505859375,16179776932,2455.93505859375
ETH-USD,2022-01-26,2455.5791015625,2705.7841796875,2417.68310546875,2468.0302734375,21229909340,2468.0302734375
ETH-USD,2022-01-27,2467.1884765625,2510.45166015625,2328.4521484375,2423.001220703125,16126522783,2423.001220703125
ETH-USD,2022-01-28,2421.64697265625,2548.778564453125,2367.833740234375,2547.092041015625,14666227351,2547.092041015625
ETH-USD,2022-01-29,2546.590576171875,2627.609375,2526.98974609375,2597.084716796875,11172062661,2597.084716796875
ETH-USD,2022-01-30,2598.56494140625,2631.408447265625,2550.4609375,2603.466552734375,9501221177,2603.466552734375
ETH-USD,2022-01-31,2603.263427734375,2697.7353515625,2489.072265625,2688.27880859375,13778234614,2688.27880859375
ETH-USD,2022-02-01,2687.89892578125,2802.3154296875,2682.621826171875,2792.1171875,13194846235,2792.1171875
ETH-USD,2022-02-02,2791.958984375,2802.212158203125,2630.120361328125,2682.85400390625,13876301217,2682.85400390625
ETH-USD,2022-02-03,2682.22607421875,2712.482666015625,2587.783447265625,2679.16259765625,12755505065,2679.16259765625
ETH-USD,2022-02-04,2681.0576171875,2983.5869140625,2675.44384765625,2983.5869140625,18987223729,2983.5869140625
ETH-USD,2022-02-05,2984.446044921875,3054.130126953125,2966.781005859375,3014.648193359375,13102093957,3014.648193359375
ETH-USD,2022-02-06,3014.959716796875,3061.26123046875,2965.429931640625,3057.47607421875,9466018022,3057.47607421875
ETH-USD,2022-02-07,3057.422119140625,3182.5283203125,3002.927001953125,3142.470703125,15197063785,3142.470703125
ETH-USD,2022-02-08,3143.008544921875,3219.47265625,3038.3779296875,3122.608642578125,17136080906,3122.608642578125
ETH-USD,2022-02-09,3121.1826171875,3263.15576171875,3063.16015625,3239.45703125,13951308490,3239.45703125
ETH-USD,2022-02-10,3240.113037109375,3271.316162109375,3070.378173828125,3077.482177734375,18629485080,3077.482177734375
ETH-USD,2022-02-11,3077.4130859375,3127.45068359375,2888.707763671875,2927.383544921875,16043881065,2927.383544921875
ETH-USD,2022-02-12,2927.386474609375,2980.079345703125,2870.177001953125,2917.36279296875,11254355757,2917.36279296875
ETH-USD,2022-02-13,2916.78955078125,2947.776611328125,2845.397705078125,2883.46337890625,9054963563,2883.46337890625
ETH-USD,2022-02-14,2880.187744140625,2957.963623046875,2840.257568359375,2933.47900390625,12164552172,2933.47900390625
ETH-USD,2022-02-15,2933.72900390625,3185.520751953125,2917.857177734375,3179.877197265625,13921257873,3179.877197265625
ETH-USD,2022-02-16,3180.44677734375,3181.616943359375,3055.168212890625,3127.830078125,12352406833,3127.830078125
ETH-USD,2022-02-17,3126.8583984375,3154.615234375,2861.85205078125,2881.48193359375,15860206214,2881.48193359375
ETH-USD,2022-02-18,2884.340576171875,2937.30859375,2761.643310546875,2785.7275390625,15748173433,2785.7275390625
ETH-USD,2022-02-19,2784.872802734375,2826.347900390625,2707.37841796875,2763.701171875,9774183169,2763.701171875
ETH-USD,2022-02-20,2763.756591796875,2763.756591796875,2585.9462890625,2628.6484375,11641437834,2628.6484375
ETH-USD,2022-02-21,2627.66552734375,2752.45849609375,2568.25439453125,2573.816162109375,18646392740,2573.816162109375
ETH-USD,2022-02-22,2572.898681640625,2648.916748046875,2510.6787109375,2639.29931640625,16360200507,2639.29931640625
ETH-USD,2022-02-23,2639.447021484375,2741.368408203125,2587.412841796875,2590.359619140625,13382637240,2590.359619140625
ETH-USD,2022-02-24,2588.166259765625,2689.047607421875,2308.914794921875,2598.067138671875,29312342666,2598.067138671875
ETH-USD,2022-02-25,2598.436279296875,2821.972412109375,2579.2080078125,2764.53564453125,17208902048,2764.53564453125
ETH-USD,2022-02-26,2764.989501953125,2849.424072265625,2745.009033203125,2781.11181640625,11724648351,2781.11181640625
ETH-USD,2022-02-27,2780.50439453125,2831.12548828125,2581.61572265625,2621.8017578125,16150857254,2621.8017578125
ETH-USD,2022-02-28,2621.172119140625,2929.180419921875,2586.38818359375,2919.201171875,19266124733,2919.201171875
ETH-USD,2022-03-01,2919.77587890625,3029.651611328125,2868.93896484375,2972.485107421875,18757425786,2972.485107421875
ETH-USD,2022-03-02,2972.471923828125,3026.8681640625,2919.943115234375,2950.118408203125,16636517503,2950.118408203125
ETH-USD,2022-03-03,2950.15673828125,2964.67333984375,2797.3193359375,2834.468994140625,13091199728,2834.468994140625
ETH-USD,2022-03-04,2834.9873046875,2835.17626953125,2587.748291015625,2617.156005859375,14496939024,2617.156005859375
ETH-USD,2022-03-05,2618.4736328125,2679.1025390625,2596.989990234375,2664.8310546875,8072368396,2664.8310546875
ETH-USD,2022-03-06,2664.943603515625,2673.63720703125,2555.037353515625,2555.037353515625,8872976607,2555.037353515625
ETH-USD,2022-03-07,2555.297607421875,2639.943115234375,2455.59375,2497.771240234375,14594098731,2497.771240234375
ETH-USD,2022-03-08,2497.721435546875,2618.166015625,2489.755126953125,2576.74755859375,13922922903,2576.74755859375
ETH-USD,2022-03-09,2577.165283203125,2761.79638671875,2573.6552734375,2729.783447265625,14173665398,2729.783447265625
ETH-USD,2022-03-10,2729.116455078125,2729.116455078125,2566.193115234375,2608.048583984375,13292477213,2608.048583984375
ETH-USD,2022-03-11,2608.271240234375,2664.55859375,2534.688232421875,2559.56298828125,12382419582,2559.56298828125
ETH-USD,2022-03-12,2559.66064453125,2606.438720703125,2559.126953125,2574.754150390625,6532996574,2574.754150390625
ETH-USD,2022-03-13,2573.488037109375,2594.5498046875,2503.88525390625,2518.944580078125,8632000379,2518.944580078125
ETH-USD,2022-03-14,2518.486328125,2604.034423828125,2505.29931640625,2590.696044921875,11244398839,2590.696044921875
ETH-USD,2022-03-15,2590.6689453125,2662.32958984375,2515.765869140625,2620.149658203125,12861105614,2620.149658203125
ETH-USD,2022-03-16,2620.028564453125,2781.30712890625,2610.764404296875,2772.0556640625,17915109769,2772.0556640625
ETH-USD,2022-03-17,2771.964111328125,2826.16064453125,2751.560791015625,2814.8544921875,12685265194,2814.8544921875
ETH-USD,2022-03-18,2814.4345703125,2973.6162109375,2774.855712890625,2945.343017578125,15830879093,2945.343017578125
ETH-USD,2022-03-19,2944.7216796875,2979.987060546875,2910.80224609375,2946.257080078125,11576463120,2946.257080078125
ETH-USD,2022-03-20,2946.547607421875,2956.965576171875,2826.107421875,2860.459228515625,12684727326,2860.459228515625
ETH-USD,2022-03-21,2860.103271484375,2954.556640625,2838.25048828125,2897.9765625,15206116098,2897.9765625
ETH-USD,2022-03-22,2897.774169921875,3040.3828125,2892.54443359375,2973.131103515625,16830539230,2973.131103515625
ETH-USD,2022-03-23,2973.14501953125,3036.752197265625,2933.306640625,3031.067138671875,16008767658,3031.067138671875
ETH-USD,2022-03-24,3031.060791015625,3118.3876953125,3012.32666015625,3108.06201171875,18070503166,3108.06201171875
ETH-USD,2022-03-25,3108.448974609375,3183.9580078125,3087.49072265625,3106.67138671875,17030503831,3106.67138671875
ETH-USD,2022-03-26,3106.4052734375,3146.825439453125,3091.825439453125,3143.178955078125,8876420740,3143.178955078125
ETH-USD,2022-03-27,3143.795654296875,3291.57763671875,3129.997802734375,3291.57763671875,13431866834,3291.57763671875
ETH-USD,2022-03-28,3292.322509765625,3424.019287109375,3279.027099609375,3336.634521484375,20620450770,3336.634521484375
ETH-USD,2022-03-29,3335.021240234375,3470.186279296875,3335.021240234375,3401.98779296875,19533323636,3401.98779296875
ETH-USD,2022-03-30,3401.526123046875,3435.2861328125,3349.237060546875,3385.157958984375,15302506131,3385.157958984375
ETH-USD,2022-03-31,3385.289306640625,3435.12841796875,3272.9345703125,3281.642822265625,17685495686,3281.642822265625
ETH-USD,2022-04-01,3282.576171875,3467.555908203125,3223.891357421875,3449.55224609375,20982988937,3449.55224609375
ETH-USD,2022-04-02,3449.78857421875,3521.28466796875,3442.000244140625,3445.059326171875,23571556215,3445.059326171875
ETH-USD,2022-04-03,3444.810546875,3573.960205078125,3421.259765625,3522.83349609375,15333808649,3522.83349609375
ETH-USD,2022-04-04,3522.364990234375,3535.148193359375,3422.0009765625,3521.2412109375,18209969743,3521.2412109375
ETH-USD,2022-04-05,3521.23974609375,3546.706787109375,3410.547607421875,3411.79248046875,16681503199,3411.79248046875
ETH-USD,2022-04-06,3411.672119140625,3411.672119140625,3171.205078125,3171.69189453125,25632563639,3171.69189453125
ETH-USD,2022-04-07,3172.197265625,3263.474609375,3155.5810546875,3233.274658203125,16745496605,3233.274658203125
ETH-USD,2022-04-08,3233.2724609375,3301.607421875,3179.142333984375,3192.073974609375,17557050669,3192.073974609375
ETH-USD,2022-04-09,3191.97607421875,3261.963134765625,3187.46923828125,3261.916259765625,9908112156,3261.916259765625
ETH-USD,2022-04-10,3261.29150390625,3303.003173828125,3211.866943359375,3211.866943359375,10427054790,3211.866943359375
ETH-USD,2022-04-11,3209.576904296875,3214.4619140625,2962.756591796875,2981.05224609375,21891804831,2981.05224609375
ETH-USD,2022-04-12,2981.420654296875,3077.45263671875,2957.872314453125,3030.37646484375,20235707410,3030.37646484375
ETH-USD,2022-04-13,3029.8779296875,3123.575439453125,3006.481689453125,3118.34423828125,16088473629,3118.34423828125
ETH-USD,2022-04-14,3117.82177734375,3139.9287109375,2988.435302734375,3019.909423828125,15821419931,3019.909423828125
ETH-USD,2022-04-15,3020.134521484375,3044.287353515625,3001.123291015625,3040.91650390625,11256651536,3040.91650390625
ETH-USD,2022-04-16,3041.123291015625,3074.886962890625,3016.421142578125,3062.310302734375,8766710365,3062.310302734375
ETH-USD,2022-04-17,3061.8818359375,3075.77587890625,2989.0439453125,2993.4033203125,10463091281,2993.4033203125
ETH-USD,2022-04-18,2993.48388671875,3062.52099609375,2893.912841796875,3057.606689453125,18629381299,3057.606689453125
ETH-USD,2022-04-19,3057.5703125,3125.084228515625,3035.53515625,3104.1064453125,14156035096,3104.1064453125
ETH-USD,2022-04-20,3103.93505859375,3157.8857421875,3045.288330078125,3077.745849609375,15547362265,3077.745849609375
ETH-USD,2022-04-21,3077.829345703125,3173.451416015625,2962.410400390625,2987.480712890625,20783591093,2987.480712890625
ETH-USD,2022-04-22,2986.938720703125,3024.8544921875,2942.358642578125,2964.835693359375,16782795477,2964.835693359375
ETH-USD,2022-04-23,2964.80224609375,2975.32275390625,2926.740234375,2938.114013671875,9116955609,2938.114013671875
ETH-USD,2022-04-24,2937.34716796875,2961.882080078125,2922.128662109375,2922.732666015625,9696829579,2922.732666015625
ETH-USD,2022-04-25,2922.990234375,3018.41552734375,2804.507080078125,3009.3935546875,22332690614,3009.3935546875
ETH-USD,2022-04-26,3008.9462890625,3026.4150390625,2786.253173828125,2808.29833984375,19052045399,2808.29833984375
ETH-USD,2022-04-27,2808.64599609375,2911.87744140625,2802.2734375,2888.9296875,17419284041,2888.9296875
ETH-USD,2022-04-28,2888.849853515625,2973.135009765625,2861.821533203125,2936.94091796875,18443524633,2936.94091796875
ETH-USD,2022-04-29,2936.776611328125,2943.44580078125,2782.435302734375,2815.601806640625,18771041399,2815.601806640625
ETH-USD,2022-04-30,2815.533447265625,2836.82763671875,2727.40625,2730.186767578125,13520941867,2730.186767578125
ETH-USD,2022-05-01,2729.994140625,2838.704345703125,2728.078857421875,2827.756103515625,15332730152,2827.756103515625
ETH-USD,2022-05-02,2827.614013671875,2874.14599609375,2785.52294921875,2857.410400390625,18609741545,2857.410400390625
ETH-USD,2022-05-03,2857.15234375,2859.193359375,2762.11865234375,2783.476318359375,13026093219,2783.476318359375
ETH-USD,2022-05-04,2783.131103515625,2956.686767578125,2779.273681640625,2940.644775390625,18186749944,2940.644775390625
ETH-USD,2022-05-05,2940.2265625,2948.960693359375,2704.916259765625,2749.213134765625,22642925048,2749.213134765625
ETH-USD,2022-05-06,2748.931640625,2754.837646484375,2645.335205078125,2694.979736328125,21027599270,2694.979736328125
ETH-USD,2022-05-07,2694.991943359375,2696.65283203125,2599.5234375,2636.093017578125,13369276367,2636.093017578125
ETH-USD,2022-05-08,2636.121826171875,2638.83056640625,2498.43017578125,2517.4599609375,20802269935,2517.4599609375
ETH-USD,2022-05-09,2518.50830078125,2528.258056640625,2238.062744140625,2245.430419921875,36333567678,2245.430419921875
ETH-USD,2022-05-10,2242.650390625,2450.76025390625,2206.7568359375,2343.510986328125,38202099639,2343.510986328125
ETH-USD,2022-05-11,2342.754150390625,2441.079345703125,2018.8555908203125,2072.108642578125,45743399154,2072.108642578125
ETH-USD,2022-05-12,2072.504638671875,2170.4580078125,1748.3031005859375,1961.7015380859375,42463486402,1961.7015380859375
ETH-USD,2022-05-13,1960.12255859375,2139.71337890625,1941.9759521484375,2014.418212890625,24816096567,2014.418212890625
ETH-USD,2022-05-14,2014.2806396484375,2063.429931640625,1956.572998046875,2056.27392578125,15457044616,2056.27392578125
ETH-USD,2022-05-15,2056.18310546875,2147.1943359375,2008.1627197265625,2145.706787109375,14846088335,2145.706787109375
ETH-USD,2022-05-16,2145.8369140625,2145.8369140625,1988.811767578125,2022.7259521484375,21459552191,2022.7259521484375
ETH-USD,2022-05-17,2022.88232421875,2113.059814453125,2015.9715576171875,2090.4091796875,18509929297,2090.4091796875
ETH-USD,2022-05-18,2090.4599609375,2102.32666015625,1916.6561279296875,1916.6561279296875,17740965589,1916.6561279296875
ETH-USD,2022-05-19,1916.1495361328125,2028.38818359375,1907.0205078125,2018.336181640625,18734247914,2018.336181640625
ETH-USD,2022-05-20,2018.0001220703125,2054.7958984375,1926.6767578125,1961.315673828125,15892482289,1961.315673828125
ETH-USD,2022-05-21,1961.0179443359375,1985.39599609375,1944.26513671875,1974.518310546875,8546822406,1974.518310546875
ETH-USD,2022-05-22,1974.670654296875,2047.19140625,1966.038818359375,2043.170166015625,10941123403,2043.170166015625
ETH-USD,2022-05-23,2042.3447265625,2080.33349609375,1964.3865966796875,1972.181884765625,16434529708,1972.181884765625
ETH-USD,2022-05-24,1972.390869140625,1991.5355224609375,1920.6881103515625,1978.9827880859375,13057109007,1978.9827880859375
ETH-USD,2022-05-25,1978.677001953125,2014.3695068359375,1943.9385986328125,1944.827880859375,13364545730,1944.827880859375
ETH-USD,2022-05-26,1945.0333251953125,1962.171142578125,1759.1995849609375,1803.913330078125,23458681818,1803.913330078125
ETH-USD,2022-05-27,1802.5438232421875,1814.656494140625,1721.2647705078125,1724.9228515625,25470760032,1724.9228515625
ETH-USD,2022-05-28,1724.635986328125,1757.9417724609375,1724.635986328125,1757.9417724609375,23214777872,1757.9417724609375
ETH-USD,2022-05-29,1792.1844482421875,1818.776611328125,1765.9373779296875,1812.031005859375,10642556101,1812.031005859375
ETH-USD,2022-05-30,1811.885986328125,2005.2108154296875,1804.4560546875,1996.4412841796875,19580808705,1996.4412841796875
ETH-USD,2022-05-31,1996.4080810546875,2005.490966796875,1932.35205078125,1942.3280029296875,18363115560,1942.3280029296875
ETH-USD,2022-06-01,1942.0506591796875,1965.1666259765625,1776.05322265625,1823.5693359375,21037797760,1823.5693359375
ETH-USD,2022-06-02,1822.412109375,1845.31396484375,1789.6641845703125,1834.1505126953125,17065041354,1834.1505126953125
ETH-USD,2022-06-03,1834.135009765625,1840.058837890625,1746.509765625,1775.07861328125,14878001811,1775.07861328125
ETH-USD,2022-06-04,1775.2208251953125,1810.2996826171875,1751.5333251953125,1801.6094970703125,8677951273,1801.6094970703125
ETH-USD,2022-06-05,1801.8189697265625,1825.859619140625,1777.13330078125,1805.2049560546875,8850385937,1805.2049560546875
ETH-USD,2022-06-06,1805.635986328125,1915.030517578125,1804.990234375,1859.2896728515625,16518471852,1859.2896728515625
ETH-USD,2022-06-07,1859.333740234375,1862.9149169921875,1729.41357421875,1814.04833984375,24020076750,1814.04833984375
ETH-USD,2022-06-08,1814.1007080078125,1830.676025390625,1770.231201171875,1793.572265625,18041476023,1793.572265625
ETH-USD,2022-06-09,1793.5128173828125,1827.2930908203125,1779.8675537109375,1789.8260498046875,12013083393,1789.8260498046875
ETH-USD,2022-06-10,1789.68994140625,1797.6077880859375,1663.4339599609375,1665.042236328125,18504740451,1665.042236328125
ETH-USD,2022-06-11,1665.2178955078125,1679.314208984375,1507.0389404296875,1529.6634521484375,21127089064,1529.6634521484375
ETH-USD,2022-06-12,1530.189697265625,1539.705078125,1436.1839599609375,1445.216552734375,23465074882,1445.216552734375
ETH-USD,2022-06-13,1443.83544921875,1448.738037109375,1181.9482421875,1204.582763671875,45162788786,1204.582763671875
ETH-USD,2022-06-14,1204.5552978515625,1252.4718017578125,1094.701904296875,1211.662841796875,33327826525,1211.662841796875
ETH-USD,2022-06-15,1211.365966796875,1236.6275634765625,1025.6842041015625,1233.2064208984375,37539999450,1233.2064208984375
ETH-USD,2022-06-16,1233.603515625,1246.140625,1058.7845458984375,1067.730712890625,18907671369,1067.730712890625
ETH-USD,2022-06-17,1067.9876708984375,1112.4715576171875,1060.86767578125,1086.519287109375,14591486540,1086.519287109375
ETH-USD,2022-06-18,1086.3779296875,1095.1668701171875,896.1090087890625,993.63677978515625,21655406608,993.63677978515625
ETH-USD,2022-06-19,993.400634765625,1142.3408203125,943.1163330078125,1127.656494140625,21795481981,1127.656494140625
ETH-USD,2022-06-20,1127.65625,1159.9853515625,1066.1131591796875,1127.6424560546875,19739691429,1127.6424560546875
ETH-USD,2022-06-21,1127.5118408203125,1185.4324951171875,1112.5726318359375,1124.8245849609375,15632089439,1124.8245849609375
ETH-USD,2022-06-22,1125.3729248046875,1126.26171875,1049.7633056640625,1051.421875,15010593493,1051.421875
ETH-USD,2022-06-23,1051.329345703125,1146.4942626953125,1050.2196044921875,1143.38671875,14657862919,1143.38671875
ETH-USD,2022-06-24,1143.2047119140625,1238.616943359375,1134.5140380859375,1226.8447265625,16981552654,1226.8447265625
ETH-USD,2022-06-25,1226.7247314453125,1246.394287109375,1184.56201171875,1243.4468994140625,12481946184,1243.4468994140625
ETH-USD,2022-06-26,1242.987548828125,1272.1312255859375,1199.4063720703125,1199.8316650390625,12096607824,1199.8316650390625
ETH-USD,2022-06-27,1199.713134765625,1234.1807861328125,1179.79248046875,1193.6806640625,12492225250,1193.6806640625
ETH-USD,2022-06-28,1193.2540283203125,1229.739013671875,1141.15966796875,1144.5792236328125,14023205651,1144.5792236328125
ETH-USD,2022-06-29,1144.5244140625,1152.684814453125,1092.09912109375,1098.94384765625,15386286815,1098.94384765625
ETH-USD,2022-06-30,1099.3531494140625,1103.6904296875,1009.0948486328125,1067.298828125,16350755497,1067.298828125
ETH-USD,2022-07-01,1068.3167724609375,1100.223876953125,1040.1507568359375,1059.767333984375,17499453625,1059.767333984375
ETH-USD,2022-07-02,1060.1212158203125,1073.0526123046875,1033.962158203125,1066.5128173828125,9935603640,1066.5128173828125
ETH-USD,2022-07-03,1066.4674072265625,1083.4189453125,1044.005615234375,1073.7669677734375,8557248150,1073.7669677734375
ETH-USD,2022-07-04,1073.7943115234375,1152.94384765625,1048.3963623046875,1151.05908203125,13670889311,1151.05908203125
ETH-USD,2022-07-05,1150.509765625,1165.6827392578125,1086.8299560546875,1134.541015625,16195518291,1134.541015625
ETH-USD,2022-07-06,1134.822265625,1193.63671875,1116.24755859375,1186.9739990234375,15373536703,1186.9739990234375
ETH-USD,2022-07-07,1186.9609375,1246.8948974609375,1165.6231689453125,1237.5933837890625,14230795894,1237.5933837890625
ETH-USD,2022-07-08,1237.580322265625,1262.8857421875,1200.6322021484375,1222.5062255859375,16315929082,1222.5062255859375
ETH-USD,2022-07-09,1222.306884765625,1228.7679443359375,1209.3775634765625,1216.978271484375,8821353104,1216.978271484375
ETH-USD,2022-07-10,1216.9044189453125,1216.9044189453125,1157.175537109375,1168.401611328125,10984558039,1168.401611328125
ETH-USD,2022-07-11,1168.1390380859375,1169.19384765625,1095.0028076171875,1097.236572265625,12064180410,1097.236572265625
ETH-USD,2022-07-12,1097.2591552734375,1097.2591552734375,1038.1356201171875,1038.191650390625,12583282453,1038.191650390625
ETH-USD,2022-07-13,1038.1866455078125,1113.587158203125,1019.2203369140625,1113.587158203125,18302588147,1113.587158203125
ETH-USD,2022-07-14,1113.5157470703125,1202.953369140625,1077.40576171875,1191.5262451171875,16688640823,1191.5262451171875
ETH-USD,2022-07-15,1191.6748046875,1275.7781982421875,1182.9031982421875,1233.129150390625,17411448225,1233.129150390625
ETH-USD,2022-07-16,1232.7916259765625,1377.944580078125,1195.60595703125,1352.62646484375,18364013796,1352.62646484375
ETH-USD,2022-07-17,1353.205078125,1378.41748046875,1329.7633056640625,1338.6357421875,16079711737,1338.6357421875
ETH-USD,2022-07-18,1338.8060302734375,1578.7178955078125,1338.8060302734375,1578.7178955078125,27440420623,1578.7178955078125
ETH-USD,2022-07-19,1578.3839111328125,1607.0330810546875,1501.7974853515625,1542.9752197265625,27753529276,1542.9752197265625
ETH-USD,2022-07-20,1542.954345703125,1612.645751953125,1500.80322265625,1520.20068359375,22942708340,1520.20068359375
ETH-USD,2022-07-21,1520.37451171875,1595.761962890625,1472.1854248046875,1576.74951171875,20009556587,1576.74951171875
ETH-USD,2022-07-22,1576.745361328125,1641.209228515625,1523.6417236328125,1537.4051513671875,18926100582,1537.4051513671875
ETH-USD,2022-07-23,1536.4573974609375,1591.632568359375,1495.6781005859375,1549.2974853515625,14998811383,1549.2974853515625
ETH-USD,2022-07-24,1549.2225341796875,1654.4287109375,1548.671142578125,1599.4766845703125,17217849557,1599.4766845703125
ETH-USD,2022-07-25,1599.1572265625,1605.3369140625,1445.3834228515625,1445.3834228515625,20585056021,1445.3834228515625
ETH-USD,2022-07-26,1445.151123046875,1445.151123046875,1362.95166015625,1441.8067626953125,18238563509,1441.8067626953125
ETH-USD,2022-07-27,1443.726806640625,1636.7994384765625,1423.618896484375,1636.232666015625,23007524016,1636.232666015625
ETH-USD,2022-07-28,1636.23193359375,1774.576416015625,1604.8909912109375,1725.4681396484375,27231399966,1725.4681396484375
ETH-USD,2022-07-29,1725.6239013671875,1759.884033203125,1662.7911376953125,1727.406982421875,23249531113,1727.406982421875
ETH-USD,2022-07-30,1727.0618896484375,1738.016845703125,1678.1080322265625,1695.969482421875,15576977870,1695.969482421875
ETH-USD,2022-07-31,1695.884765625,1745.8831787109375,1672.61279296875,1681.517333984375,14200735370,1681.517333984375
ETH-USD,2022-08-01,1681.445556640625,1700.1708984375,1613.416015625,1635.19580078125,16191371176,1635.19580078125
ETH-USD,2022-08-02,1634.6458740234375,1672.6297607421875,1567.85107421875,1632.9454345703125,20426082309,1632.9454345703125
ETH-USD,2022-08-03,1633.05126953125,1678.0982666015625,1595.634521484375,1618.87451171875,16786218830,1618.87451171875
ETH-USD,2022-08-04,1618.88671875,1658.5115966796875,1585.3265380859375,1608.205810546875,14467440626,1608.205810546875
ETH-USD,2022-08-05,1607.52392578125,1732.254638671875,1606.4970703125,1732.254638671875,18546491876,1732.254638671875
ETH-USD,2022-08-06,1732.6611328125,1744.326416015625,1691.6580810546875,1691.6580810546875,11757911705,1691.6580810546875
ETH-USD,2022-08-07,1691.7779541015625,1724.7891845703125,1672.908447265625,1699.350830078125,10252090340,1699.350830078125
ETH-USD,2022-08-08,1699.6934814453125,1806.886474609375,1697.407958984375,1775.51611328125,16841424404,1775.51611328125
ETH-USD,2022-08-09,1776.0712890625,1786.12255859375,1675.849853515625,1703.0250244140625,16368619692,1703.0250244140625
ETH-USD,2022-08-10,1702.906494140625,1869.400634765625,1665.0904541015625,1851.74267578125,23512477984,1851.74267578125
ETH-USD,2022-08-11,1851.828369140625,1927.939208984375,1851.828369140625,1881.22412109375,23826986482,1881.22412109375
ETH-USD,2022-08-12,1880.899169921875,1957.552978515625,1860.08349609375,1957.2464599609375,17168141904,1957.2464599609375
ETH-USD,2022-08-13,1957.333984375,2013.7557373046875,1948.59521484375,1981.3365478515625,16038975216,1981.3365478515625
ETH-USD,2022-08-14,1981.782470703125,2022.79150390625,1919.0101318359375,1936.802001953125,14062754456,1936.802001953125
ETH-USD,2022-08-15,1936.760498046875,2007.2103271484375,1881.8568115234375,1904.2281494140625,20349931313,1904.2281494140625
ETH-USD,2022-08-16,1902.8331298828125,1910.745361328125,1862.2734375,1878.139404296875,15637578930,1878.139404296875
ETH-USD,2022-08-17,1877.934326171875,1951.6756591796875,1823.5322265625,1832.9996337890625,20308508124,1832.9996337890625
ETH-USD,2022-08-18,1833.715576171875,1876.376953125,1826.957763671875,1847.0078125,14999352229,1847.0078125
ETH-USD,2022-08-19,1847.0953369140625,1847.0953369140625,1611.3388671875,1612.9873046875,25906358731,1612.9873046875
ETH-USD,2022-08-20,1612.650634765625,1652.21875,1534.298828125,1577.0037841796875,18334580263,1577.0037841796875
ETH-USD,2022-08-21,1576.5435791015625,1640.9365234375,1569.0465087890625,1619.3189697265625,15849221752,1619.3189697265625
ETH-USD,2022-08-22,1619.1668701171875,1622.77880859375,1535.0147705078125,1622.505859375,18557078599,1622.505859375
ETH-USD,2022-08-23,1622.9393310546875,1666.676513671875,1569.4285888671875,1662.7698974609375,18322041914,1662.7698974609375
ETH-USD,2022-08-24,1662.6954345703125,1686.5577392578125,1610.0992431640625,1657.0592041015625,16780932907,1657.0592041015625
ETH-USD,2022-08-25,1657.3365478515625,1718.1832275390625,1656.8560791015625,1696.45703125,14818795695,1696.45703125
ETH-USD,2022-08-26,1696.3245849609375,1698.56103515625,1498.771240234375,1507.7828369140625,26713710143,1507.7828369140625
ETH-USD,2022-08-27,1508.156982421875,1517.1500244140625,1454.282958984375,1491.39501953125,18120831899,1491.39501953125
ETH-USD,2022-08-28,1491.206787109375,1505.7919921875,1430.54736328125,1430.54736328125,12823572918,1430.54736328125
ETH-USD,2022-08-29,1430.439453125,1556.3095703125,1427.7283935546875,1553.037353515625,17965837488,1553.037353515625
ETH-USD,2022-08-30,1553.18896484375,1600.461181640625,1480.831787109375,1523.8388671875,21835784470,1523.8388671875
ETH-USD,2022-08-31,1524.2864990234375,1612.35888671875,1524.2864990234375,1553.6849365234375,20591680941,1553.6849365234375
ETH-USD,2022-09-01,1553.75634765625,1593.082763671875,1520.1883544921875,1586.1767578125,16434276817,1586.1767578125
ETH-USD,2022-09-02,1586.0179443359375,1643.1832275390625,1551.8779296875,1577.220458984375,17708478709,1577.220458984375
ETH-USD,2022-09-03,1577.2137451171875,1579.454345703125,1541.672119140625,1556.8726806640625,9516825994,1556.8726806640625
ETH-USD,2022-09-04,1556.8958740234375,1578.00927734375,1543.6988525390625,1577.6416015625,8884144998,1577.6416015625
ETH-USD,2022-09-05,1577.884033203125,1621.661376953125,1559.7818603515625,1617.1832275390625,13060541168,1617.1832275390625
ETH-USD,2022-09-06,1617.240234375,1680.5953369140625,1561.74853515625,1561.74853515625,22946059125,1561.74853515625
ETH-USD,2022-09-07,1560.90673828125,1651.0511474609375,1500.013671875,1629.9063720703125,19560363854,1629.9063720703125
ETH-USD,2022-09-08,1629.80517578125,1655.0640869140625,1603.0638427734375,1635.34765625,17621046717,1635.34765625
ETH-USD,2022-09-09,1635.187744140625,1735.809814453125,1632.8365478515625,1719.08544921875,20242323690,1719.08544921875
ETH-USD,2022-09-10,1718.9613037109375,1784.497802734375,1710.2969970703125,1776.2037353515625,13130928217,1776.2037353515625
ETH-USD,2022-09-11,1775.97607421875,1782.7298583984375,1730.164794921875,1761.800048828125,12464301922,1761.800048828125
ETH-USD,2022-09-12,1762.0848388671875,1778.1634521484375,1698.29345703125,1713.7652587890625,17688391310,1713.7652587890625
ETH-USD,2022-09-13,1713.9625244140625,1745.779052734375,1564.0318603515625,1580.7879638671875,23066821734,1580.7879638671875
ETH-USD,2022-09-14,1574.858154296875,1642.1572265625,1564.0318603515625,1634.7550048828125,17897150206,1634.7550048828125
ETH-USD,2022-09-15,1635.0830078125,1648.9456787109375,1466.139404296875,1471.6934814453125,26946275878,1471.6934814453125
ETH-USD,2022-09-16,1471.9283447265625,1480.564208984375,1415.581298828125,1432.44775390625,16764804299,1432.44775390625
ETH-USD,2022-09-17,1432.87646484375,1473.0604248046875,1415.0423583984375,1469.74169921875,10798098671,1469.74169921875
ETH-USD,2022-09-18,1469.7054443359375,1469.7054443359375,1331.4947509765625,1335.3291015625,15762284723,1335.3291015625
ETH-USD,2022-09-19,1335.270751953125,1388.272216796875,1287.4208984375,1377.5413818359375,18712714223,1377.5413818359375
ETH-USD,2022-09-20,1377.6190185546875,1381.9656982421875,1319.201416015625,1324.38818359375,14722317220,1324.38818359375
ETH-USD,2022-09-21,1324.215576171875,1384.4769287109375,1229.4267578125,1252.6077880859375,20643507800,1252.6077880859375
ETH-USD,2022-09-22,1251.5673828125,1336.1578369140625,1240.96826171875,1327.68017578125,18461527259,1327.68017578125
ETH-USD,2022-09-23,1327.481201171875,1353.288330078125,1270.1983642578125,1328.259521484375,18771106339,1328.259521484375
ETH-USD,2022-09-24,1328.24462890625,1346.2552490234375,1312.6402587890625,1317.9932861328125,12098209717,1317.9932861328125
ETH-USD,2022-09-25,1317.9384765625,1333.371337890625,1275.627685546875,1294.216796875,11802651633,1294.216796875
ETH-USD,2022-09-26,1294.3861083984375,1335.5263671875,1282.04931640625,1335.3201904296875,16034549271,1335.3201904296875
ETH-USD,2022-09-27,1335.3370361328125,1396.8914794921875,1308.991455078125,1330.127685546875,17870598937,1330.127685546875
ETH-USD,2022-09-28,1329.5413818359375,1351.9644775390625,1267.8692626953125,1337.410888671875,18994979566,1337.410888671875
ETH-USD,2022-09-29,1337.554443359375,1348.107666015625,1293.193359375,1335.65234375,13796915736,1335.65234375
ETH-USD,2022-09-30,1335.646484375,1368.743408203125,1320.3831787109375,1327.9786376953125,14250100093,1327.9786376953125
ETH-USD,2022-10-01,1328.1937255859375,1332.5164794921875,1306.1025390625,1311.6444091796875,6227961237,1311.6444091796875
ETH-USD,2022-10-02,1311.75341796875,1316.330078125,1275.3360595703125,1276.093505859375,7578351650,1276.093505859375
ETH-USD,2022-10-03,1276.1634521484375,1326.554443359375,1271.15087890625,1323.439208984375,10153070907,1323.439208984375
ETH-USD,2022-10-04,1323.2783203125,1364.970947265625,1320.07666015625,1362.1265869140625,10139774963,1362.1265869140625
ETH-USD,2022-10-05,1361.972900390625,1362.4517822265625,1320.8551025390625,1352.837158203125,9774451820,1352.837158203125
ETH-USD,2022-10-06,1352.806640625,1380.4049072265625,1349.449951171875,1351.70947265625,12033514861,1351.70947265625
ETH-USD,2022-10-07,1351.83642578125,1359.328125,1321.74609375,1332.5169677734375,10061619355,1332.5169677734375
ETH-USD,2022-10-08,1332.371337890625,1335.954833984375,1307.072998046875,1315.50048828125,5804676208,1315.50048828125
ETH-USD,2022-10-09,1315.460205078125,1327.6688232421875,1309.3446044921875,1322.604248046875,5486230123,1322.604248046875
ETH-USD,2022-10-10,1322.61865234375,1335.6627197265625,1291.337646484375,1291.337646484375,8794491050,1291.337646484375
ETH-USD,2022-10-11,1291.109619140625,1296.27392578125,1272.7376708984375,1279.57568359375,9274845260,1279.57568359375
ETH-USD,2022-10-12,1279.7322998046875,1303.0751953125,1277.5274658203125,1294.9063720703125,8355638578,1294.9063720703125
ETH-USD,2022-10-13,1294.9173583984375,1297.564208984375,1209.2781982421875,1288.1239013671875,17499038202,1288.1239013671875
ETH-USD,2022-10-14,1288.0487060546875,1339.7447509765625,1285.3782958984375,1297.422119140625,13113767755,1297.422119140625
ETH-USD,2022-10-15,1297.305908203125,1300.7459716796875,1268.468505859375,1274.8717041015625,6798512624,1274.8717041015625
ETH-USD,2022-10-16,1275.0054931640625,1312.634521484375,1275.0054931640625,1306.296630859375,7491625206,1306.296630859375
ETH-USD,2022-10-17,1306.3095703125,1335.6478271484375,1297.447265625,1331.713623046875,9401189650,1331.713623046875
ETH-USD,2022-10-18,1331.669921875,1339.0859375,1291.66064453125,1310.447021484375,10416747806,1310.447021484375
ETH-USD,2022-10-19,1310.5631103515625,1312.4423828125,1283.96533203125,1285.7442626953125,8350692785,1285.7442626953125
ETH-USD,2022-10-20,1285.6602783203125,1307.8551025390625,1275.323974609375,1283.200927734375,9009111996,1283.200927734375
ETH-USD,2022-10-21,1283.1881103515625,1305.081298828125,1260.666748046875,1299.9464111328125,10412565245,1299.9464111328125
ETH-USD,2022-10-22,1299.90234375,1317.10107421875,1295.9468994140625,1314.2991943359375,7175324564,1314.2991943359375
ETH-USD,2022-10-23,1314.24951171875,1367.7607421875,1302.9088134765625,1363.447021484375,9909510925,1363.447021484375
ETH-USD,2022-10-24,1363.4918212890625,1368.425537109375,1327.85400390625,1344.99853515625,13092820173,1344.99853515625
ETH-USD,2022-10-25,1344.7113037109375,1509.9854736328125,1336.9788818359375,1461.6654052734375,25367291294,1461.6654052734375
ETH-USD,2022-10-26,1461.1331787109375,1584.63671875,1460.4287109375,1566.566650390625,32705548427,1566.566650390625
ETH-USD,2022-10-27,1566.8414306640625,1574.4034423828125,1510.8167724609375,1514.3748779296875,22813499245,1514.3748779296875
ETH-USD,2022-10-28,1514.3231201171875,1568.6339111328125,1493.87109375,1555.4779052734375,19974623205,1555.4779052734375
ETH-USD,2022-10-29,1555.274658203125,1652.3822021484375,1549.983642578125,1619.698486328125,21618154775,1619.698486328125
ETH-USD,2022-10-30,1619.6978759765625,1637.037841796875,1579.4852294921875,1590.7833251953125,13930073427,1590.7833251953125
ETH-USD,2022-10-31,1590.4813232421875,1630.452880859375,1555.9189453125,1572.7144775390625,19306919714,1572.7144775390625
ETH-USD,2022-11-01,1572.6453857421875,1606.605712890625,1568.0985107421875,1579.70458984375,14507311208,1579.70458984375
ETH-USD,2022-11-02,1579.4979248046875,1613.41064453125,1507.2447509765625,1519.7117919921875,23254218281,1519.7117919921875
ETH-USD,2022-11-03,1519.724853515625,1556.7596435546875,1517.1016845703125,1531.541748046875,14248351007,1531.541748046875
ETH-USD,2022-11-04,1531.3975830078125,1661.334716796875,1529.2684326171875,1645.0933837890625,20806964347,1645.0933837890625
ETH-USD,2022-11-05,1645.156494140625,1660.4864501953125,1625.9642333984375,1627.968017578125,11006973190,1627.968017578125
ETH-USD,2022-11-06,1627.901123046875,1634.1324462890625,1572.2347412109375,1572.2347412109375,11632744705,1572.2347412109375
ETH-USD,2022-11-07,1572.0169677734375,1604.475341796875,1550.41552734375,1568.59130859375,15279963349,1568.59130859375
ETH-USD,2022-11-08,1568.32958984375,1574.7998046875,1259.443115234375,1332.8355712890625,42048003440,1332.8355712890625
ETH-USD,2022-11-09,1333.1224365234375,1335.7435302734375,1083.28564453125,1100.1697998046875,38864492427,1100.1697998046875
ETH-USD,2022-11-10,1100.107177734375,1341.7911376953125,1093.12255859375,1299.464599609375,28581002122,1299.464599609375
ETH-USD,2022-11-11,1298.8824462890625,1302.2952880859375,1211.32958984375,1287.2210693359375,20920539099,1287.2210693359375
ETH-USD,2022-11-12,1287.4383544921875,1288.15087890625,1242.1522216796875,1255.268310546875,10964962767,1255.268310546875
ETH-USD,2022-11-13,1255.4412841796875,1271.7125244140625,1208.52099609375,1221.8192138671875,10717455214,1221.8192138671875
ETH-USD,2022-11-14,1221.8955078125,1284.2176513671875,1178.4290771484375,1241.604248046875,15028035663,1241.604248046875
ETH-USD,2022-11-15,1241.677734375,1283.19873046875,1238.688232421875,1251.7362060546875,11798011594,1251.7362060546875
ETH-USD,2022-11-16,1251.808837890625,1264.486328125,1192.98779296875,1215.6025390625,11939561598,1215.6025390625
ETH-USD,2022-11-17,1215.8486328125,1224.9656982421875,1189.1527099609375,1200.80859375,9723646871,1200.80859375
ETH-USD,2022-11-18,1200.8021240234375,1226.7374267578125,1200.8021240234375,1212.30029296875,7979913378,1212.30029296875
ETH-USD,2022-11-19,1212.2154541015625,1227.8372802734375,1200.4755859375,1218.4267578125,5978745776,1218.4267578125
ETH-USD,2022-11-20,1218.436279296875,1224.0777587890625,1137.9332275390625,1142.4666748046875,9651002684,1142.4666748046875
ETH-USD,2022-11-21,1142.395751953125,1142.395751953125,1084.8572998046875,1108.35302734375,14080099208,1108.35302734375
ETH-USD,2022-11-22,1107.89599609375,1136.442626953125,1081.13818359375,1135.1734619140625,12040670755,1135.1734619140625
ETH-USD,2022-11-23,1135.4215087890625,1184.997314453125,1130.0228271484375,1183.1995849609375,11242676044,1183.1995849609375
ETH-USD,2022-11-24,1183.3450927734375,1211.62744140625,1180.3797607421875,1203.983154296875,9706372376,1203.983154296875
ETH-USD,2022-11-25,1203.7994384765625,1203.7994384765625,1174.8233642578125,1198.9259033203125,5483308196,1198.9259033203125
ETH-USD,2022-11-26,1198.79052734375,1227.0380859375,1198.097900390625,1205.89794921875,5074160558,1205.89794921875
ETH-USD,2022-11-27,1205.9052734375,1220.3494873046875,1195.0390625,1195.126953125,4486976868,1195.126953125
ETH-USD,2022-11-28,1194.9603271484375,1198.7376708984375,1156.0625,1170.086181640625,7275411870,1170.086181640625
ETH-USD,2022-11-29,1169.8743896484375,1222.1641845703125,1163.4775390625,1216.9012451171875,7639405818,1216.9012451171875
ETH-USD,2022-11-30,1216.9287109375,1302.0386962890625,1215.4979248046875,1295.6885986328125,9836925304,1295.6885986328125
ETH-USD,2022-12-01,1295.76953125,1295.9998779296875,1267.70849609375,1276.27392578125,6857935276,1276.27392578125
ETH-USD,2022-12-02,1276.32861328125,1294.3033447265625,1269.2431640625,1294.3033447265625,6213645709,1294.3033447265625
ETH-USD,2022-12-03,1294.45654296875,1299.84033203125,1241.431884765625,1243.3348388671875,5672609405,1243.3348388671875
ETH-USD,2022-12-04,1243.21923828125,1281.4923095703125,1242.9117431640625,1280.256591796875,5174128454,1280.256591796875
ETH-USD,2022-12-05,1279.9989013671875,1302.237548828125,1252.472412109375,1259.6767578125,6120359523,1259.6767578125
ETH-USD,2022-12-06,1259.854248046875,1271.9232177734375,1247.6298828125,1271.65380859375,5089212680,1271.65380859375
ETH-USD,2022-12-07,1271.5531005859375,1272.694091796875,1224.447998046875,1232.4375,5752205180,1232.4375
ETH-USD,2022-12-08,1232.4517822265625,1286.229736328125,1226.3585205078125,1281.1163330078125,6227269815,1281.1163330078125
ETH-USD,2022-12-09,1281.0772705078125,1290.055419921875,1260.8187255859375,1264.2847900390625,5706183865,1264.2847900390625
ETH-USD,2022-12-10,1264.37548828125,1279.5279541015625,1262.119873046875,1266.3841552734375,3282499999,1266.3841552734375
ETH-USD,2022-12-11,1266.4178466796875,1281.783203125,1260.6636962890625,1263.8685302734375,3362005848,1263.8685302734375
ETH-USD,2022-12-12,1263.573486328125,1275.6103515625,1243.477783203125,1274.6190185546875,5151109364,1274.6190185546875
ETH-USD,2022-12-13,1274.6624755859375,1341.4393310546875,1258.472412109375,1320.5491943359375,8812883119,1320.5491943359375
ETH-USD,2022-12-14,1320.6885986328125,1346.1744384765625,1305.8333740234375,1309.3287353515625,7830915428,1309.3287353515625
ETH-USD,2022-12-15,1309.1907958984375,1311.067138671875,1262.6893310546875,1266.3538818359375,6032859783,1266.3538818359375
ETH-USD,2022-12-16,1266.4605712890625,1278.156982421875,1162.1756591796875,1168.2593994140625,9297811507,1168.2593994140625
ETH-USD,2022-12-17,1168.0667724609375,1189.0450439453125,1165.4078369140625,1188.1495361328125,5077258586,1188.1495361328125
ETH-USD,2022-12-18,1188.1285400390625,1194.2144775390625,1176.185791015625,1184.7152099609375,3350092519,1184.7152099609375
ETH-USD,2022-12-19,1184.75830078125,1192.923828125,1160.377197265625,1167.60986328125,4943628091,1167.60986328125
ETH-USD,2022-12-20,1167.8826904296875,1224.0926513671875,1165.5994873046875,1217.70361328125,6684951715,1217.70361328125
ETH-USD,2022-12-21,1217.58642578125,1218.1922607421875,1206.4400634765625,1213.5999755859375,4217182733,1213.5999755859375
ETH-USD,2022-12-22,1213.672607421875,1221.98681640625,1187.1278076171875,1218.18212890625,5297471739,1218.18212890625
ETH-USD,2022-12-23,1218.079345703125,1226.998779296875,1215.994873046875,1220.159423828125,4835831923,1220.159423828125
ETH-USD,2022-12-24,1220.117919921875,1224.91162109375,1216.3387451171875,1221.1485595703125,2626153345,1221.1485595703125
ETH-USD,2022-12-25,1221.1715087890625,1223.517822265625,1203.7196044921875,1218.9620361328125,3942720070,1218.9620361328125
ETH-USD,2022-12-26,1218.920166015625,1226.974365234375,1214.3359375,1226.974365234375,3282098400,1226.974365234375
ETH-USD,2022-12-27,1226.987060546875,1230.4180908203125,1205.8956298828125,1212.7916259765625,4091530737,1212.7916259765625
ETH-USD,2022-12-28,1212.736572265625,1213.12890625,1185.7021484375,1189.986083984375,4991669631,1189.986083984375
ETH-USD,2022-12-29,1190.0101318359375,1204.1416015625,1188.3602294921875,1201.5953369140625,4132233940,1201.5953369140625
ETH-USD,2022-12-30,1201.569580078125,1202.03466796875,1187.4625244140625,1199.2327880859375,4055668253,1199.2327880859375
ETH-USD,2022-12-31,1199.360107421875,1205.088623046875,1194.2037353515625,1196.771240234375,3018513333,1196.771240234375
ETH-USD,2023-01-01,1196.713623046875,1203.475341796875,1192.8853759765625,1200.96484375,2399674550,1200.96484375
ETH-USD,2023-01-02,1201.103271484375,1219.860595703125,1195.2149658203125,1214.6566162109375,3765758498,1214.6566162109375
ETH-USD,2023-01-03,1214.7440185546875,1219.0953369140625,1207.4915771484375,1214.77880859375,3392972131,1214.77880859375
ETH-USD,2023-01-04,1214.7186279296875,1264.8074951171875,1213.1688232421875,1256.526611328125,6404416893,1256.526611328125
ETH-USD,2023-01-05,1256.484619140625,1258.571533203125,1245.173095703125,1250.4385986328125,4001786456,1250.4385986328125
ETH-USD,2023-01-06,1250.458984375,1273.2203369140625,1240.947509765625,1269.3790283203125,4977252792,1269.3790283203125
ETH-USD,2023-01-07,1269.4197998046875,1270.5982666015625,1262.2711181640625,1264.2703857421875,2565213548,1264.2703857421875
ETH-USD,2023-01-08,1264.181884765625,1287.3594970703125,1260.226806640625,1287.3594970703125,3495088905,1287.3594970703125
ETH-USD,2023-01-09,1287.4508056640625,1342.1441650390625,1286.6807861328125,1321.5389404296875,7990438824,1321.5389404296875
ETH-USD,2023-01-10,1321.3955078125,1342.7572021484375,1318.5272216796875,1336.5860595703125,5830173253,1336.5860595703125
ETH-USD,2023-01-11,1336.48681640625,1387.9327392578125,1323.5831298828125,1387.9327392578125,6314904311,1387.9327392578125
ETH-USD,2023-01-12,1405.3514404296875,1432.28125,1378.422119140625,1417.9384765625,12230193038,1417.9384765625
ETH-USD,2023-01-13,1417.9461669921875,1461.6727294921875,1404.02392578125,1451.6148681640625,7684148212,1451.6148681640625
ETH-USD,2023-01-14,1451.428466796875,1563.7391357421875,1450.9884033203125,1550.7069091796875,15444626014,1550.7069091796875
ETH-USD,2023-01-15,1550.7315673828125,1556.9508056640625,1520.893798828125,1552.4794921875,6774614499,1552.4794921875
ETH-USD,2023-01-16,1552.519287109375,1594.039794921875,1529.5736083984375,1576.83349609375,8454485431,1576.83349609375
ETH-USD,2023-01-17,1577.107421875,1594.0009765625,1553.3359375,1567.8460693359375,7599462786,1567.8460693359375
ETH-USD,2023-01-18,1567.698974609375,1602.106689453125,1509.4228515625,1515.5069580078125,10354880595,1515.5069580078125
ETH-USD,2023-01-19,1515.2496337890625,1557.9703369140625,1514.3800048828125,1552.5565185546875,6432638856,1552.5565185546875
ETH-USD,2023-01-20,1552.3736572265625,1659.8857421875,1544.9178466796875,1659.754150390625,8528894754,1659.754150390625
ETH-USD,2023-01-21,1659.7060546875,1674.1793212890625,1626.81298828125,1627.1181640625,8859250310,1627.1181640625
ETH-USD,2023-01-22,1627.365966796875,1658.0234375,1612.085693359375,1628.382080078125,7517988734,1628.382080078125
ETH-USD,2023-01-23,1628.55078125,1641.2181396484375,1607.903076171875,1628.2510986328125,8264507375,1628.2510986328125
ETH-USD,2023-01-24,1627.8482666015625,1639.723876953125,1551.3897705078125,1556.604248046875,8180274691,1556.604248046875
ETH-USD,2023-01-25,1556.8074951171875,1632.24169921875,1530.7978515625,1611.7110595703125,10598973448,1611.7110595703125
ETH-USD,2023-01-26,1611.0809326171875,1626.1982421875,1586.59814453125,1603.10595703125,8395315241,1603.10595703125
ETH-USD,2023-01-27,1603.080078125,1617.0008544921875,1565.2449951171875,1598.156494140625,8124465373,1598.156494140625
ETH-USD,2023-01-28,1598.1253662109375,1604.7041015625,1565.39013671875,1572.43505859375,5803653357,1572.43505859375
ETH-USD,2023-01-29,1572.6295166015625,1653.7249755859375,1568.98486328125,1646.1556396484375,8801292300,1646.1556396484375
ETH-USD,2023-01-30,1646.147705078125,1646.651611328125,1546.6607666015625,1567.3265380859375,9180418120,1567.3265380859375
ETH-USD,2023-01-31,1567.419921875,1598.517578125,1563.8043212890625,1586.535400390625,6585191019,1586.535400390625
ETH-USD,2023-02-01,1586.4881591796875,1644.7275390625,1566.8572998046875,1641.792724609375,8116969489,1641.792724609375
ETH-USD,2023-02-02,1641.365966796875,1704.4581298828125,1641.3226318359375,1643.2415771484375,10558081069,1643.2415771484375
ETH-USD,2023-02-03,1642.9046630859375,1670.6968994140625,1634.223388671875,1664.74560546875,8169519805,1664.74560546875
ETH-USD,2023-02-04,1664.4722900390625,1690.099609375,1648.189208984375,1667.0592041015625,5843302512,1667.0592041015625
ETH-USD,2023-02-05,1667.16650390625,1671.770263671875,1616.391845703125,1631.6458740234375,6926696531,1631.6458740234375
ETH-USD,2023-02-06,1631.645263671875,1653.7154541015625,1611.319091796875,1616.2470703125,6919871886,1616.2470703125
ETH-USD,2023-02-07,1616.0096435546875,1673.7978515625,1614.863037109375,1672.0035400390625,8030277434,1672.0035400390625
ETH-USD,2023-02-08,1671.9052734375,1688.5272216796875,1635.2650146484375,1650.716796875,7806089579,1650.716796875
ETH-USD,2023-02-09,1651.082275390625,1655.23486328125,1537.1822509765625,1546.438232421875,10524969124,1546.438232421875
ETH-USD,2023-02-10,1546.5965576171875,1553.32568359375,1504.83447265625,1514.869140625,8397387897,1514.869140625
ETH-USD,2023-02-11,1514.94189453125,1541.334716796875,1510.14697265625,1539.9267578125,5064007416,1539.9267578125
ETH-USD,2023-02-12,1539.7760009765625,1545.55419921875,1501.4620361328125,1515.03369140625,5319698775,1515.03369140625
ETH-USD,2023-02-13,1514.9169921875,1524.7314453125,1470.02392578125,1507.1658935546875,9363855114,1507.1658935546875
ETH-USD,2023-02-14,1506.9920654296875,1562.0343017578125,1497.1944580078125,1556.8751220703125,9249575045,1556.8751220703125
ETH-USD,2023-02-15,1556.76513671875,1674.289794921875,1545.689697265625,1673.7459716796875,10015035156,1673.7459716796875
ETH-USD,2023-02-16,1673.867431640625,1732.8011474609375,1638.1455078125,1640.067626953125,12704861676,1640.067626953125
ETH-USD,2023-02-17,1640.2801513671875,1716.7818603515625,1636.173828125,1694.7833251953125,9802443159,1694.7833251953125
ETH-USD,2023-02-18,1694.7418212890625,1705.30908203125,1683.670166015625,1691.8194580078125,5491437195,1691.8194580078125
ETH-USD,2023-02-19,1691.68017578125,1718.9476318359375,1673.9066162109375,1681.4361572265625,6959144003,1681.4361572265625
ETH-USD,2023-02-20,1682.3370361328125,1716.4893798828125,1659.2950439453125,1702.6751708984375,7703604237,1702.6751708984375
ETH-USD,2023-02-21,1702.7978515625,1714.28564453125,1642.396728515625,1658.036376953125,8721608198,1658.036376953125
ETH-USD,2023-02-22,1658.1409912109375,1663.996826171875,1604.8033447265625,1643.231689453125,9189387004,1643.231689453125
ETH-USD,2023-02-23,1643.298583984375,1674.6015625,1632.566162109375,1651.0738525390625,9013236167,1651.0738525390625
ETH-USD,2023-02-24,1650.8951416015625,1661.09130859375,1583.1478271484375,1608.3731689453125,8909129423,1608.3731689453125
ETH-USD,2023-02-25,1608.6583251953125,1608.8651123046875,1567.6317138671875,1594.9149169921875,5657686235,1594.9149169921875
ETH-USD,2023-02-26,1594.7611083984375,1645.2734375,1590.39306640625,1640.817138671875,5727967432,1640.817138671875
ETH-USD,2023-02-27,1640.763671875,1662.57568359375,1615.387939453125,1634.326416015625,7239824677,1634.326416015625
ETH-USD,2023-02-28,1634.50244140625,1644.435791015625,1602.4281005859375,1605.8951416015625,6323676957,1605.8951416015625
ETH-USD,2023-03-01,1606.0404052734375,1663.4337158203125,1601.548583984375,1663.4337158203125,7701847224,1663.4337158203125
ETH-USD,2023-03-02,1663.549072265625,1672.0511474609375,1622.5999755859375,1647.3193359375,7080950926,1647.3193359375
ETH-USD,2023-03-03,1647.5577392578125,1648.475341796875,1552.4515380859375,1569.1676025390625,9922240199,1569.1676025390625
ETH-USD,2023-03-04,1569.278076171875,1575.63720703125,1551.73681640625,1566.9239501953125,4389045367,1566.9239501953125
ETH-USD,2023-03-05,1567.1793212890625,1584.2088623046875,1559.9541015625,1564.46875,5020886238,1564.46875
ETH-USD,2023-03-06,1564.3831787109375,1579.456298828125,1557.363525390625,1567.398681640625,5245153345,1567.398681640625
ETH-USD,2023-03-07,1567.4246826171875,1579.1622314453125,1543.1275634765625,1561.93310546875,6854058349,1561.93310546875
ETH-USD,2023-03-08,1561.9779052734375,1568.17529296875,1534.0882568359375,1534.0882568359375,7130327525,1534.0882568359375
ETH-USD,2023-03-09,1534.0316162109375,1544.1083984375,1423.2647705078125,1438.6607666015625,9457897583,1438.6607666015625
ETH-USD,2023-03-10,1438.7601318359375,1438.7601318359375,1378.525390625,1429.1580810546875,12665194936,1429.1580810546875
ETH-USD,2023-03-11,1429.100830078125,1484.136962890625,1428.72314453125,1482.61669921875,14917080154,1482.61669921875
ETH-USD,2023-03-12,1482.431884765625,1607.152587890625,1461.6109619140625,1590.29296875,11480965122,1590.29296875
ETH-USD,2023-03-13,1590.8311767578125,1699.9117431640625,1572.07470703125,1680.3089599609375,15711468959,1680.3089599609375
ETH-USD,2023-03-14,1680.2952880859375,1779.9178466796875,1665.90234375,1703.507080078125,16159781303,1703.507080078125
ETH-USD,2023-03-15,1705.18994140625,1721.0792236328125,1616.63037109375,1656.1805419921875,12715339905,1656.1805419921875
ETH-USD,2023-03-16,1656.33203125,1693.1392822265625,1639.26171875,1677.2154541015625,9364980166,1677.2154541015625
ETH-USD,2023-03-17,1677.2967529296875,1799.343994140625,1667.1318359375,1792.485107421875,12467445117,1792.485107421875
ETH-USD,2023-03-18,1793.5924072265625,1840.3575439453125,1751.2628173828125,1761.65966796875,10317822213,1761.65966796875
ETH-USD,2023-03-19,1762.9632568359375,1843.8441162109375,1762.9632568359375,1785.5765380859375,9170565472,1785.5765380859375
ETH-USD,2023-03-20,1785.416259765625,1807.7252197265625,1728.103759765625,1735.3212890625,10978325507,1735.3212890625
ETH-USD,2023-03-21,1735.617919921875,1836.28857421875,1725.00732421875,1806.7607421875,10758627746,1806.7607421875
ETH-USD,2023-03-22,1804.95703125,1821.458251953125,1717.76513671875,1737.717041015625,12484103560,1737.717041015625
ETH-USD,2023-03-23,1737.140869140625,1853.8880615234375,1732.524658203125,1816.4051513671875,11012966854,1816.4051513671875
ETH-USD,2023-03-24,1815.81982421875,1819.935302734375,1730.3494873046875,1752.0447998046875,10913669383,1752.0447998046875
ETH-USD,2023-03-25,1751.469482421875,1762.674560546875,1716.6519775390625,1743.7647705078125,6614309912,1743.7647705078125
ETH-USD,2023-03-26,1743.8421630859375,1797.8802490234375,1741.182861328125,1775.6767578125,6990313307,1775.6767578125
ETH-USD,2023-03-27,1775.4813232421875,1781.3792724609375,1690.5166015625,1715.4608154296875,8585750760,1715.4608154296875
ETH-USD,2023-03-28,1715.327392578125,1791.1109619140625,1702.564697265625,1772.78564453125,8346890042,1772.78564453125
ETH-USD,2023-03-29,1772.89990234375,1825.6009521484375,1772.89990234375,1793.0018310546875,9136176952,1793.0018310546875
ETH-USD,2023-03-30,1793.345947265625,1827.2802734375,1766.2489013671875,1792.7371826171875,9724496987,1792.7371826171875
ETH-USD,2023-03-31,1793.6201171875,1844.6773681640625,1783.1422119140625,1822.0220947265625,9149379763,1822.0220947265625
ETH-USD,2023-04-01,1821.704345703125,1840.173095703125,1811.1185302734375,1813.860595703125,5556443606,1813.860595703125
ETH-USD,2023-04-02,1821.192138671875,1824.328857421875,1774.8724365234375,1795.7081298828125,6199721188,1795.7081298828125
ETH-USD,2023-04-03,1794.9224853515625,1839.1578369140625,1765.5189208984375,1810.297119140625,9643826401,1810.297119140625
ETH-USD,2023-04-04,1810.14208984375,1886.5946044921875,1802.9554443359375,1871.005126953125,10398322335,1871.005126953125
ETH-USD,2023-04-05,1870.965087890625,1937.49755859375,1865.94189453125,1909.114013671875,10319231689,1909.114013671875
ETH-USD,2023-04-06,1909.1435546875,1909.271728515625,1857.0850830078125,1872.922607421875,8263191830,1872.922607421875
ETH-USD,2023-04-07,1872.734130859375,1882.2991943359375,1845.993896484375,1865.6361083984375,8356130492,1865.6361083984375
ETH-USD,2023-04-08,1864.6790771484375,1879.1077880859375,1848.87548828125,1849.4981689453125,5016362733,1849.4981689453125
ETH-USD,2023-04-09,1849.6722412109375,1873.057373046875,1828.7000732421875,1859.3878173828125,6361497715,1859.3878173828125
ETH-USD,2023-04-10,1859.7412109375,1917.3001708984375,1848.1641845703125,1911.20751953125,8380134275,1911.20751953125
ETH-USD,2023-04-11,1911.3758544921875,1936.728271484375,1886.5341796875,1892.189697265625,8877222956,1892.189697265625
ETH-USD,2023-04-12,1891.94970703125,1929.8812255859375,1860.036865234375,1920.68212890625,11010714187,1920.68212890625
ETH-USD,2023-04-13,1917.6983642578125,2022.150146484375,1901.8603515625,2012.6346435546875,12546950499,2012.6346435546875
ETH-USD,2023-04-14,2013.9306640625,2126.316650390625,2011.5032958984375,2101.635498046875,16298099411,2101.635498046875
ETH-USD,2023-04-15,2101.616455078125,2111.075439453125,2076.5107421875,2092.466796875,8036468153,2092.466796875
ETH-USD,2023-04-16,2092.281005859375,2137.445068359375,2076.83203125,2120.005859375,7898126856,2120.005859375
ETH-USD,2023-04-17,2120.001220703125,2120.113525390625,2063.03857421875,2076.242919921875,9648882546,2076.242919921875
ETH-USD,2023-04-18,2075.855224609375,2121.531494140625,2057.65380859375,2104.537353515625,9134015143,2104.537353515625
ETH-USD,2023-04-19,2103.9462890625,2104.857177734375,1928.5828857421875,1936.4034423828125,13779745451,1936.4034423828125
ETH-USD,2023-04-20,1936.41796875,1979.5733642578125,1918.1328125,1943.09765625,11324135406,1943.09765625
ETH-USD,2023-04-21,1943.409912109375,1955.649169921875,1827.7889404296875,1849.9998779296875,12044274581,1849.9998779296875
ETH-USD,2023-04-22,1849.2864990234375,1886.7816162109375,1845.8492431640625,1874.2286376953125,6970642726,1874.2286376953125
ETH-USD,2023-04-23,1874.1715087890625,1882.229736328125,1838.992431640625,1862.06201171875,6607451862,1862.06201171875
ETH-USD,2023-04-24,1862.0853271484375,1888.1937255859375,1811.7921142578125,1842.7574462890625,8438191338,1842.7574462890625
ETH-USD,2023-04-25,1842.204345703125,1877.4849853515625,1805.3228759765625,1866.753662109375,8677255481,1866.753662109375
ETH-USD,2023-04-26,1866.14892578125,1962.567626953125,1792.4638671875,1866.564208984375,14356524696,1866.564208984375
ETH-USD,2023-04-27,1866.6932373046875,1936.9451904296875,1863.14794921875,1908.786376953125,14008145806,1908.786376953125
ETH-USD,2023-04-28,1909.2730712890625,1923.19921875,1876.2918701171875,1892.5128173828125,7691759733,1892.5128173828125
ETH-USD,2023-04-29,1892.5650634765625,1916.9737548828125,1887.990478515625,1908.9169921875,4796651246,1908.9169921875
ETH-USD,2023-04-30,1908.7413330078125,1938.41796875,1876.92431640625,1876.92431640625,6539641957,1876.92431640625
ETH-USD,2023-05-01,1868.89111328125,1886.2064208984375,1809.1932373046875,1831.954833984375,8625783201,1831.954833984375
ETH-USD,2023-05-02,1831.7265625,1879.759521484375,1824.3270263671875,1870.789306640625,7536785767,1870.789306640625
ETH-USD,2023-05-03,1870.6871337890625,1915.504150390625,1845.871826171875,1904.65185546875,8306390869,1904.65185546875
ETH-USD,2023-05-04,1905.1689453125,1915.8717041015625,1868.6297607421875,1877.7041015625,6578438233,1877.7041015625
ETH-USD,2023-05-05,1877.8331298828125,1998.41357421875,1876.9466552734375,1995.0609130859375,9498261360,1995.0609130859375
ETH-USD,2023-05-06,1995.4791259765625,2017.5594482421875,1870.6055908203125,1900.2218017578125,9623243037,1900.2218017578125
ETH-USD,2023-05-07,1899.9176025390625,1933.9984130859375,1873.076416015625,1873.076416015625,6883942236,1873.076416015625
ETH-USD,2023-05-08,1872.47509765625,1886.162109375,1818.4505615234375,1849.042724609375,9895102899,1849.042724609375
ETH-USD,2023-05-09,1849.06103515625,1860.66748046875,1832.906982421875,1848.6031494140625,6129516088,1848.6031494140625
ETH-USD,2023-05-10,1848.2135009765625,1886.80029296875,1795.6688232421875,1842.4014892578125,9945549603,1842.4014892578125
ETH-USD,2023-05-11,1842.4920654296875,1842.4920654296875,1774.132568359375,1796.4906005859375,8353828312,1796.4906005859375
ETH-USD,2023-05-12,1795.1766357421875,1812.4249267578125,1742.40380859375,1808.019775390625,9047198660,1808.019775390625
ETH-USD,2023-05-13,1808.375,1816.0584716796875,1788.4755859375,1796.1148681640625,4647630864,1796.1148681640625
ETH-USD,2023-05-14,1796.10791015625,1823.49072265625,1793.228759765625,1800.5009765625,4711210241,1800.5009765625
ETH-USD,2023-05-15,1800.3712158203125,1845.6954345703125,1787.536376953125,1817.5499267578125,6748889346,1817.5499267578125
ETH-USD,2023-05-16,1816.82421875,1830.3515625,1797.84375,1824.1214599609375,5595959668,1824.1214599609375
ETH-USD,2023-05-17,1824.068359375,1835.5545654296875,1786.6719970703125,1821.859619140625,6352161579,1821.859619140625
ETH-USD,2023-05-18,1822.0682373046875,1831.4503173828125,1774.195068359375,1801.728515625,5673124255,1801.728515625
ETH-USD,2023-05-19,1800.994384765625,1826.1942138671875,1797.4344482421875,1812.5894775390625,4796110259,1812.5894775390625
ETH-USD,2023-05-20,1812.76611328125,1829.0096435546875,1808.0467529296875,1820.47802734375,2951655969,1820.47802734375
ETH-USD,2023-05-21,1820.1380615234375,1827.9219970703125,1799.9468994140625,1804.5313720703125,3386768865,1804.5313720703125
ETH-USD,2023-05-22,1804.8419189453125,1826.696533203125,1793.2239990234375,1817.5347900390625,4534841049,1817.5347900390625
ETH-USD,2023-05-23,1817.7811279296875,1869.343994140625,1816.2879638671875,1854.380615234375,6820047160,1854.380615234375
ETH-USD,2023-05-24,1854.2996826171875,1854.2996826171875,1780.925537109375,1800.0999755859375,7101647419,1800.0999755859375
ETH-USD,2023-05-25,1799.84521484375,1815.9947509765625,1763.3651123046875,1805.9537353515625,6321689859,1805.9537353515625
ETH-USD,2023-05-26,1805.7254638671875,1837.8658447265625,1798.406005859375,1828.689697265625,5451414258,1828.689697265625
ETH-USD,2023-05-27,1828.57568359375,1836.1845703125,1817.4920654296875,1831.1182861328125,3216737652,1831.1182861328125
ETH-USD,2023-05-28,1831.0986328125,1915.7232666015625,1825.46728515625,1910.9141845703125,6359610561,1910.9141845703125
ETH-USD,2023-05-29,1909.2974853515625,1926.4217529296875,1879.0775146484375,1893.078125,5884674572,1893.078125
ETH-USD,2023-05-30,1893.0931396484375,1916.574951171875,1883.9346923828125,1901.026611328125,5363439784,1901.026611328125
ETH-USD,2023-05-31,1901.0982666015625,1907.035400390625,1852.0947265625,1874.1304931640625,5984512548,1874.1304931640625
ETH-USD,2023-06-01,1873.9146728515625,1887.705322265625,1846.2274169921875,1862.201416015625,5640027197,1862.201416015625
ETH-USD,2023-06-02,1862.4237060546875,1910.2784423828125,1851.9647216796875,1907.256591796875,6097746022,1907.256591796875
ETH-USD,2023-06-03,1907.4207763671875,1908.822265625,1885.4854736328125,1892.4124755859375,3472274607,1892.4124755859375
ETH-USD,2023-06-04,1892.398193359375,1912.2056884765625,1885.65185546875,1890.5135498046875,3747042696,1890.5135498046875
ETH-USD,2023-06-05,1890.4176025390625,1890.6405029296875,1780.2115478515625,1811.828369140625,9246593033,1811.828369140625
ETH-USD,2023-06-06,1810.5814208984375,1896.22265625,1801.4052734375,1884.494873046875,8704411776,1884.494873046875
ETH-USD,2023-06-07,1884.3729248046875,1893.80908203125,1822.3031005859375,1832.39599609375,7919894455,1832.39599609375
ETH-USD,2023-06-08,1832.5135498046875,1861.1361083984375,1830.1650390625,1846.3018798828125,4536041931,1846.3018798828125
ETH-USD,2023-06-09,1846.077880859375,1854.824951171875,1828.5445556640625,1840.2252197265625,4610831509,1840.2252197265625
ETH-USD,2023-06-10,1840.3919677734375,1844.78564453125,1721.443115234375,1752.384765625,10788500406,1752.384765625
ETH-USD,2023-06-11,1752.527587890625,1776.84716796875,1741.1104736328125,1753.415283203125,4559112981,1753.415283203125
ETH-USD,2023-06-12,1753.075439453125,1757.6597900390625,1722.9063720703125,1742.5286865234375,6031384958,1742.5286865234375
ETH-USD,2023-06-13,1742.39013671875,1761.9554443359375,1727.7498779296875,1739.03759765625,6214125203,1739.03759765625
ETH-USD,2023-06-14,1739.2501220703125,1749.1632080078125,1637.187744140625,1650.519287109375,7462905534,1650.519287109375
ETH-USD,2023-06-15,1650.4981689453125,1676.4066162109375,1624.1383056640625,1665.519775390625,7328564880,1665.519775390625
ETH-USD,2023-06-16,1665.41064453125,1727.28955078125,1653.1708984375,1716.6688232421875,6281023479,1716.6688232421875
ETH-USD,2023-06-17,1716.6717529296875,1766.76318359375,1714.15087890625,1727.2041015625,4875187477,1727.2041015625
ETH-USD,2023-06-18,1727.1937255859375,1746.5091552734375,1718.1114501953125,1720.5775146484375,3820038842,1720.5775146484375
ETH-USD,2023-06-19,1720.50537109375,1745.1346435546875,1705.8134765625,1737.659423828125,5210480121,1737.659423828125
ETH-USD,2023-06-20,1736.8797607421875,1793.31396484375,1715.342529296875,1792.1199951171875,7171072578,1792.1199951171875
ETH-USD,2023-06-21,1791.9949951171875,1898.6689453125,1788.4892578125,1891.0072021484375,11731457711,1891.0072021484375
ETH-USD,2023-06-22,1889.79443359375,1932.0655517578125,1867.8765869140625,1872.9429931640625,8477657143,1872.9429931640625
ETH-USD,2023-06-23,1872.540771484375,1932.5316162109375,1865.1920166015625,1892.862060546875,8290615074,1892.862060546875
ETH-USD,2023-06-24,1893.77197265625,1905.2274169921875,1867.8115234375,1876.0596923828125,5026191704,1876.0596923828125
ETH-USD,2023-06-25,1875.84912109375,1929.0791015625,1870.85009765625,1900.506103515625,6937581709,1900.506103515625
ETH-USD,2023-06-26,1900.05029296875,1905.3604736328125,1840.215087890625,1859.432861328125,8619702292,1859.432861328125
ETH-USD,2023-06-27,1859.34619140625,1911.3111572265625,1856.83837890625,1889.703369140625,7686042202,1889.703369140625
ETH-USD,2023-06-28,1889.906494140625,1890.208984375,1822.102783203125,1827.97119140625,7135265016,1827.97119140625
ETH-USD,2023-06-29,1828.059326171875,1876.5302734375,1828.059326171875,1852.227294921875,5677228612,1852.227294921875
ETH-USD,2023-06-30,1852.0084228515625,1945.2742919921875,1831.281005859375,1933.18896484375,12895131248,1933.18896484375
ETH-USD,2023-07-01,1933.3238525390625,1942.7015380859375,1910.8486328125,1924.56591796875,5136809625,1924.56591796875
ETH-USD,2023-07-02,1924.4481201171875,1958.1607666015625,1895.906982421875,1937.4383544921875,6343966490,1937.4383544921875
ETH-USD,2023-07-03,1937.8837890625,1974.7750244140625,1934.6888427734375,1955.38916015625,7858509087,1955.38916015625
ETH-USD,2023-07-04,1955.524169921875,1966.3653564453125,1932.611328125,1936.633544921875,5683423776,1936.633544921875
ETH-USD,2023-07-05,1936.7967529296875,1942.4324951171875,1897.124755859375,1910.5880126953125,6034088075,1910.5880126953125
ETH-USD,2023-07-06,1910.4171142578125,1956.0123291015625,1847.8507080078125,1848.636474609375,8905008384,1848.636474609375
ETH-USD,2023-07-07,1847.5125732421875,1876.9632568359375,1832.025390625,1870.6025390625,6468885150,1870.6025390625
ETH-USD,2023-07-08,1871.0020751953125,1872.5015869140625,1844.6417236328125,1865.53955078125,4299007854,1865.53955078125
ETH-USD,2023-07-09,1865.594970703125,1878.6689453125,1857.748291015625,1863.009765625,4392863807,1863.009765625
ETH-USD,2023-07-10,1863.240234375,1905.4608154296875,1848.7772216796875,1880.556396484375,6336468234,1880.556396484375
ETH-USD,2023-07-11,1880.6549072265625,1889.3817138671875,1863.2186279296875,1878.3360595703125,4905225892,1878.3360595703125
ETH-USD,2023-07-12,1878.322021484375,1901.1484375,1865.7100830078125,1872.11376953125,6379007000,1872.11376953125
ETH-USD,2023-07-13,1872.040283203125,2011.88525390625,1864.49609375,2006.511474609375,11114853969,2006.511474609375
ETH-USD,2023-07-14,2005.6861572265625,2026.2049560546875,1901.3612060546875,1939.3470458984375,10627449471,1939.3470458984375
ETH-USD,2023-07-15,1939.129638671875,1946.0191650390625,1928.1873779296875,1931.466552734375,4380084234,1931.466552734375
ETH-USD,2023-07-16,1931.64501953125,1942.0308837890625,1917.2940673828125,1923.681884765625,4329306566,1923.681884765625
ETH-USD,2023-07-17,1923.6943359375,1936.1776123046875,1875.120361328125,1911.6461181640625,6678090758,1911.6461181640625
ETH-USD,2023-07-18,1911.697021484375,1916.4683837890625,1878.718505859375,1897.5992431640625,5814708445,1897.5992431640625
ETH-USD,2023-07-19,1897.7972412109375,1919.264404296875,1883.067138671875,1889.0079345703125,6018487800,1889.0079345703125
ETH-USD,2023-07-20,1889.07373046875,1919.264404296875,1879.734375,1890.9691162109375,7366830684,1890.9691162109375
ETH-USD,2023-07-21,1891.581298828125,1905.38623046875,1885.2962646484375,1892.080078125,4668158260,1892.080078125
ETH-USD,2023-07-22,1891.955078125,1897.0880126953125,1855.0927734375,1864.912353515625,4101305643,1864.912353515625
ETH-USD,2023-07-23,1866.09423828125,1904.4832763671875,1859.56884765625,1889.191650390625,4480604100,1889.191650390625
ETH-USD,2023-07-24,1888.8095703125,1889.761962890625,1836.8524169921875,1850.0020751953125,6344373569,1850.0020751953125
ETH-USD,2023-07-25,1850.0279541015625,1867.3232421875,1845.9815673828125,1857.741943359375,4163381707,1857.741943359375
ETH-USD,2023-07-26,1857.696533203125,1886.97412109375,1849.4368896484375,1872.159912109375,5781548155,1872.159912109375
ETH-USD,2023-07-27,1872.0863037109375,1885.591552734375,1855.321533203125,1860.357177734375,4291339248,1860.357177734375
ETH-USD,2023-07-28,1860.7025146484375,1881.457275390625,1857.0489501953125,1874.744873046875,3800973336,1874.744873046875
ETH-USD,2023-07-29,1874.5604248046875,1885.529296875,1870.3338623046875,1881.06884765625,2497302218,1881.06884765625
ETH-USD,2023-07-30,1880.87158203125,1884.1441650390625,1851.72802734375,1861.643798828125,4003005547,1861.643798828125
ETH-USD,2023-07-31,1861.7552490234375,1875.62939453125,1851.9154052734375,1856.162353515625,4391613314,1856.162353515625
ETH-USD,2023-08-01,1856.190185546875,1873.0299072265625,1817.9207763671875,1871.7921142578125,7634860636,1871.7921142578125
ETH-USD,2023-08-02,1873.4681396484375,1877.511474609375,1822.3482666015625,1839.0897216796875,6448512422,1839.0897216796875
ETH-USD,2023-08-03,1838.89794921875,1856.4075927734375,1825.3477783203125,1835.136474609375,4710581074,1835.136474609375
ETH-USD,2023-08-04,1834.8905029296875,1847.9122314453125,1817.413818359375,1827.712890625,4861242484,1827.712890625
ETH-USD,2023-08-05,1827.798583984375,1836.46484375,1824.8079833984375,1834.9879150390625,2866049749,1834.9879150390625
ETH-USD,2023-08-06,1834.84521484375,1836.2489013671875,1824.9866943359375,1827.4620361328125,2963395076,1827.4620361328125
ETH-USD,2023-08-07,1827.239501953125,1842.5225830078125,1804.7166748046875,1826.9388427734375,5837881974,1826.9388427734375
ETH-USD,2023-08-08,1826.9310302734375,1873.84716796875,1824.4300537109375,1855.807373046875,5812855406,1855.807373046875
ETH-USD,2023-08-09,1855.7794189453125,1869.736572265625,1845.48974609375,1854.297607421875,5870081833,1854.297607421875
ETH-USD,2023-08-10,1854.3482666015625,1863.3109130859375,1845.4422607421875,1850.75341796875,3760304518,1850.75341796875
ETH-USD,2023-08-11,1850.74169921875,1855.0660400390625,1839.5692138671875,1847.1243896484375,3353025102,1847.1243896484375
ETH-USD,2023-08-12,1847.1719970703125,1852.281005859375,1845.71923828125,1848.889892578125,2291124840,1848.889892578125
ETH-USD,2023-08-13,1849.0538330078125,1859.9163818359375,1834.8043212890625,1839.2801513671875,3054625661,1839.2801513671875
ETH-USD,2023-08-14,1839.323486328125,1853.8363037109375,1834.8004150390625,1844.185791015625,4083364724,1844.185791015625
ETH-USD,2023-08-15,1844.1641845703125,1845.547607421875,1816.3250732421875,1826.9327392578125,4483923893,1826.9327392578125
ETH-USD,2023-08-16,1827.036376953125,1829.3612060546875,1798.9666748046875,1805.6590576171875,4976573383,1805.6590576171875
ETH-USD,2023-08-17,1805.5673828125,1807.71484375,1551.7132568359375,1684.9334716796875,14208462072,1684.9334716796875
ETH-USD,2023-08-18,1682.0384521484375,1698.124267578125,1644.930908203125,1660.945068359375,9645084584,1660.945068359375
ETH-USD,2023-08-19,1660.8443603515625,1693.2281494140625,1654.0758056640625,1669.471923828125,4871231360,1669.471923828125
ETH-USD,2023-08-20,1669.5877685546875,1692.3287353515625,1662.9014892578125,1684.85205078125,4105056995,1684.85205078125
ETH-USD,2023-08-21,1685.0223388671875,1685.0826416015625,1651.9598388671875,1667.26904296875,5077248383,1667.26904296875
ETH-USD,2023-08-22,1667.279296875,1668.638671875,1596.384033203125,1633.892578125,7244623133,1633.892578125
ETH-USD,2023-08-23,1634.4017333984375,1696.593994140625,1629.5810546875,1679.2744140625,7191868448,1679.2744140625
ETH-USD,2023-08-24,1679.248291015625,1682.48974609375,1641.6270751953125,1659.944580078125,5104531920,1659.944580078125
ETH-USD,2023-08-25,1660.2698974609375,1671.970703125,1635.9674072265625,1652.93505859375,5396997823,1652.93505859375
ETH-USD,2023-08-26,1652.92724609375,1654.7777099609375,1643.712646484375,1646.3067626953125,2423247747,1646.3067626953125
ETH-USD,2023-08-27,1646.27197265625,1659.26708984375,1645.90283203125,1657.5130615234375,2624065031,1657.5130615234375
ETH-USD,2023-08-28,1657.4398193359375,1659.3287353515625,1627.44677734375,1652.4573974609375,4855588534,1652.4573974609375
ETH-USD,2023-08-29,1652.274169921875,1742.6373291015625,1639.576171875,1729.7257080078125,11304916729,1729.7257080078125
ETH-USD,2023-08-30,1729.6766357421875,1730.564697265625,1697.147216796875,1705.1121826171875,5023904190,1705.1121826171875
ETH-USD,2023-08-31,1705.364501953125,1720.011962890625,1634.8509521484375,1645.63916015625,6593153505,1645.63916015625
ETH-USD,2023-09-01,1645.581298828125,1653.53173828125,1603.0341796875,1628.4912109375,6104510092,1628.4912109375
ETH-USD,2023-09-02,1628.5596923828125,1644.0306396484375,1627.97607421875,1637.025390625,2943590996,1637.025390625
ETH-USD,2023-09-03,1637.0435791015625,1645.6451416015625,1626.0892333984375,1636.11767578125,3151878318,1636.11767578125
ETH-USD,2023-09-04,1635.7247314453125,1642.6531982421875,1618.523681640625,1629.6552734375,3887968912,1629.6552734375
ETH-USD,2023-09-05,1629.9110107421875,1645.9483642578125,1610.1412353515625,1633.62939453125,4417491902,1633.62939453125
ETH-USD,2023-09-06,1633.912109375,1656.9327392578125,1611.147705078125,1632.2523193359375,4987397046,1632.2523193359375
ETH-USD,2023-09-07,1632.2628173828125,1657.3037109375,1623.220458984375,1647.5982666015625,4907290296,1647.5982666015625
ETH-USD,2023-09-08,1647.8076171875,1657.1363525390625,1617.7965087890625,1636.1378173828125,4598495496,1636.1378173828125
ETH-USD,2023-09-09,1636.0504150390625,1636.8707275390625,1629.660888671875,1635.162353515625,2081625742,1635.162353515625
ETH-USD,2023-09-10,1635.211669921875,1635.43310546875,1604.04052734375,1616.828857421875,4339499949,1616.828857421875
ETH-USD,2023-09-11,1616.769775390625,1618.3057861328125,1533.4267578125,1551.6376953125,7693700923,1551.6376953125
ETH-USD,2023-09-12,1551.497802734375,1619.114013671875,1549.4937744140625,1592.429443359375,6813819740,1592.429443359375
ETH-USD,2023-09-13,1592.892333984375,1615.05029296875,1582.217529296875,1607.988525390625,4979469106,1607.988525390625
ETH-USD,2023-09-14,1608.0316162109375,1640.522705078125,1607.7353515625,1626.974365234375,5538958553,1626.974365234375
ETH-USD,2023-09-15,1626.8701171875,1652.1131591796875,1613.2486572265625,1641.640380859375,4348584771,1641.640380859375
ETH-USD,2023-09-16,1641.4464111328125,1649.9886474609375,1632.577880859375,1635.2216796875,2819575929,1635.2216796875
ETH-USD,2023-09-17,1635.2010498046875,1635.512939453125,1616.779296875,1622.896728515625,3032716258,1622.896728515625
ETH-USD,2023-09-18,1623.0819091796875,1669.015380859375,1609.9573974609375,1637.3470458984375,5916674789,1637.3470458984375
ETH-USD,2023-09-19,1637.31201171875,1659.53173828125,1628.4132080078125,1643.544677734375,4405868861,1643.544677734375
ETH-USD,2023-09-20,1643.495361328125,1649.619140625,1610.4207763671875,1622.890625,5156431986,1622.890625
ETH-USD,2023-09-21,1622.591796875,1625.20458984375,1573.3057861328125,1584.3070068359375,5191732312,1584.3070068359375
ETH-USD,2023-09-22,1584.0025634765625,1601.5377197265625,1579.101318359375,1593.268310546875,3460791634,1593.268310546875
ETH-USD,2023-09-23,1593.213134765625,1598.001708984375,1588.3289794921875,1593.8577880859375,2101436678,1593.8577880859375
ETH-USD,2023-09-24,1593.82568359375,1600.207275390625,1576.7833251953125,1580.8533935546875,3086456944,1580.8533935546875
ETH-USD,2023-09-25,1580.7474365234375,1595.8441162109375,1565.0255126953125,1588.3228759765625,4394930984,1588.3228759765625
ETH-USD,2023-09-26,1588.023193359375,1598.0977783203125,1580.16552734375,1593.417236328125,3544861160,1593.417236328125
ETH-USD,2023-09-27,1593.1082763671875,1631.9107666015625,1585.368896484375,1597.4912109375,5533036096,1597.4912109375
ETH-USD,2023-09-28,1597.6719970703125,1666.024169921875,1597.294677734375,1652.8826904296875,6658092168,1652.8826904296875
ETH-USD,2023-09-29,1652.9998779296875,1687.28125,1648.656494140625,1667.94384765625,5529687537,1667.94384765625
ETH-USD,2023-09-30,1667.83447265625,1692.5311279296875,1666.5638427734375,1671.161865234375,3155292192,1671.161865234375
ETH-USD,2023-10-01,1671.1614990234375,1750.595703125,1670.0821533203125,1733.8104248046875,5054880180,1733.8104248046875
ETH-USD,2023-10-02,1732.9840087890625,1743.5635986328125,1646.07763671875,1663.6275634765625,8420552922,1663.6275634765625
ETH-USD,2023-10-03,1662.88720703125,1670.3563232421875,1644.4964599609375,1656.6856689453125,4742827302,1656.6856689453125
ETH-USD,2023-10-04,1656.7359619140625,1657.2535400390625,1629.4266357421875,1647.838134765625,5127524863,1647.838134765625
ETH-USD,2023-10-05,1647.7882080078125,1654.3790283203125,1609.8499755859375,1611.4764404296875,5403759057,1611.4764404296875
ETH-USD,2023-10-06,1611.36572265625,1659.60986328125,1611.36572265625,1645.83154296875,4941208729,1645.83154296875
ETH-USD,2023-10-07,1645.8109130859375,1648.1837158203125,1631.158203125,1634.51123046875,2578994988,1634.51123046875
ETH-USD,2023-10-08,1634.6573486328125,1641.182373046875,1618.189208984375,1633.548583984375,3315554175,1633.548583984375
ETH-USD,2023-10-09,1633.454833984375,1635.4478759765625,1553.0069580078125,1579.806640625,7020801716,1579.806640625
ETH-USD,2023-10-10,1580.112060546875,1593.7413330078125,1553.03173828125,1567.7130126953125,5254966125,1567.7130126953125
ETH-USD,2023-10-11,1567.6807861328125,1578.2235107421875,1548.98046875,1566.2547607421875,5416504273,1566.2547607421875
ETH-USD,2023-10-12,1566.35595703125,1566.878173828125,1523.237548828125,1539.6124267578125,5003930677,1539.6124267578125
ETH-USD,2023-10-13,1539.432861328125,1571.7506103515625,1537.921142578125,1552.0894775390625,4575141511,1552.0894775390625
ETH-USD,2023-10-14,1552.2637939453125,1560.3250732421875,1545.73876953125,1555.2568359375,2429214718,1555.2568359375
ETH-USD,2023-10-15,1555.0760498046875,1565.7608642578125,1550.5545654296875,1558.06982421875,2923337883,1558.06982421875
ETH-USD,2023-10-16,1558.3134765625,1628.15625,1555.9896240234375,1600.5343017578125,8846928526,1600.5343017578125
ETH-USD,2023-10-17,1600.6356201171875,1601.294677734375,1554.4029541015625,1565.4395751953125,5032686973,1565.4395751953125
ETH-USD,2023-10-18,1565.3828125,1584.7269287109375,1556.736328125,1563.7498779296875,4354138855,1563.7498779296875
ETH-USD,2023-10-19,1563.9581298828125,1573.7376708984375,1543.5850830078125,1567.45703125,5035110867,1567.45703125
ETH-USD,2023-10-20,1567.5709228515625,1628.6090087890625,1562.3028564453125,1604.6668701171875,6747486127,1604.6668701171875
ETH-USD,2023-10-21,1604.822265625,1641.2418212890625,1593.447998046875,1629.304443359375,4212179634,1629.304443359375
ETH-USD,2023-10-22,1629.2977294921875,1667.6666259765625,1623.9847412109375,1663.429931640625,5248406817,1663.429931640625
ETH-USD,2023-10-23,1674.8492431640625,1794.0704345703125,1663.447998046875,1765.3826904296875,14362295879,1765.3826904296875
ETH-USD,2023-10-24,1766.0146484375,1852.6844482421875,1758.6900634765625,1784.4375,15888690475,1784.4375
ETH-USD,2023-10-25,1784.905029296875,1814.4847412109375,1762.1470947265625,1787.3975830078125,9439066475,1787.3975830078125
ETH-USD,2023-10-26,1787.48193359375,1865.09521484375,1764.0130615234375,1804.039306640625,11196672635,1804.039306640625
ETH-USD,2023-10-27,1803.794921875,1804.1358642578125,1751.4400634765625,1780.0452880859375,7493399771,1780.0452880859375
ETH-USD,2023-10-28,1780.084228515625,1800.6053466796875,1773.4366455078125,1776.6181640625,4226112731,1776.6181640625
ETH-USD,2023-10-29,1776.56396484375,1810.4886474609375,1766.052978515625,1795.5460205078125,4358528382,1795.5460205078125
ETH-USD,2023-10-30,1795.589111328125,1829.24951171875,1779.364501953125,1810.088623046875,7534051038,1810.088623046875
ETH-USD,2023-10-31,1810.131591796875,1819.97265625,1784.567626953125,1816.458984375,6477922747,1816.458984375
ETH-USD,2023-11-01,1815.8720703125,1858.3128662109375,1786.4095458984375,1847.0897216796875,10628825648,1847.0897216796875
ETH-USD,2023-11-02,1847.2598876953125,1873.885009765625,1790.11474609375,1800.6209716796875,9004197724,1800.6209716796875
ETH-USD,2023-11-03,1800.91650390625,1835.072509765625,1779.635498046875,1832.795166015625,7622864055,1832.795166015625
ETH-USD,2023-11-04,1833.368896484375,1867.2613525390625,1825.736572265625,1857.6986083984375,4845080427,1857.6986083984375
ETH-USD,2023-11-05,1857.3956298828125,1911.608642578125,1848.6201171875,1894.15771484375,8867152645,1894.15771484375
ETH-USD,2023-11-06,1894.027099609375,1914.5826416015625,1871.9730224609375,1899.83740234375,8104122602,1899.83740234375
ETH-USD,2023-11-07,1900.5997314453125,1907.5614013671875,1852.7908935546875,1888.124267578125,9203228152,1888.124267578125
ETH-USD,2023-11-08,1887.1190185546875,1904.5462646484375,1874.545654296875,1889.3223876953125,6751627017,1889.3223876953125
ETH-USD,2023-11-09,1888.9403076171875,2130.88525390625,1884.204345703125,2120.56103515625,24709695029,2120.56103515625
ETH-USD,2023-11-10,2121.0673828125,2134.69140625,2068.13427734375,2078.289794921875,14740624457,2078.289794921875
ETH-USD,2023-11-11,2078.058349609375,2089.530517578125,2035.0821533203125,2052.7138671875,10228351203,2052.7138671875
ETH-USD,2023-11-12,2053.11865234375,2066.00341796875,2019.028076171875,2045.18701171875,7951011698,2045.18701171875
ETH-USD,2023-11-13,2045.3544921875,2116.0107421875,2031.9542236328125,2055.265380859375,14322027970,2055.265380859375
ETH-USD,2023-11-14,2054.765380859375,2065.06689453125,1939.2803955078125,1979.0526123046875,13087862495,1979.0526123046875
ETH-USD,2023-11-15,1979.47265625,2061.99169921875,1968.774658203125,2060.408447265625,12626326991,2060.408447265625
ETH-USD,2023-11-16,2059.9658203125,2088.662353515625,1940.57421875,1960.881591796875,14651619483,1960.881591796875
ETH-USD,2023-11-17,1961.8675537109375,1990.050537109375,1910.4454345703125,1961.28076171875,11881648738,1961.28076171875
ETH-USD,2023-11-18,1961.6712646484375,1971.4622802734375,1921.0623779296875,1963.2850341796875,8064677046,1963.2850341796875
ETH-USD,2023-11-19,1963.1800537109375,2015.6339111328125,1944.90087890625,2013.2044677734375,7716048818,2013.2044677734375
ETH-USD,2023-11-20,2011.8533935546875,2066.409912109375,1996.0443115234375,2022.2391357421875,12866464824,2022.2391357421875
ETH-USD,2023-11-21,2022.21728515625,2035.035888671875,1937.0667724609375,1937.0667724609375,13653500841,1937.0667724609375
ETH-USD,2023-11-22,1933.5831298828125,2089.51416015625,1933.1629638671875,2064.42529296875,13372200584,2064.42529296875
ETH-USD,2023-11-23,2063.905517578125,2088.031982421875,2041.4642333984375,2062.210693359375,7828437946,2062.210693359375
ETH-USD,2023-11-24,2062.411865234375,2132.481201171875,2060.9990234375,2081.152099609375,12141148820,2081.152099609375
ETH-USD,2023-11-25,2081.296142578125,2091.3427734375,2067.917236328125,2084.4130859375,5362623390,2084.4130859375
ETH-USD,2023-11-26,2084.177490234375,2094.095947265625,2038.6004638671875,2063.2861328125,8054814154,2063.2861328125
ETH-USD,2023-11-27,2062.390869140625,2070.606201171875,1988.120361328125,2027.4173583984375,10574810069,2027.4173583984375
ETH-USD,2023-11-28,2027.5172119140625,2074.9541015625,1996.814697265625,2049.338134765625,9910633038,2049.338134765625
ETH-USD,2023-11-29,2049.186767578125,2071.994384765625,2020.756591796875,2029.92919921875,8945151861,2029.92919921875
ETH-USD,2023-11-30,2029.3583984375,2054.4443359375,2022.4617919921875,2052.55615234375,8107789163,2052.55615234375
ETH-USD,2023-12-01,2052.0966796875,2109.319091796875,2046.5570068359375,2087.139892578125,10866891430,2087.139892578125
ETH-USD,2023-12-02,2087.66357421875,2182.81787109375,2087.407958984375,2165.7041015625,9130124831,2165.7041015625
ETH-USD,2023-12-03,2165.895751953125,2213.17578125,2151.720947265625,2193.691650390625,8278465782,2193.691650390625
ETH-USD,2023-12-04,2193.663330078125,2273.06982421875,2193.00732421875,2243.2158203125,16149367134,2243.2158203125
ETH-USD,2023-12-05,2243.092529296875,2306.5703125,2191.17626953125,2293.841796875,15383072559,2293.841796875
ETH-USD,2023-12-06,2293.628173828125,2310.713134765625,2225.0810546875,2231.661376953125,12790612571,2231.661376953125
ETH-USD,2023-12-07,2233.2177734375,2380.729736328125,2225.050537109375,2357.57958984375,14766891042,2357.57958984375
ETH-USD,2023-12-08,2357.169189453125,2387.514404296875,2340.92041015625,2358.73193359375,12543458699,2358.73193359375
ETH-USD,2023-12-09,2358.68603515625,2401.760498046875,2331.666015625,2341.17529296875,10613312823,2341.17529296875
ETH-USD,2023-12-10,2341.440185546875,2376.749755859375,2323.40576171875,2352.462646484375,7369608905,2352.462646484375
ETH-USD,2023-12-11,2352.49658203125,2354.9140625,2160.358154296875,2224.578857421875,17989249470,2224.578857421875
ETH-USD,2023-12-12,2224.39111328125,2242.55126953125,2166.77001953125,2202.0380859375,11391132228,2202.0380859375
ETH-USD,2023-12-13,2202.600341796875,2283.09912109375,2150.75439453125,2260.648681640625,12576395493,2260.648681640625
ETH-USD,2023-12-14,2260.736083984375,2331.6015625,2239.3662109375,2316.5791015625,12608711052,2316.5791015625
ETH-USD,2023-12-15,2316.1103515625,2316.892822265625,2214.26318359375,2219.33740234375,10259157898,2219.33740234375
ETH-USD,2023-12-16,2220.41552734375,2260.809814453125,2213.55078125,2226.926513671875,6866555430,2226.926513671875
ETH-USD,2023-12-17,2226.892578125,2244.366455078125,2195.76171875,2196.481201171875,7410453853,2196.481201171875
ETH-USD,2023-12-18,2195.341796875,2222.019287109375,2120.12744140625,2217.2734375,10366536490,2217.2734375
ETH-USD,2023-12-19,2218.240966796875,2253.348876953125,2139.723388671875,2177.87255859375,10619179629,2177.87255859375
ETH-USD,2023-12-20,2177.239501953125,2263.3291015625,2161.21875,2201.911376953125,12652290807,2201.911376953125
ETH-USD,2023-12-21,2201.7900390625,2278.12158203125,2184.856689453125,2239.54248046875,12616530536,2239.54248046875
ETH-USD,2023-12-22,2239.59814453125,2341.947509765625,2233.53271484375,2326.52490234375,16137246310,2326.52490234375
ETH-USD,2023-12-23,2326.7158203125,2332.072021484375,2270.428955078125,2309.04638671875,7995772945,2309.04638671875
ETH-USD,2023-12-24,2309.626708984375,2325.705078125,2249.984375,2265.692138671875,9450799236,2265.692138671875
ETH-USD,2023-12-25,2265.340576171875,2303.551025390625,2254.574462890625,2272.561767578125,8036302656,2272.561767578125
ETH-USD,2023-12-26,2272.21875,2274.557373046875,2180.225341796875,2231.46533203125,10668581464,2231.46533203125
ETH-USD,2023-12-27,2231.39306640625,2392.608642578125,2215.140380859375,2378.739990234375,14161342927,2378.739990234375
ETH-USD,2023-12-28,2380.20068359375,2445.017578125,2338.703857421875,2347.566162109375,15660799060,2347.566162109375
ETH-USD,2023-12-29,2346.84375,2386.004638671875,2262.975830078125,2300.690673828125,12536968996,2300.690673828125
ETH-USD,2023-12-30,2300.399658203125,2322.021484375,2270.011962890625,2292.0654296875,6888195427,2292.0654296875
ETH-USD,2023-12-31,2291.9453125,2318.512939453125,2261.394287109375,2281.47119140625,6871481744,2281.47119140625
ETH-USD,2024-01-01,2282.870361328125,2352.327880859375,2267.01806640625,2352.327880859375,6906765990,2352.327880859375
ETH-USD,2024-01-02,2352.593505859375,2431.21240234375,2348.892333984375,2355.83642578125,12910543630,2355.83642578125
ETH-USD,2024-01-03,2355.9814453125,2385.11767578125,2113.92529296875,2210.761962890625,19332933581,2210.761962890625
ETH-USD,2024-01-04,2210.529052734375,2294.608154296875,2204.86572265625,2269.0380859375,11044564896,2269.0380859375
ETH-USD,2024-01-05,2269.409423828125,2276.7646484375,2209.537109375,2268.647216796875,10860953290,2268.647216796875
ETH-USD,2024-01-06,2269.5400390625,2271.359375,2219.781982421875,2241.624755859375,5970741680,2241.624755859375
ETH-USD,2024-01-07,2242.0126953125,2257.1279296875,2211.5625,2222.865966796875,6490053615,2222.865966796875
ETH-USD,2024-01-08,2222.857666015625,2358.815673828125,2171.99365234375,2333.03271484375,13830287095,2333.03271484375
ETH-USD,2024-01-09,2332.8681640625,2369.6416015625,2243.21923828125,2344.8271484375,14891130716,2344.8271484375
ETH-USD,2024-01-10,2344.923583984375,2626.976806640625,2341.943115234375,2582.103515625,29042100476,2582.103515625
ETH-USD,2024-01-11,2584.171630859375,2687.779052734375,2567.99365234375,2619.619140625,22575246883,2619.619140625
ETH-USD,2024-01-12,2619.177001953125,2710.421875,2460.925537109375,2524.460205078125,23623839263,2524.460205078125
ETH-USD,2024-01-13,2522.933837890625,2589.079833984375,2498.594482421875,2576.597900390625,12250316867,2576.597900390625
ETH-USD,2024-01-14,2578.003662109375,2578.332275390625,2470.42431640625,2472.2412109375,9405587417,2472.2412109375
ETH-USD,2024-01-15,2471.6669921875,2550.76904296875,2470.82080078125,2511.36376953125,9700630000,2511.36376953125
ETH-USD,2024-01-16,2510.627197265625,2613.56689453125,2500.00390625,2587.691162109375,11063317095,2587.691162109375
ETH-USD,2024-01-17,2587.044677734375,2592.737060546875,2508.432861328125,2528.369384765625,10441017520,2528.369384765625
ETH-USD,2024-01-18,2528.59326171875,2546.263916015625,2426.135498046875,2467.018798828125,11900028080,2467.018798828125
ETH-USD,2024-01-19,2468.68896484375,2501.30517578125,2414.7109375,2489.49853515625,11405278376,2489.49853515625
ETH-USD,2024-01-20,2489.84765625,2489.84765625,2456.095703125,2469.589111328125,5297826161,2469.589111328125
ETH-USD,2024-01-21,2469.798583984375,2479.760498046875,2452.377685546875,2453.9130859375,4578471955,2453.9130859375
ETH-USD,2024-01-22,2454.9873046875,2463.447265625,2303.502685546875,2310.826416015625,13923771728,2310.826416015625
ETH-USD,2024-01-23,2310.95166015625,2348.03125,2167.282470703125,2240.68603515625,16182147521,2240.68603515625
ETH-USD,2024-01-24,2241.749755859375,2261.384521484375,2197.65673828125,2233.561767578125,10134722960,2233.561767578125
ETH-USD,2024-01-25,2233.969970703125,2240.380859375,2173.6865234375,2217.710205078125,9302247037,2217.710205078125
ETH-USD,2024-01-26,2217.44189453125,2280.3837890625,2196.14013671875,2267.19970703125,9975117607,2267.19970703125
ETH-USD,2024-01-27,2267.3193359375,2282.54443359375,2252.38525390625,2267.885986328125,5144367230,2267.885986328125
ETH-USD,2024-01-28,2268.19287109375,2306.898681640625,2242.683837890625,2257.208740234375,7296214994,2257.208740234375
ETH-USD,2024-01-29,2256.995361328125,2320.02734375,2237.711669921875,2317.064208984375,8948195551,2317.064208984375
ETH-USD,2024-01-30,2317.435791015625,2388.87060546875,2298.281982421875,2344.49365234375,10173440062,2344.49365234375
ETH-USD,2024-01-31,2343.558837890625,2349.611328125,2264.443603515625,2282.54443359375,10807883277,2282.54443359375
ETH-USD,2024-02-01,2282.17529296875,2309.842529296875,2243.57177734375,2303.82470703125,8895583113,2303.82470703125
ETH-USD,2024-02-02,2303.7060546875,2323.053466796875,2282.230224609375,2308.0380859375,7186143091,2308.0380859375
ETH-USD,2024-02-03,2307.980224609375,2327.346923828125,2293.5380859375,2296.038330078125,4647754021,2296.038330078125
ETH-USD,2024-02-04,2296.116943359375,2309.01123046875,2272.304931640625,2289.546142578125,5438100035,2289.546142578125
ETH-USD,2024-02-05,2289.20556640625,2334.6767578125,2270.06787109375,2298.888916015625,7277068110,2298.888916015625
ETH-USD,2024-02-06,2298.955078125,2389.826171875,2296.78857421875,2372.201904296875,9520885493,2372.201904296875
ETH-USD,2024-02-07,2372.2626953125,2442.63623046875,2353.7060546875,2423.7451171875,9660628536,2423.7451171875
ETH-USD,2024-02-08,2424.080078125,2459.556640625,2414.74951171875,2419.906494140625,9941841732,2419.906494140625
ETH-USD,2024-02-09,2419.773681640625,2522.724609375,2419.36279296875,2487.515625,13634203177,2487.515625
ETH-USD,2024-02-10,2487.650390625,2516.7197265625,2475.857666015625,2501.228271484375,6474444159,2501.228271484375
ETH-USD,2024-02-11,2501.1298828125,2537.67919921875,2495.21435546875,2507.570556640625,7347245813,2507.570556640625
ETH-USD,2024-02-12,2507.578857421875,2663.8427734375,2473.81201171875,2658.115966796875,13022696866,2658.115966796875
ETH-USD,2024-02-13,2659.586181640625,2686.455078125,2599.16943359375,2642.185302734375,18271237044,2642.185302734375
ETH-USD,2024-02-14,2641.685302734375,2786.8935546875,2621.025390625,2777.90234375,21448973822,2777.90234375
ETH-USD,2024-02-15,2777.601318359375,2865.845458984375,2764.010498046875,2824.37890625,23734481937,2824.37890625
ETH-USD,2024-02-16,2825.480712890625,2858.450439453125,2760.3310546875,2803.69140625,17057114638,2803.69140625
ETH-USD,2024-02-17,2803.73583984375,2805.128662109375,2724.386962890625,2786.672607421875,17932379943,2786.672607421875
ETH-USD,2024-02-18,2786.709716796875,2892.843505859375,2767.9130859375,2878.998046875,23355830478,2878.998046875
ETH-USD,2024-02-19,2881.296875,2983.37060546875,2860.263671875,2943.57470703125,15163110589,2943.57470703125
ETH-USD,2024-02-20,2944.1064453125,3031.5244140625,2879.9033203125,3013.503662109375,20341598470,3013.503662109375
ETH-USD,2024-02-21,3015.6533203125,3017.1904296875,2875.41845703125,2970.35546875,18897136867,2970.35546875
ETH-USD,2024-02-22,2969.599853515625,3030.666015625,2907.109375,2971.00732421875,18058908246,2971.00732421875
ETH-USD,2024-02-23,2970.1396484375,2991.32958984375,2906.583740234375,2921.658203125,12822717059,2921.658203125
ETH-USD,2024-02-24,2921.962890625,3003.195068359375,2907.70068359375,2992.385986328125,10701688842,2992.385986328125
ETH-USD,2024-02-25,2992.36669921875,3117.428955078125,2984.39306640625,3112.697265625,14620450464,3112.697265625
ETH-USD,2024-02-26,3112.529052734375,3197.375,3037.95458984375,3178.99365234375,17504464351,3178.99365234375
ETH-USD,2024-02-27,3178.405029296875,3287.9580078125,3167.83056640625,3244.519287109375,21090315368,3244.519287109375
ETH-USD,2024-02-28,3243.893310546875,3485.450927734375,3201.575927734375,3385.703857421875,32885894265,3385.703857421875
ETH-USD,2024-02-29,3386.802734375,3518.96923828125,3303.9052734375,3341.919677734375,28469171094,3341.919677734375
ETH-USD,2024-03-01,3341.9658203125,3452.626220703125,3341.85107421875,3435.053955078125,16880101987,3435.053955078125
ETH-USD,2024-03-02,3436.1591796875,3459.747314453125,3398.89892578125,3422.0498046875,12024340617,3422.0498046875
ETH-USD,2024-03-03,3422.875244140625,3491.16845703125,3372.214111328125,3490.99365234375,13643324467,3490.99365234375
ETH-USD,2024-03-04,3489.340087890625,3641.459228515625,3446.017578125,3630.433837890625,26772963830,3630.433837890625
ETH-USD,2024-03-05,3631.928955078125,3828.15966796875,3224.119384765625,3554.964599609375,47706899137,3554.964599609375
ETH-USD,2024-03-06,3554.06787109375,3901.434326171875,3502.802490234375,3819.226318359375,34938642613,3819.226318359375
ETH-USD,2024-03-07,3818.31103515625,3939.593994140625,3738.685302734375,3874.34765625,22457177587,3874.34765625
ETH-USD,2024-03-08,3874.830810546875,3998.826416015625,3828.36328125,3892.06103515625,26135487051,3892.06103515625
ETH-USD,2024-03-09,3892.119140625,3950.396484375,3880.658935546875,3915.4189453125,11926623780,3915.4189453125
ETH-USD,2024-03-10,3915.590576171875,3968.7236328125,3800.564453125,3881.193115234375,15783924355,3881.193115234375
ETH-USD,2024-03-11,3881.23779296875,4087.050048828125,3745.125244140625,4066.445068359375,28806262507,4066.445068359375
ETH-USD,2024-03-12,4066.6904296875,4092.2841796875,3831.889892578125,3980.273193359375,26917010932,3980.273193359375
ETH-USD,2024-03-13,3980.26513671875,4083.00732421875,3936.627197265625,4006.45703125,22028114691,4006.45703125
ETH-USD,2024-03-14,4005.7451171875,4011.102783203125,3721.78857421875,3883.140380859375,25434810823,3883.140380859375
ETH-USD,2024-03-15,3882.85693359375,3928.775634765625,3571.774658203125,3735.22021484375,33505075433,3735.22021484375
ETH-USD,2024-03-16,3736.10498046875,3780.89453125,3468.079345703125,3522.860107421875,20199855932,3522.860107421875
ETH-USD,2024-03-17,3523.02978515625,3676.263427734375,3414.17236328125,3642.4130859375,19938757095,3642.4130859375
ETH-USD,2024-03-18,3642.298828125,3642.4970703125,3456.09130859375,3517.985107421875,21162220224,3517.985107421875
ETH-USD,2024-03-19,3518.34765625,3546.582275390625,3149.286865234375,3157.6181640625,34166976701,3157.6181640625
ETH-USD,2024-03-20,3158.396728515625,3534.826416015625,3059.65478515625,3513.39306640625,36605316331,3513.39306640625
ETH-USD,2024-03-21,3514.017578125,3586.905029296875,3412.22265625,3492.9912109375,22213647922,3492.9912109375
ETH-USD,2024-03-22,3492.89794921875,3541.898193359375,3254.96923828125,3333.68798828125,20574952329,3333.68798828125
ETH-USD,2024-03-23,3335.592529296875,3433.758056640625,3273.115478515625,3336.593994140625,13242137554,3336.593994140625
ETH-USD,2024-03-24,3336.666015625,3470.344482421875,3301.27734375,3454.636474609375,12156660941,3454.636474609375
ETH-USD,2024-03-25,3454.8857421875,3657.118896484375,3421.79052734375,3590.8837890625,18603921705,3590.8837890625
ETH-USD,2024-03-26,3591.085205078125,3678.789794921875,3545.4287109375,3587.5048828125,18505553577,3587.5048828125
ETH-USD,2024-03-27,3587.313720703125,3664.383056640625,3460.3935546875,3500.115234375,18753082145,3500.115234375
ETH-USD,2024-03-28,3500.216064453125,3609.705322265625,3465.332275390625,3561.2939453125,16419674157,3561.2939453125
ETH-USD,2024-03-29,3561.01171875,3583.701416015625,3475.7255859375,3511.80615234375,12712701619,3511.80615234375
ETH-USD,2024-03-30,3511.82763671875,3566.08447265625,3489.902099609375,3507.9443359375,9389066783,3507.9443359375
ETH-USD,2024-03-31,3507.95166015625,3655.218994140625,3507.24267578125,3647.8564453125,10499881424,3647.8564453125
ETH-USD,2024-04-01,3647.819580078125,3648.129150390625,3418.6953125,3505.030029296875,16002098681,3505.030029296875
ETH-USD,2024-04-02,3504.818359375,3506.962890625,3215.985107421875,3277.234619140625,22076539151,3277.234619140625
ETH-USD,2024-04-03,3277.32421875,3368.111572265625,3205.649169921875,3311.44189453125,16010734587,3311.44189453125
ETH-USD,2024-04-04,3311.495361328125,3443.20751953125,3253.3193359375,3330.04052734375,14476330517,3330.04052734375
ETH-USD,2024-04-05,3330.005859375,3345.66650390625,3214.244140625,3318.88525390625,15214447092,3318.88525390625
ETH-USD,2024-04-06,3318.86474609375,3397.592529296875,3308.9833984375,3354.183837890625,8956926798,3354.183837890625
ETH-USD,2024-04-07,3354.2138671875,3458.50830078125,3346.11474609375,3453.49462890625,9931108526,3453.49462890625
ETH-USD,2024-04-08,3453.498779296875,3727.616455078125,3409.51171875,3695.292724609375,19055143129,3695.292724609375
ETH-USD,2024-04-09,3695.341796875,3724.92236328125,3455.107666015625,3505.163330078125,18279773833,3505.163330078125
ETH-USD,2024-04-10,3505.156005859375,3561.516357421875,3415.180419921875,3543.737060546875,16872482726,3543.737060546875
ETH-USD,2024-04-11,3543.4521484375,3616.1943359375,3477.171142578125,3505.247802734375,14076734489,3505.247802734375
ETH-USD,2024-04-12,3505.329833984375,3552.589111328125,3103.43017578125,3243.034912109375,22104869556,3243.034912109375
ETH-USD,2024-04-13,3242.94091796875,3299.663818359375,2862.3935546875,3004.900390625,29930408174,3004.900390625
ETH-USD,2024-04-14,3005.547607421875,3174.66650390625,2914.4228515625,3156.94189453125,25486284994,3156.94189453125
ETH-USD,2024-04-15,3156.830078125,3277.5615234375,3026.538818359375,3101.600341796875,21925843181,3101.600341796875
ETH-USD,2024-04-16,3101.140625,3127.160888671875,2997.754638671875,3084.920166015625,19441391169,3084.920166015625
ETH-USD,2024-04-17,3084.923583984375,3123.669677734375,2918.5537109375,2984.7275390625,17711869375,2984.7275390625
ETH-USD,2024-04-18,2984.705322265625,3094.842041015625,2956.12744140625,3066.027587890625,15183777035,3066.027587890625
ETH-USD,2024-04-19,3065.953125,3127.114990234375,2868.7958984375,3059.278564453125,20399982867,3059.278564453125
ETH-USD,2024-04-20,3059.47802734375,3170.6728515625,3021.784912109375,3157.627197265625,9918642130,3157.627197265625
ETH-USD,2024-04-21,3157.571044921875,3197.50634765625,3119.552001953125,3147.28857421875,9394387894,3147.28857421875
ETH-USD,2024-04-22,3147.66357421875,3236.6591796875,3131.367431640625,3201.652099609375,12063858733,3201.652099609375
ETH-USD,2024-04-23,3201.588623046875,3264.41943359375,3154.58984375,3219.91162109375,11054442653,3219.91162109375
ETH-USD,2024-04-24,3219.95703125,3292.921630859375,3105.982177734375,3139.80517578125,14000234760,3139.80517578125
ETH-USD,2024-04-25,3139.624267578125,3190.976318359375,3074.8046875,3156.509521484375,13989030260,3156.509521484375
ETH-USD,2024-04-26,3156.384033203125,3166.188720703125,3103.10400390625,3130.164794921875,10622333862,3130.164794921875
ETH-USD,2024-04-27,3129.72705078125,3279.451171875,3071.340087890625,3252.168212890625,11820785577,3252.168212890625
ETH-USD,2024-04-28,3252.24560546875,3351.176513671875,3249.149169921875,3262.774658203125,11379192678,3262.774658203125
ETH-USD,2024-04-29,3262.3408203125,3285.46875,3116.199951171875,3215.428955078125,15032246816,3215.428955078125
ETH-USD,2024-04-30,3215.381103515625,3249.37841796875,2918.228759765625,3012.286865234375,18266894653,3012.286865234375
ETH-USD,2024-05-01,3011.015625,3020.17333984375,2815.92333984375,2969.78466796875,20005057445,2969.78466796875
ETH-USD,2024-05-02,2969.79443359375,3015.05029296875,2894.329833984375,2988.16845703125,13163903903,2988.16845703125
ETH-USD,2024-05-03,2988.134521484375,3127.1552734375,2960.18212890625,3103.5419921875,12862183229,3103.5419921875
ETH-USD,2024-05-04,3103.61962890625,3167.541259765625,3096.267578125,3117.576416015625,8283229638,3117.576416015625
ETH-USD,2024-05-05,3117.636962890625,3170.05517578125,3075.586181640625,3137.2490234375,8783447639,3137.2490234375
ETH-USD,2024-05-06,3137.51025390625,3220.15234375,3048.238525390625,3062.728759765625,13008587255,3062.728759765625
ETH-USD,2024-05-07,3062.7509765625,3129.081298828125,3003.013671875,3006.5771484375,11743187337,3006.5771484375
ETH-USD,2024-05-08,3006.315673828125,3037.196044921875,2938.47265625,2973.6572265625,11791662158,2973.6572265625
ETH-USD,2024-05-09,2973.9716796875,3057.958251953125,2951.223876953125,3036.0205078125,10861947179,3036.0205078125
ETH-USD,2024-05-10,3036.231201171875,3052.7294921875,2881.000732421875,2909.791259765625,12278653601,2909.791259765625
ETH-USD,2024-05-11,2909.845458984375,2942.1787109375,2888.083251953125,2911.60205078125,6795916454,2911.60205078125
ETH-USD,2024-05-12,2911.658203125,2953.04736328125,2902.201904296875,2928.701904296875,5908941395,2928.701904296875
ETH-USD,2024-05-13,2928.81396484375,2994.869140625,2865.134521484375,2949.359619140625,13352264795,2949.359619140625
ETH-USD,2024-05-14,2949.213134765625,2959.546630859375,2863.5458984375,2881.157958984375,12444516140,2881.157958984375
ETH-USD,2024-05-15,2881.224609375,3041.602294921875,2864.7353515625,3037.056640625,14666902956,3037.056640625
ETH-USD,2024-05-16,3036.01416015625,3041.80712890625,2925.08740234375,2945.131103515625,13035465176,2945.131103515625
ETH-USD,2024-05-17,2945.136962890625,3120.3017578125,2934.112548828125,3094.11865234375,14449438097,3094.11865234375
ETH-USD,2024-05-18,3094.553466796875,3146.79052734375,3087.704345703125,3122.948974609375,9407051320,3122.948974609375
ETH-USD,2024-05-19,3122.82470703125,3137.1484375,3056.75439453125,3071.843017578125,8747800800,3071.843017578125
ETH-USD,2024-05-20,3071.85888671875,3690.805908203125,3050.2978515625,3663.85546875,31228143948,3663.85546875
ETH-USD,2024-05-21,3663.01123046875,3837.372802734375,3628.096435546875,3789.312744140625,37643853967,3789.312744140625
ETH-USD,2024-05-22,3789.372802734375,3810.948486328125,3655.0751953125,3737.2177734375,25155809461,3737.2177734375
ETH-USD,2024-05-23,3737.178466796875,3943.553955078125,3552.642578125,3776.92724609375,45623656317,3776.92724609375
ETH-USD,2024-05-24,3776.992431640625,3825.12255859375,3631.990234375,3726.9345703125,22257061429,3726.9345703125
ETH-USD,2024-05-25,3726.9755859375,3776.006591796875,3710.5283203125,3749.236572265625,10000027764,3749.236572265625
ETH-USD,2024-05-26,3749.179931640625,3879.470703125,3732.02294921875,3825.8974609375,14650794791,3825.8974609375
ETH-USD,2024-05-27,3826.127197265625,3973.556396484375,3821.930419921875,3892.0068359375,18949181813,3892.0068359375
ETH-USD,2024-05-28,3892.096923828125,3924.895751953125,3771.2138671875,3840.25634765625,19846044324,3840.25634765625
ETH-USD,2024-05-29,3840.235107421875,3880.6484375,3742.041259765625,3763.196533203125,17411416736,3763.196533203125
ETH-USD,2024-05-30,3763.357666015625,3823.643310546875,3702.263671875,3746.849609375,15065849797,3746.849609375
ETH-USD,2024-05-31,3746.861572265625,3843.857666015625,3723.835205078125,3760.026611328125,15290700646,3760.026611328125
ETH-USD,2024-06-01,3759.88427734375,3829.294677734375,3749.840087890625,3813.198974609375,8661024535,3813.198974609375
ETH-USD,2024-06-02,3813.275634765625,3834.911865234375,3752.41455078125,3780.89599609375,11126903059,3780.89599609375
ETH-USD,2024-06-03,3780.854248046875,3848.60302734375,3758.919921875,3766.38916015625,14082454300,3766.38916015625
ETH-USD,2024-06-04,3766.476318359375,3831.364990234375,3738.13427734375,3812.515869140625,13331489271,3812.515869140625
ETH-USD,2024-06-05,3812.560791015625,3887.48583984375,3778.65576171875,3864.260986328125,15480034434,3864.260986328125
ETH-USD,2024-06-06,3864.263427734375,3878.05224609375,3761.775390625,3811.60595703125,13606583873,3811.60595703125
ETH-USD,2024-06-07,3811.666015625,3838.4521484375,3615.2802734375,3678.629150390625,18220286186,3678.629150390625
ETH-USD,2024-06-08,3677.400390625,3707.497314453125,3669.637939453125,3680.949951171875,9096091805,3680.949951171875
ETH-USD,2024-06-09,3680.93603515625,3719.36767578125,3668.12353515625,3705.90380859375,7910768788,3705.90380859375
ETH-USD,2024-06-10,3705.877197265625,3711.4287109375,3648.16455078125,3666.717529296875,10377300126,3666.717529296875
ETH-USD,2024-06-11,3666.35888671875,3669.890869140625,3434.7490234375,3498.33056640625,19184721538,3498.33056640625
ETH-USD,2024-06-12,3497.89697265625,3652.4921875,3463.784912109375,3559.61767578125,17142905351,3559.61767578125
ETH-USD,2024-06-13,3559.725341796875,3559.725341796875,3431.33349609375,3469.28125,14472382154,3469.28125
ETH-USD,2024-06-14,3467.969970703125,3528.602294921875,3366.223876953125,3480.27197265625,15793876596,3480.27197265625
ETH-USD,2024-06-15,3479.78564453125,3589.887451171875,3473.45263671875,3565.549560546875,12733651076,3565.549560546875
ETH-USD,2024-06-16,3566.761962890625,3648.093017578125,3541.534423828125,3620.5634765625,9878388158,3620.5634765625
ETH-USD,2024-06-17,3622.383544921875,3634.285400390625,3468.14892578125,3511.37890625,17838856988,3511.37890625
ETH-USD,2024-06-18,3510.565185546875,3514.17724609375,3371.59033203125,3483.681396484375,21022514455,3483.681396484375
ETH-USD,2024-06-19,3482.350830078125,3583.320068359375,3466.48095703125,3559.347412109375,15275373778,3559.347412109375
ETH-USD,2024-06-20,3559.347412109375,3623.886474609375,3485.4599609375,3511.0869140625,16115123753,3511.0869140625
ETH-USD,2024-06-21,3511.268310546875,3542.957275390625,3447.935546875,3516.07568359375,15933353456,3516.07568359375
ETH-USD,2024-06-22,3516.55126953125,3519.49755859375,3477.169921875,3494.8134765625,7423703673,3494.8134765625
ETH-USD,2024-06-23,3494.953857421875,3519.324951171875,3408.5830078125,3418.61181640625,9418141333,3418.61181640625
ETH-USD,2024-06-24,3418.783203125,3430.698974609375,3244.241455078125,3350.25634765625,23137744903,3350.25634765625
ETH-USD,2024-06-25,3350.5556640625,3422.21337890625,3335.556884765625,3395.029052734375,13235546063,3395.029052734375
ETH-USD,2024-06-26,3394.373291015625,3421.509521484375,3328.390625,3369.477294921875,11694054195,3369.477294921875
ETH-USD,2024-06-27,3368.88623046875,3470.923095703125,3362.2646484375,3444.800537109375,11771834016,3444.800537109375
ETH-USD,2024-06-28,3445.498779296875,3482.95751953125,3363.4375,3373.635986328125,12861158844,3373.635986328125
ETH-USD,2024-06-29,3373.68994140625,3401.730224609375,3369.552734375,3372.9677734375,6584792001,3372.9677734375
ETH-USD,2024-06-30,3373.07568359375,3453.21142578125,3352.284423828125,3432.88916015625,8396416013,3432.88916015625
ETH-USD,2024-07-01,3432.607421875,3513.310791015625,3425.3232421875,3440.341552734375,12281551839,3440.341552734375
ETH-USD,2024-07-02,3439.38134765625,3459.761474609375,3399.026123046875,3416.354736328125,9421757718,3416.354736328125
ETH-USD,2024-07-03,3416.2548828125,3426.332275390625,3254.521240234375,3292.916748046875,16121324440,3292.916748046875
ETH-USD,2024-07-04,3291.81787109375,3309.20361328125,3054.52197265625,3054.52197265625,20252514386,3054.52197265625
ETH-USD,2024-07-05,3057.833251953125,3106.152587890625,2826.014404296875,2981.5986328125,31131942647,2981.5986328125
ETH-USD,2024-07-06,2981.988037109375,3080.107421875,2957.395751953125,3069.3779296875,11586293705,3069.3779296875
ETH-USD,2024-07-07,3067.405029296875,3072.814453125,2923.959228515625,2929.38720703125,10857947538,2929.38720703125
ETH-USD,2024-07-08,2929.861572265625,3090.66455078125,2826.481689453125,3018.73193359375,22627377457,3018.73193359375
ETH-USD,2024-07-09,3018.80322265625,3105.800537109375,3005.522216796875,3064.032958984375,15269945822,3064.032958984375
ETH-USD,2024-07-10,3066.13720703125,3148.407470703125,3026.6083984375,3102.21875,14578679176,3102.21875
ETH-USD,2024-07-11,3101.335205078125,3208.9384765625,3057.21923828125,3100.330810546875,15230095766,3100.330810546875
ETH-USD,2024-07-12,3099.989990234375,3154.6015625,3048.508056640625,3134.15869140625,12751638331,3134.15869140625
ETH-USD,2024-07-13,3134.550537109375,3199.989501953125,3115.080322265625,3177.19873046875,8565105946,3177.19873046875
ETH-USD,2024-07-14,3176.741455078125,3266.487548828125,3166.43115234375,3244.0791015625,10517709666,3244.0791015625
ETH-USD,2024-07-15,3246.131591796875,3494.098388671875,3235.776123046875,3489.552734375,18305490390,3489.552734375
ETH-USD,2024-07-16,3486.14404296875,3498.218994140625,3351.77978515625,3443.513427734375,20446664416,3443.513427734375
ETH-USD,2024-07-17,3446.73681640625,3516.104248046875,3379.099609375,3388.75244140625,16739123962,3388.75244140625
ETH-USD,2024-07-18,3388.030029296875,3488.715576171875,3374.990478515625,3426.258544921875,15035622003,3426.258544921875
ETH-USD,2024-07-19,3425.90869140625,3540.58837890625,3377.877685546875,3505.73486328125,17705629736,3505.73486328125
ETH-USD,2024-07-20,3505.721435546875,3539.904296875,3482.489013671875,3519.29541015625,10360198325,3519.29541015625
ETH-USD,2024-07-21,3519.426513671875,3546.619140625,3415.44384765625,3536.60546875,13845913681,3536.60546875
ETH-USD,2024-07-22,3536.627197265625,3560.075439453125,3425.795654296875,3440.419921875,18723199034,3440.419921875
ETH-USD,2024-07-23,3440.768310546875,3539.53173828125,3395.4208984375,3481.995849609375,24468405650,3481.995849609375
ETH-USD,2024-07-24,3482.15185546875,3487.653076171875,3304.039306640625,3336.33935546875,16040945448,3336.33935546875
ETH-USD,2024-07-25,3336.3623046875,3341.4384765625,3088.764404296875,3174.42724609375,25293745810,3174.42724609375
ETH-USD,2024-07-26,3174.051025390625,3285.760986328125,3172.777099609375,3275.951416015625,15993893521,3275.951416015625
ETH-USD,2024-07-27,3275.8916015625,3327.426513671875,3195.356689453125,3247.60791015625,15198233287,3247.60791015625
ETH-USD,2024-07-28,3247.50732421875,3283.152099609375,3201.76318359375,3271.464599609375,8959236446,3271.464599609375
ETH-USD,2024-07-29,3271.453369140625,3396.625732421875,3257.715576171875,3320.539306640625,18334852719,3320.539306640625
ETH-USD,2024-07-30,3320.63525390625,3365.322509765625,3235.760009765625,3278.667724609375,14045773047,3278.667724609375
ETH-USD,2024-07-31,3278.6865234375,3347.636474609375,3216.07177734375,3231.295654296875,16135380637,3231.295654296875
ETH-USD,2024-08-01,3231.248779296875,3241.77734375,3078.5439453125,3201.564453125,20217639556,3201.564453125
ETH-USD,2024-08-02,3201.599365234375,3214.527099609375,2965.73388671875,2986.01318359375,21400241741,2986.01318359375
ETH-USD,2024-08-03,2985.950927734375,3015.296142578125,2861.177490234375,2903.3857421875,17844091431,2903.3857421875
ETH-USD,2024-08-04,2903.088623046875,2931.4716796875,2639.566650390625,2686.39892578125,21139601426,2686.39892578125
ETH-USD,2024-08-05,2686.027587890625,2695.88671875,2122.546142578125,2417.206298828125,67668132244,2417.206298828125
ETH-USD,2024-08-06,2417.269775390625,2553.5810546875,2416.527099609375,2458.723876953125,26041995921,2458.723876953125
ETH-USD,2024-08-07,2458.989013671875,2551.560791015625,2312.168701171875,2336.58935546875,24264218606,2336.58935546875
ETH-USD,2024-08-08,2336.9150390625,2721.95458984375,2322.529541015625,2683.352783203125,23468291180,2683.352783203125
ETH-USD,2024-08-09,2683.719970703125,2706.451171875,2555.2294921875,2599.5986328125,17907141655,2599.5986328125
ETH-USD,2024-08-10,2599.582275390625,2642.92578125,2580.661865234375,2610.02294921875,9361014219,2610.02294921875
ETH-USD,2024-08-11,2609.9697265625,2718.797607421875,2544.1748046875,2553.252197265625,13595441987,2553.252197265625
ETH-USD,2024-08-12,2553.49658203125,2749.135009765625,2513.39404296875,2724.431884765625,21653090666,2724.431884765625
ETH-USD,2024-08-13,2724.303466796875,2737.990478515625,2613.80126953125,2703.671875,16383053029,2703.671875
ETH-USD,2024-08-14,2703.5869140625,2775.281005859375,2636.705322265625,2662.914794921875,15825365408,2662.914794921875
ETH-USD,2024-08-15,2662.885498046875,2675.314453125,2518.670654296875,2570.087646484375,16345801912,2570.087646484375
ETH-USD,2024-08-16,2570.085205078125,2629.383544921875,2553.071533203125,2593.1865234375,13275561555,2593.1865234375
ETH-USD,2024-08-17,2593.1669921875,2626.6728515625,2588.78515625,2614.546875,6676568717,2614.546875
ETH-USD,2024-08-18,2614.109619140625,2684.031005859375,2596.735107421875,2613.357177734375,9207267415,2613.357177734375
ETH-USD,2024-08-19,2612.718505859375,2648.284423828125,2566.401123046875,2637.306396484375,11968963282,2637.306396484375
ETH-USD,2024-08-20,2637.306396484375,2695.913818359375,2556.74755859375,2573.10693359375,13249483464,2573.10693359375
ETH-USD,2024-08-21,2573.10888671875,2662.953369140625,2538.65771484375,2631.3955078125,12766015263,2631.3955078125
ETH-USD,2024-08-22,2630.8642578125,2644.82373046875,2587.110595703125,2622.951416015625,10723280428,2622.951416015625
ETH-USD,2024-08-23,2622.916015625,2799.329833984375,2622.5810546875,2764.447021484375,16857181970,2764.447021484375
ETH-USD,2024-08-24,2765.4814453125,2820.0205078125,2737.776611328125,2769.3896484375,11765811307,2769.3896484375
ETH-USD,2024-08-25,2769.09814453125,2793.012939453125,2736.0888671875,2749.15771484375,9375535539,2749.15771484375
ETH-USD,2024-08-26,2749.24755859375,2763.004150390625,2668.88671875,2681.340576171875,12282035835,2681.340576171875
ETH-USD,2024-08-27,2681.622802734375,2700.15283203125,2401.175048828125,2458.7265625,18028996056,2458.7265625
ETH-USD,2024-08-28,2458.90478515625,2553.820068359375,2422.293701171875,2528.41552734375,20359545410,2528.41552734375
ETH-USD,2024-08-29,2528.3623046875,2595.97705078125,2507.50244140625,2528.792724609375,13946434277,2528.792724609375
ETH-USD,2024-08-30,2528.732177734375,2539.915283203125,2432.83447265625,2525.822021484375,15526218255,2525.822021484375
ETH-USD,2024-08-31,2525.859130859375,2532.389892578125,2493.70556640625,2513.393798828125,6646876013,2513.393798828125
ETH-USD,2024-09-01,2513.42431640625,2515.46728515625,2401.88916015625,2427.90234375,11800443265,2427.90234375
ETH-USD,2024-09-02,2427.973388671875,2563.0859375,2426.095947265625,2538.187255859375,12520444224,2538.187255859375
ETH-USD,2024-09-03,2538.16064453125,2552.802734375,2419.875244140625,2420.603759765625,11406800197,2420.603759765625
ETH-USD,2024-09-04,2420.1923828125,2488.91650390625,2313.26513671875,2448.97705078125,16709600747,2448.97705078125
ETH-USD,2024-09-05,2448.98681640625,2465.38525390625,2348.86328125,2367.737548828125,13632325040,2367.737548828125
ETH-USD,2024-09-06,2367.700927734375,2406.511962890625,2150.86328125,2223.87646484375,25825618367,2223.87646484375
ETH-USD,2024-09-07,2223.92919921875,2310.19482421875,2222.100830078125,2274.107177734375,11124608320,2274.107177734375
ETH-USD,2024-09-08,2274.437744140625,2332.359375,2243.911376953125,2297.29296875,10718443487,2297.29296875
ETH-USD,2024-09-09,2297.896240234375,2379.78662109375,2274.115478515625,2358.482177734375,15887712451,2358.482177734375
ETH-USD,2024-09-10,2358.497802734375,2398.50390625,2323.07177734375,2389.5810546875,12795818970,2389.5810546875
ETH-USD,2024-09-11,2389.603759765625,2389.71826171875,2279.0537109375,2339.841552734375,15355180967,2339.841552734375
ETH-USD,2024-09-12,2339.8408203125,2390.186767578125,2316.15771484375,2361.78173828125,12162634681,2361.78173828125
ETH-USD,2024-09-13,2361.740966796875,2462.802978515625,2338.14404296875,2441.607177734375,13759640866,2441.607177734375
ETH-USD,2024-09-14,2441.580810546875,2442.632080078125,2386.979736328125,2418.595703125,8170291680,2418.595703125
ETH-USD,2024-09-15,2418.26611328125,2430.38330078125,2286.628173828125,2320.897216796875,10155470375,2320.897216796875
ETH-USD,2024-09-16,2320.89453125,2334.789794921875,2253.715087890625,2295.28369140625,16819033263,2295.28369140625
ETH-USD,2024-09-17,2295.284423828125,2392.149169921875,2263.79296875,2341.707763671875,15356783863,2341.707763671875
ETH-USD,2024-09-18,2341.73291015625,2369.72900390625,2278.66455078125,2369.72900390625,18159056422,2369.72900390625
ETH-USD,2024-09-19,2369.374755859375,2492.20458984375,2369.374755859375,2464.752197265625,18437147349,2464.752197265625
ETH-USD,2024-09-20,2464.7822265625,2571.99267578125,2439.3779296875,2561.072021484375,19112788620,2561.072021484375
ETH-USD,2024-09-21,2560.879638671875,2621.62255859375,2530.837890625,2615.857177734375,10797825021,2615.857177734375
ETH-USD,2024-09-22,2615.84814453125,2632.039306640625,2528.522216796875,2582.862548828125,13180663011,2582.862548828125
ETH-USD,2024-09-23,2582.77490234375,2701.677734375,2541.910400390625,2648.54638671875,19912841456,2648.54638671875
ETH-USD,2024-09-24,2648.482177734375,2671.27587890625,2593.152099609375,2654.35498046875,16658812503,2654.35498046875
ETH-USD,2024-09-25,2654.361572265625,2672.4619140625,2557.724365234375,2579.388671875,14119729962,2579.388671875
ETH-USD,2024-09-26,2579.217529296875,2665.99267578125,2559.954345703125,2632.199951171875,17336033595,2632.199951171875
ETH-USD,2024-09-27,2632.241943359375,2728.067626953125,2616.950927734375,2695.900634765625,17023020294,2695.900634765625
ETH-USD,2024-09-28,2695.81591796875,2704.9287109375,2652.25048828125,2677.5390625,10252590559,2677.5390625
ETH-USD,2024-09-29,2677.628662109375,2683.44580078125,2635.5849609375,2659.346923828125,11126215671,2659.346923828125
ETH-USD,2024-09-30,2659.292724609375,2662.489013671875,2576.97607421875,2603.062744140625,17826446789,2603.062744140625
ETH-USD,2024-10-01,2603.26416015625,2657.615478515625,2415.07861328125,2448.921142578125,25482371785,2448.921142578125
ETH-USD,2024-10-02,2448.877197265625,2498.121337890625,2354.539306640625,2365.231689453125,20148256472,2365.231689453125
ETH-USD,2024-10-03,2365.213623046875,2402.862548828125,2311.02783203125,2349.791259765625,18051447791,2349.791259765625
ETH-USD,2024-10-04,2349.73291015625,2440.242431640625,2339.870849609375,2414.7939453125,14879264082,2414.7939453125
ETH-USD,2024-10-05,2414.84716796875,2427.517578125,2390.844482421875,2415.6318359375,8152969183,2415.6318359375
ETH-USD,2024-10-06,2415.53173828125,2456.630615234375,2407.099365234375,2439.957763671875,8458690205,2439.957763671875
ETH-USD,2024-10-07,2439.94482421875,2520.40625,2405.13427734375,2421.796630859375,17414044416,2421.796630859375
ETH-USD,2024-10-08,2421.98095703125,2464.12744140625,2400.5107421875,2439.8408203125,14067361080,2439.8408203125
ETH-USD,2024-10-09,2439.840087890625,2470.9130859375,2350.946533203125,2368.283447265625,14954047093,2368.283447265625
ETH-USD,2024-10-10,2368.273193359375,2417.2880859375,2329.78466796875,2383.85791015625,15327769940,2383.85791015625
ETH-USD,2024-10-11,2383.940185546875,2470.395751953125,2380.504638671875,2436.513427734375,13489061564,2436.513427734375
ETH-USD,2024-10-12,2436.515625,2488.23779296875,2434.202880859375,2476.523193359375,9372169184,2476.523193359375
ETH-USD,2024-10-13,2476.520263671875,2484.12939453125,2436.9697265625,2467.677001953125,9189490605,2467.677001953125
ETH-USD,2024-10-14,2467.6474609375,2652.8818359375,2443.552978515625,2628.89990234375,21434687898,2628.89990234375
ETH-USD,2024-10-15,2629.017578125,2685.166748046875,2537.94091796875,2606.02197265625,22003780898,2606.02197265625
ETH-USD,2024-10-16,2606.01953125,2644.854248046875,2589.60693359375,2611.10205078125,17012396419,2611.10205078125
ETH-USD,2024-10-17,2611.192138671875,2646.8740234375,2577.305908203125,2604.2734375,15150712321,2604.2734375
ETH-USD,2024-10-18,2604.814453125,2674.371826171875,2595.958984375,2641.55224609375,17043738652,2641.55224609375
ETH-USD,2024-10-19,2641.48828125,2661.872802734375,2631.656982421875,2648.656982421875,8557834553,2648.656982421875
ETH-USD,2024-10-20,2648.665771484375,2756.436767578125,2635.94580078125,2746.364013671875,14559296242,2746.364013671875
ETH-USD,2024-10-21,2746.3056640625,2765.549560546875,2655.29443359375,2665.712158203125,17328615363,2665.712158203125
ETH-USD,2024-10-22,2665.65673828125,2669.7900390625,2605.61865234375,2620.197509765625,15541911074,2620.197509765625
ETH-USD,2024-10-23,2620.088623046875,2624.450439453125,2457.169921875,2509.098876953125,17876984551,2509.098876953125
ETH-USD,2024-10-24,2523.60693359375,2559.1513671875,2506.722900390625,2534.49853515625,16128627601,2534.49853515625
ETH-USD,2024-10-25,2534.454833984375,2563.734130859375,2381.45068359375,2435.93408203125,22560233078,2435.93408203125
ETH-USD,2024-10-26,2436.050048828125,2503.23046875,2427.46142578125,2479.603271484375,13597102184,2479.603271484375
ETH-USD,2024-10-27,2479.93701171875,2523.17138671875,2462.27197265625,2505.940673828125,9801434566,2505.940673828125
ETH-USD,2024-10-28,2505.590576171875,2587.43017578125,2470.268310546875,2565.34814453125,18971841402,2565.34814453125
ETH-USD,2024-10-29,2565.41796875,2680.054443359375,2560.15380859375,2637.95751953125,22185845095,2637.95751953125
ETH-USD,2024-10-30,2637.64013671875,2720.271484375,2600.609619140625,2657.37255859375,22382690746,2657.37255859375
ETH-USD,2024-10-31,2657.213134765625,2667.5595703125,2501.572265625,2515.79931640625,19760409505,2515.79931640625
ETH-USD,2024-11-01,2515.870361328125,2583.777099609375,2467.8193359375,2511.885498046875,20215438328,2511.885498046875
ETH-USD,2024-11-02,2512.208251953125,2522.360595703125,2471.95556640625,2491.068603515625,9639457439,2491.068603515625
ETH-USD,2024-11-03,2491.094482421875,2495.4365234375,2411.3984375,2456.42529296875,15667779706,2456.42529296875
ETH-USD,2024-11-04,2456.09521484375,2488.350341796875,2359.578125,2397.0263671875,17110200696,2397.0263671875
ETH-USD,2024-11-05,2397.036376953125,2478.618896484375,2380.601318359375,2422.650634765625,17894057485,2422.650634765625
ETH-USD,2024-11-06,2422.539306640625,2743.964111328125,2421.81298828125,2724.169189453125,41887574364,2724.169189453125
ETH-USD,2024-11-07,2724.005859375,2918.744384765625,2701.5908203125,2895.58544921875,35352318438,2895.58544921875
ETH-USD,2024-11-08,2895.597900390625,2983.744873046875,2889.484375,2962.296630859375,32303261101,2962.296630859375
ETH-USD,2024-11-09,2962.791015625,3156.3662109375,2957.182373046875,3131.14453125,29210133088,3131.14453125
ETH-USD,2024-11-10,3130.729248046875,3249.9140625,3073.248779296875,3191.331298828125,47418730187,3191.331298828125
ETH-USD,2024-11-11,3191.656982421875,3389.529296875,3109.76953125,3374.81298828125,55417771668,3374.81298828125
ETH-USD,2024-11-12,3375.15478515625,3444.154052734375,3211.198486328125,3246.25732421875,56686078066,3246.25732421875
ETH-USD,2024-11-13,3244.543212890625,3337.877197265625,3121.666015625,3192.595947265625,52010205682,3192.595947265625
ETH-USD,2024-11-14,3192.5205078125,3240.270751953125,3032.971923828125,3058.94873046875,35743352141,3058.94873046875
ETH-USD,2024-11-15,3059.526123046875,3130.703857421875,3016.14404296875,3103.04052734375,32701369872,3103.04052734375
ETH-USD,2024-11-16,3089.739990234375,3218.089599609375,3073.286376953125,3133.27392578125,26650658846,3133.27392578125
ETH-USD,2024-11-17,3133.306640625,3160.152587890625,3039.246826171875,3075.66162109375,28348163224,3075.66162109375
ETH-USD,2024-11-18,3075.722900390625,3225.130615234375,3052.4912109375,3207.8564453125,35445557613,3207.8564453125
ETH-USD,2024-11-19,3208.25048828125,3222.00439453125,3070.36279296875,3111.384033203125,29823634432,3111.384033203125
ETH-USD,2024-11-20,3111.116943359375,3159.949462890625,3032.603271484375,3072.18798828125,29785491216,3072.18798828125
ETH-USD,2024-11-21,3072.05517578125,3388.54296875,3035.8466796875,3361.053955078125,51619069348,3361.053955078125
ETH-USD,2024-11-22,3360.654296875,3428.46044921875,3262.808837890625,3331.600830078125,36775716442,3331.600830078125
ETH-USD,2024-11-23,3331.6455078125,3499.370849609375,3317.65478515625,3396.223388671875,38835184688,3396.223388671875
ETH-USD,2024-11-24,3396.99951171875,3451.80224609375,3288.430908203125,3363.659912109375,27901454185,3363.659912109375
ETH-USD,2024-11-25,3364.6015625,3545.27880859375,3304.093994140625,3413.5439453125,51544793988,3413.5439453125
ETH-USD,2024-11-26,3412.950927734375,3461.29296875,3255.54296875,3326.517333984375,39902959158,3326.517333984375
ETH-USD,2024-11-27,3326.029052734375,3687.009033203125,3303.56787109375,3657.249267578125,43383987191,3657.249267578125
ETH-USD,2024-11-28,3656.609619140625,3664.878173828125,3531.87060546875,3579.8115234375,32362724276,3579.8115234375
ETH-USD,2024-11-29,3579.91064453125,3647.264404296875,3538.44677734375,3593.494384765625,27622629486,3593.494384765625
ETH-USD,2024-11-30,3593.59814453125,3739.934814453125,3572.254150390625,3705.705322265625,30670867436,3705.705322265625
ETH-USD,2024-12-01,3706.619873046875,3747.455322265625,3663.234130859375,3711.1650390625,28018113530,3711.1650390625
ETH-USD,2024-12-02,3710.495361328125,3761.343017578125,3557.252197265625,3644.198486328125,47284967570,3644.198486328125
ETH-USD,2024-12-03,3643.7421875,3670.2197265625,3504.226318359375,3620.711669921875,36839829742,3620.711669921875
ETH-USD,2024-12-04,3620.03759765625,3895.17431640625,3617.74462890625,3841.3310546875,56799745752,3841.3310546875
ETH-USD,2024-12-05,3840.844482421875,3956.54150390625,3683.4208984375,3811.00830078125,60568296606,3811.00830078125
ETH-USD,2024-12-06,3792.20849609375,4093.172119140625,3782.681396484375,4005.810546875,52853668566,4005.810546875
ETH-USD,2024-12-07,4006.02880859375,4029.452880859375,3974.17626953125,4002.692626953125,22574636761,4002.692626953125
ETH-USD,2024-12-08,4007.690673828125,4018,3927.85400390625,4005.70458984375,20943378971,4005.70458984375
ETH-USD,2024-12-09,4006.101806640625,4008.77783203125,3525.23291015625,3718.6904296875,57029832059,3718.6904296875
ETH-USD,2024-12-10,3719.00048828125,3780.75341796875,3520.365234375,3631.833740234375,58416417599,3631.833740234375
ETH-USD,2024-12-11,3631.276123046875,3850.765380859375,3567.56640625,3832.822021484375,35968053196,3832.822021484375
ETH-USD,2024-12-12,3833.172119140625,3987.005859375,3800.0908203125,3883.1015625,42971675764,3883.1015625
ETH-USD,2024-12-13,3883.030029296875,3967.395263671875,3855.023681640625,3911.205322265625,34895127659,3911.205322265625
ETH-USD,2024-12-14,3910.847900390625,3943.278076171875,3826.761962890625,3868.4052734375,28756190559,3868.4052734375
ETH-USD,2024-12-15,3868.441162109375,3971.498046875,3832.0966796875,3951.941162109375,25069616984,3951.941162109375
ETH-USD,2024-12-16,3951.65283203125,4106.95556640625,3882.705322265625,3987.48095703125,46536359669,3987.48095703125
ETH-USD,2024-12-17,3987.333984375,4040.337890625,3849.28662109375,3886.76611328125,35418700472,3886.76611328125
ETH-USD,2024-12-18,3886.886962890625,3902.715576171875,3617.840576171875,3618.791259765625,48946681636,3618.791259765625
ETH-USD,2024-12-19,3619.58203125,3717.662353515625,3330.87255859375,3417.927978515625,58879190250,3417.927978515625
ETH-USD,2024-12-20,3417.93017578125,3496.327392578125,3098.20361328125,3472.553466796875,66383827229,3472.553466796875
ETH-USD,2024-12-21,3472.589111328125,3552.921630859375,3293.505615234375,3337.222412109375,31579389836,3337.222412109375
ETH-USD,2024-12-22,3336.998779296875,3398.657470703125,3219.294921875,3277.53515625,24780768375,3277.53515625
ETH-USD,2024-12-23,3277.51416015625,3461.52783203125,3217.36865234375,3415.785400390625,34496081389,3415.785400390625
ETH-USD,2024-12-24,3415.738037109375,3535.857666015625,3355.609130859375,3492.0498046875,23083678195,3492.0498046875
ETH-USD,2024-12-25,3491.95751953125,3542.833740234375,3440.09716796875,3493.2353515625,17651873225,3493.2353515625
ETH-USD,2024-12-26,3493.30419921875,3512.6044921875,3302.306396484375,3331.225830078125,22247726776,3331.225830078125
ETH-USD,2024-12-27,3331.0537109375,3436.710693359375,3302.57568359375,3328.9169921875,24091627403,3328.9169921875
ETH-USD,2024-12-28,3328.774658203125,3419.920166015625,3318.033935546875,3397.90234375,14305648523,3397.90234375
ETH-USD,2024-12-29,3397.862548828125,3406.6484375,3321.664794921875,3349.513427734375,13440907792,3349.513427734375
ETH-USD,2024-12-30,3349.5859375,3428.52734375,3298.804443359375,3356.392578125,26981583962,3356.392578125
ETH-USD,2024-12-31,3356.394775390625,3444.396728515625,3311.41259765625,3332.53173828125,20845452085,3332.53173828125
ETH-USD,2025-01-01,3332.406494140625,3366.531494140625,3310.255859375,3353.504150390625,14195410493,3353.504150390625
ETH-USD,2025-01-02,3353.412109375,3493.4482421875,3348.35205078125,3451.392578125,22243574698,3451.392578125
ETH-USD,2025-01-03,3451.680908203125,3627.0556640625,3421.83154296875,3605.009765625,21877299255,3605.009765625
ETH-USD,2025-01-04,3605.20068359375,3669.19677734375,3574.326904296875,3657.706787109375,16060610759,3657.706787109375
ETH-USD,2025-01-05,3657.7431640625,3673.81298828125,3594.616943359375,3634.103759765625,12830306908,3634.103759765625
ETH-USD,2025-01-06,3634.11376953125,3743.941650390625,3611.21435546875,3688.611328125,23973574043,3688.611328125
ETH-USD,2025-01-07,3688.34130859375,3701.10693359375,3358.08984375,3381.577392578125,32235312545,3381.577392578125
ETH-USD,2025-01-08,3381.615478515625,3413.682861328125,3209.214599609375,3326.329345703125,34337730882,3326.329345703125
ETH-USD,2025-01-09,3326.359619140625,3355.8623046875,3159.384033203125,3219.4306640625,28815726276,3219.4306640625
ETH-USD,2025-01-10,3219.49658203125,3320.50048828125,3196.1103515625,3267.489990234375,26503845190,3267.489990234375
ETH-USD,2025-01-11,3267.5224609375,3317.654296875,3219.69873046875,3282.2177734375,11772144561,3282.2177734375
ETH-USD,2025-01-12,3282.150390625,3298.018310546875,3224.510498046875,3265.951171875,11647743556,3265.951171875
ETH-USD,2025-01-13,3266.095458984375,3335.193603515625,2920.5927734375,3135.499755859375,39911742769,3135.499755859375
ETH-USD,2025-01-14,3135.670166015625,3254.75146484375,3126.805908203125,3223.6845703125,22847737224,3223.6845703125
ETH-USD,2025-01-15,3223.6845703125,3473.1015625,3186.139892578125,3450.53759765625,25991614661,3450.53759765625
ETH-USD,2025-01-16,3450.30517578125,3458.1806640625,3265.67578125,3308.34521484375,26395516475,3308.34521484375
ETH-USD,2025-01-17,3308.191162109375,3525.54345703125,3307.31103515625,3474.107177734375,28200207229,3474.107177734375
ETH-USD,2025-01-18,3473.563720703125,3493.06005859375,3228.333740234375,3305.78955078125,32420094038,3305.78955078125
ETH-USD,2025-01-19,3305.39794921875,3444.20654296875,3127.623046875,3208.96435546875,57242875399,3208.96435546875
ETH-USD,2025-01-20,3208.933837890625,3444.28271484375,3147.52294921875,3278.035400390625,52383187336,3278.035400390625
ETH-USD,2025-01-21,3278.43603515625,3365.778076171875,3202.49267578125,3327.40625,32804001146,3327.40625
ETH-USD,2025-01-22,3327.2373046875,3364.74609375,3223.385986328125,3240.224609375,22171220981,3240.224609375
ETH-USD,2025-01-23,3240.475341796875,3346.732421875,3184.06689453125,3334.714111328125,32419520084,3334.714111328125
ETH-USD,2025-01-24,3334.808349609375,3424.89990234375,3277.3232421875,3309.554931640625,25578325671,3309.554931640625
ETH-USD,2025-01-25,3309.711669921875,3349.29833984375,3270.273193359375,3317.26953125,13744316078,3317.26953125
ETH-USD,2025-01-26,3317.29150390625,3359.3125,3233.922119140625,3236.13427734375,14471528757,3236.13427734375
ETH-USD,2025-01-27,3235.855224609375,3250.396484375,3024.091552734375,3178.92041015625,39412486482,3178.92041015625
ETH-USD,2025-01-28,3179.0869140625,3222.7373046875,3040.09228515625,3077.112548828125,20718206194,3077.112548828125
ETH-USD,2025-01-29,3076.380126953125,3177.98046875,3055.181640625,3112.9990234375,22727786058,3112.9990234375
ETH-USD,2025-01-30,3113.289794921875,3282.986328125,3093.123779296875,3247.780029296875,19958405782,3247.780029296875
ETH-USD,2025-01-31,3247.8671875,3437.569091796875,3214.935546875,3298.26513671875,30128115902,3298.26513671875
ETH-USD,2025-02-01,3298.822265625,3329.6552734375,3103.9189453125,3118.32861328125,19917507079,3118.32861328125
ETH-USD,2025-02-02,3118.611572265625,3161.894287109375,2755.474609375,2868.69287109375,42060930305,2868.69287109375
ETH-USD,2025-02-03,2868.07861328125,2919.477294921875,2159.280517578125,2884.566650390625,92453553253,2884.566650390625
ETH-USD,2025-02-04,2883.818359375,2888.25,2636.165771484375,2735.05126953125,48795275985,2735.05126953125
ETH-USD,2025-02-05,2735.225830078125,2824.400146484375,2701.10498046875,2787.779052734375,31960764447,2787.779052734375
ETH-USD,2025-02-06,2787.65869140625,2857.14208984375,2662.44580078125,2688.40087890625,29500645692,2688.40087890625
ETH-USD,2025-02-07,2688.8974609375,2798.02880859375,2564.96826171875,2622.211181640625,29526663418,2622.211181640625
ETH-USD,2025-02-08,2623.001953125,2665.484619140625,2591.778564453125,2632.308349609375,17059263074,2632.308349609375
ETH-USD,2025-02-09,2632.578125,2695.222412109375,2530.435791015625,2628.72119140625,17517088276,2628.72119140625
ETH-USD,2025-02-10,2628.650146484375,2692.80859375,2564.0185546875,2661.166748046875,19414208113,2661.166748046875
ETH-USD,2025-02-11,2661.315673828125,2724.90234375,2565.397216796875,2602.781982421875,21156550492,2602.781982421875
ETH-USD,2025-02-12,2602.828125,2794.867431640625,2551.174560546875,2736.902099609375,26919387954,2736.902099609375
ETH-USD,2025-02-13,2737.028564453125,2756.443359375,2615.667724609375,2675.902587890625,19481004625,2675.902587890625
ETH-USD,2025-02-14,2675.939453125,2790.023681640625,2666.26806640625,2726.091552734375,17732289901,2726.091552734375
ETH-USD,2025-02-15,2726.07470703125,2738.68115234375,2668.53173828125,2693.559814453125,10803019357,2693.559814453125
ETH-USD,2025-02-16,2693.5625,2724.096435546875,2655.297607421875,2663.31591796875,10593602117,2663.31591796875
ETH-USD,2025-02-17,2663.2294921875,2848.7841796875,2640.18212890625,2743.19970703125,24170425078,2743.19970703125
ETH-USD,2025-02-18,2743.02294921875,2754.6767578125,2606.900390625,2669.3388671875,23004152928,2669.3388671875
ETH-USD,2025-02-19,2669.21337890625,2735.917724609375,2656.375732421875,2715.77099609375,15272401903,2715.77099609375
ETH-USD,2025-02-20,2715.6826171875,2770.030517578125,2708.216064453125,2740.386474609375,15917259320,2740.386474609375
ETH-USD,2025-02-21,2740.022216796875,2842.8271484375,2616.91943359375,2659.655517578125,31441524621,2659.655517578125
ETH-USD,2025-02-22,2660.035888671875,2797.057861328125,2653.867431640625,2764.029296875,16403164397,2764.029296875
ETH-USD,2025-02-23,2764.031005859375,2850.6103515625,2746.773681640625,2821.310302734375,20493767269,2821.310302734375
ETH-USD,2025-02-24,2820.456298828125,2839.010009765625,2478.8994140625,2513.8212890625,29127380459,2513.8212890625
ETH-USD,2025-02-25,2514.2109375,2529.669189453125,2326.632080078125,2493.592529296875,40044790246,2493.592529296875
ETH-USD,2025-02-26,2493.381591796875,2503.422119140625,2255.054931640625,2331.45263671875,28815111323,2331.45263671875
ETH-USD,2025-02-27,2331.51025390625,2378.08740234375,2230.4482421875,2305.484375,24286213447,2305.484375
ETH-USD,2025-02-28,2305.56005859375,2310.94921875,2076.169921875,2237.9052734375,35737904667,2237.9052734375
ETH-USD,2025-03-01,2237.942138671875,2279.873046875,2144.090087890625,2216.643310546875,16135258239,2216.643310546875
ETH-USD,2025-03-02,2216.521728515625,2548.811767578125,2175.321533203125,2519.694580078125,34854193845,2519.694580078125
ETH-USD,2025-03-03,2519.531005859375,2522.316650390625,2097.076171875,2145.573974609375,31473561910,2145.573974609375
ETH-USD,2025-03-04,2145.65283203125,2220.358642578125,1996.767578125,2170.01513671875,33935738380,2170.01513671875
ETH-USD,2025-03-05,2169.98681640625,2272.79736328125,2156.099365234375,2241.977294921875,22105432727,2241.977294921875
ETH-USD,2025-03-06,2241.906494140625,2319.396240234375,2177.677001953125,2202.476806640625,18509069102,2202.476806640625
ETH-USD,2025-03-07,2202.498291015625,2254.232421875,2103.47265625,2138.987548828125,22425792863,2138.987548828125
ETH-USD,2025-03-08,2139.7978515625,2232.3271484375,2107.72802734375,2201.51025390625,10533204814,2201.51025390625
ETH-USD,2025-03-09,2201.708740234375,2210.313720703125,1991.1934814453125,2015.5091552734375,16103964994,2015.5091552734375
ETH-USD,2025-03-10,2015.430419921875,2150.706298828125,1812.766845703125,1861.1513671875,35005066442,1861.1513671875
ETH-USD,2025-03-11,1859.7777099609375,1961.7977294921875,1760.9417724609375,1919.844970703125,30898385863,1919.844970703125
ETH-USD,2025-03-12,1919.664794921875,1954.5711669921875,1832.01904296875,1908.982666015625,22898872951,1908.982666015625
ETH-USD,2025-03-13,1909.015380859375,1919.688232421875,1823.525390625,1862.9696044921875,17977225564,1862.9696044921875
ETH-USD,2025-03-14,1862.9979248046875,1945.0914306640625,1861.10595703125,1909.467529296875,12122715282,1909.467529296875
ETH-USD,2025-03-15,1909.528076171875,1955.2384033203125,1904.9656982421875,1937.3946533203125,6456484591,1937.3946533203125
ETH-USD,2025-03-16,1937.384765625,1940.474365234375,1863.489013671875,1887.43505859375,9292997638,1887.43505859375
ETH-USD,2025-03-17,1887.44921875,1951.6259765625,1880.484375,1927.0029296875,10436892087,1927.0029296875
ETH-USD,2025-03-18,1927.0057373046875,1935.1820068359375,1872.5089111328125,1932.54345703125,10170844746,1932.54345703125
ETH-USD,2025-03-19,1932.5445556640625,2068.764404296875,1928.24951171875,2057.7490234375,20065206266,2057.7490234375
ETH-USD,2025-03-20,2057.951171875,2067.483642578125,1952.2432861328125,1982.099853515625,13217865782,1982.099853515625
ETH-USD,2025-03-21,1981.85302734375,1994.8914794921875,1937.2115478515625,1964.8475341796875,9708125480,1964.8475341796875
ETH-USD,2025-03-22,1964.9404296875,2005.0411376953125,1964.27099609375,1980.037841796875,6117036512,1980.037841796875
ETH-USD,2025-03-23,1979.983642578125,2019.889404296875,1977.7093505859375,2005.2991943359375,7522339707,2005.2991943359375
ETH-USD,2025-03-24,2005.7183837890625,2101.9833984375,1978.7637939453125,2077.47900390625,14044912402,2077.47900390625
ETH-USD,2025-03-25,2078.568115234375,2096.518310546875,2038.64453125,2067.76416015625,11735658914,2067.76416015625
ETH-USD,2025-03-26,2067.5087890625,2078.369140625,1982.412353515625,2009.1893310546875,13178523590,2009.1893310546875
ETH-USD,2025-03-27,2008.9405517578125,2037.3961181640625,1987.7177734375,2002.357421875,11593274543,2002.357421875
ETH-USD,2025-03-28,2002.4105224609375,2015.454345703125,1863.0106201171875,1895.5029296875,18160526498,1895.5029296875
ETH-USD,2025-03-29,1895.5496826171875,1911.90087890625,1799.2008056640625,1827.3203125,12194771785,1827.3203125
ETH-USD,2025-03-30,1827.31103515625,1847.570556640625,1769.4127197265625,1806.2186279296875,9854857162,1806.2186279296875
ETH-USD,2025-03-31,1806.3165283203125,1852.5513916015625,1778.6922607421875,1823.47998046875,15765030938,1823.47998046875
ETH-USD,2025-04-01,1823.5623779296875,1926.302978515625,1820.350341796875,1905.491455078125,15001220420,1905.491455078125
ETH-USD,2025-04-02,1905.484619140625,1951.1802978515625,1782.76025390625,1795.313232421875,22593742104,1795.313232421875
ETH-USD,2025-04-03,1794.97607421875,1844.071044921875,1751.380859375,1815.63720703125,16450974373,1815.63720703125
ETH-USD,2025-04-04,1815.60986328125,1833.956787109375,1760.588623046875,1815.335205078125,18061720814,1815.335205078125
ETH-USD,2025-04-05,1815.344970703125,1826.298583984375,1767.5135498046875,1805.9732666015625,6374712479,1805.9732666015625
ETH-USD,2025-04-06,1805.9630126953125,1815.5748291015625,1539.43798828125,1576.72802734375,22154445576,1576.72802734375
ETH-USD,2025-04-07,1576.9498291015625,1634.0411376953125,1415.37353515625,1555.240966796875,46073959047,1555.240966796875
ETH-USD,2025-04-08,1554.93212890625,1617.33984375,1447.610107421875,1472.5531005859375,21315312919,1472.5531005859375
ETH-USD,2025-04-09,1472.6014404296875,1687.18798828125,1386.79931640625,1668.0400390625,39252195855,1668.0400390625
ETH-USD,2025-04-10,1668.2017822265625,1669.3941650390625,1474.9141845703125,1522.518798828125,21379604307,1522.518798828125
ETH-USD,2025-04-11,1522.4730224609375,1587.53857421875,1505.001953125,1567.1497802734375,14871838813,1567.1497802734375
ETH-USD,2025-04-12,1567.15576171875,1666.017578125,1546.819580078125,1643.528564453125,12110995013,1643.528564453125
ETH-USD,2025-04-13,1643.5010986328125,1648.2867431640625,1564.8388671875,1596.685791015625,13909890792,1596.685791015625
ETH-USD,2025-04-14,1596.8818359375,1689.8575439453125,1596.0865478515625,1622.7698974609375,16518325094,1622.7698974609375
ETH-USD,2025-04-15,1622.7718505859375,1659.836181640625,1585.2291259765625,1588.6324462890625,13175452875,1588.6324462890625
ETH-USD,2025-04-16,1589.031005859375,1610.7821044921875,1540.0338134765625,1578.1053466796875,15339621551,1578.1053466796875
ETH-USD,2025-04-17,1578.01416015625,1615.306884765625,1564.1956787109375,1582.54833984375,11312160796,1582.54833984375
ETH-USD,2025-04-18,1582.397216796875,1599.4168701171875,1573.9039306640625,1588.9246826171875,7123507323,1588.9246826171875
ETH-USD,2025-04-19,1588.9697265625,1629.051513671875,1585.4730224609375,1612.9228515625,7168138700,1612.9228515625
ETH-USD,2025-04-20,1612.966064453125,1618.436767578125,1566.6915283203125,1587.5142822265625,7642784469,1587.5142822265625
ETH-USD,2025-04-21,1587.4609375,1656.11962890625,1566.1474609375,1579.7344970703125,15403785611,1579.7344970703125
ETH-USD,2025-04-22,1579.815185546875,1773.63916015625,1542.0003662109375,1757.3316650390625,23747917555,1757.3316650390625
ETH-USD,2025-04-23,1757.196533203125,1829.7099609375,1746.924072265625,1796.104248046875,22904644756,1796.104248046875
ETH-USD,2025-04-24,1795.9794921875,1801.69140625,1724.74072265625,1769.8316650390625,15207402759,1769.8316650390625
ETH-USD,2025-04-25,1770.003662109375,1826.696044921875,1740.3319091796875,1786.634521484375,17459399281,1786.634521484375
ETH-USD,2025-04-26,1786.532958984375,1839.363037109375,1781.473876953125,1821.881103515625,11926379867,1821.881103515625
ETH-USD,2025-04-27,1822.175537109375,1856.44384765625,1785.902099609375,1792.864990234375,11321944113,1792.864990234375
ETH-USD,2025-04-28,1792.4461669921875,1827.4822998046875,1747.726806640625,1798.851806640625,17043640437,1798.851806640625
ETH-USD,2025-04-29,1798.9122314453125,1842.0330810546875,1782.28125,1799.1756591796875,14734257744,1799.1756591796875
ETH-USD,2025-04-30,1799.2091064453125,1816.68994140625,1736.1429443359375,1793.775390625,14810431362,1793.775390625
ETH-USD,2025-05-01,1794.041015625,1872.9395751953125,1793.151123046875,1839.2215576171875,15861442721,1839.2215576171875
ETH-USD,2025-05-02,1839.1748046875,1869.530029296875,1814.73046875,1842.7078857421875,13570171872,1842.7078857421875
ETH-USD,2025-05-03,1842.7181396484375,1848.246826171875,1812.815673828125,1833.8397216796875,8344452620,1833.8397216796875
ETH-USD,2025-05-04,1833.647216796875,1849.99853515625,1804.4951171875,1808.59423828125,8918979887,1808.59423828125
ETH-USD,2025-05-05,1808.7049560546875,1832.05078125,1783.3148193359375,1819.697509765625,11389336489,1819.697509765625
ETH-USD,2025-05-06,1819.7340087890625,1820.796630859375,1753.3154296875,1815.0875244140625,13206516310,1815.0875244140625
ETH-USD,2025-05-07,1815.0189208984375,1849.658447265625,1788.6873779296875,1811.606689453125,50540755039,1811.606689453125
ETH-USD,2025-05-08,1811.54638671875,2222.20556640625,1809.4569091796875,2206.5146484375,37777245241,2206.5146484375
ETH-USD,2025-05-09,2206.128173828125,2486.0068359375,2186.054443359375,2345.50732421875,43766026875,2345.50732421875
ETH-USD,2025-05-10,2345.760498046875,2597.54345703125,2320.235107421875,2582.422607421875,30265913403,2582.422607421875
ETH-USD,2025-05-11,2582.71044921875,2603.264404296875,2441.730712890625,2510.23779296875,26496368543,2510.23779296875
ETH-USD,2025-05-12,2510.289306640625,2620.897216796875,2411.594482421875,2496.397705078125,32121858921,2496.397705078125
ETH-USD,2025-05-13,2496.33740234375,2736.89013671875,2418.32568359375,2680.129638671875,33528741590,2680.129638671875
ETH-USD,2025-05-14,2680.26220703125,2721.949951171875,2549.68505859375,2610.063232421875,26602676588,2610.063232421875
ETH-USD,2025-05-15,2610.02783203125,2645.07421875,2482.212890625,2546.85693359375,26637688883,2546.85693359375
ETH-USD,2025-05-16,2547.058349609375,2645.60791015625,2532.027099609375,2536.297607421875,21298907763,2536.297607421875
ETH-USD,2025-05-17,2536.297607421875,2537.78173828125,2449.0693359375,2475.75439453125,18830706230,2475.75439453125
ETH-USD,2025-05-18,2475.76953125,2585.697021484375,2344.668212890625,2498.233642578125,25005164865,2498.233642578125
ETH-USD,2025-05-19,2498.800048828125,2545.461181640625,2353.427001953125,2529.166748046875,27351331811,2529.166748046875
ETH-USD,2025-05-20,2529.135009765625,2585.619873046875,2446.44677734375,2524.173095703125,23453322578,2524.173095703125
ETH-USD,2025-05-21,2524.1591796875,2614.060791015625,2454.537841796875,2552.34716796875,31952904125,2552.34716796875
ETH-USD,2025-05-22,2552.766845703125,2691.102294921875,2546.434814453125,2664.156982421875,26596978352,2664.156982421875
ETH-USD,2025-05-23,2664.08203125,2731.220703125,2504.87353515625,2526.44189453125,30536501878,2526.44189453125
ETH-USD,2025-05-24,2526.387939453125,2575.13134765625,2516.01806640625,2530.646240234375,11380899856,2530.646240234375
ETH-USD,2025-05-25,2530.89013671875,2553.869140625,2467.880126953125,2551.763916015625,14556431364,2551.763916015625
ETH-USD,2025-05-26,2551.380859375,2598.566650390625,2530.321533203125,2564.138427734375,14936610009,2564.138427734375
ETH-USD,2025-05-27,2564.140869140625,2712.28515625,2512.588623046875,2663.06982421875,26264200536,2663.06982421875
ETH-USD,2025-05-28,2663.01025390625,2688.7421875,2611.160888671875,2682.212890625,19087366068,2682.212890625
ETH-USD,2025-05-29,2681.84326171875,2784.75244140625,2620.982666015625,2632.65478515625,27567479811,2632.65478515625
ETH-USD,2025-05-30,2632.8359375,2648.2607421875,2510.163818359375,2529.943603515625,24599403943,2529.943603515625
ETH-USD,2025-05-31,2529.833984375,2550.483642578125,2484.215576171875,2529.08740234375,13992843765,2529.08740234375
ETH-USD,2025-06-01,2529.0966796875,2547.77294921875,2472.540771484375,2536.266357421875,13287852482,2536.266357421875
ETH-USD,2025-06-02,2536.184814453125,2615.515625,2477.292724609375,2607.097412109375,16744168824,2607.097412109375
ETH-USD,2025-06-03,2607.197509765625,2652.418701171875,2582.25048828125,2593.2802734375,18291179016,2593.2802734375
ETH-USD,2025-06-04,2593.482666015625,2677.970458984375,2585.73779296875,2608.64306640625,18621211035,2608.64306640625
ETH-USD,2025-06-05,2608.607177734375,2640.60400390625,2395.753662109375,2416.28564453125,26194462737,2416.28564453125
ETH-USD,2025-06-06,2416.455078125,2530.391845703125,2387.608642578125,2477.19482421875,19407449565,2477.19482421875
ETH-USD,2025-06-07,2477.183349609375,2543.048828125,2459.13720703125,2526.50537109375,11664303387,2526.50537109375
ETH-USD,2025-06-08,2526.193359375,2547.467041015625,2493.920166015625,2510.787109375,12097170203,2510.787109375
ETH-USD,2025-06-09,2510.838134765625,2693.806640625,2479.867919921875,2681.51708984375,20605172560,2681.51708984375
ETH-USD,2025-06-10,2681.285400390625,2824.80810546875,2658.67724609375,2813.517578125,35555755055,2813.517578125
ETH-USD,2025-06-11,2813.73974609375,2877.62939453125,2746.4599609375,2773.529296875,30705408054,2773.529296875
ETH-USD,2025-06-12,2773.597900390625,2784.2626953125,2619.966552734375,2651.795166015625,25924959613,2651.795166015625
ETH-USD,2025-06-13,2651.91552734375,2651.91552734375,2443.962646484375,2579.486083984375,37986747138,2579.486083984375
ETH-USD,2025-06-14,2579.721435546875,2580.158203125,2491.49072265625,2533.444091796875,14285000473,2533.444091796875
ETH-USD,2025-06-15,2533.183349609375,2558.677734375,2493.20458984375,2546.837158203125,13961893828,2546.837158203125
ETH-USD,2025-06-16,2547.226806640625,2680.087646484375,2517.145263671875,2540.60498046875,22792449577,2540.60498046875
ETH-USD,2025-06-17,2540.314453125,2617.9013671875,2456.64892578125,2510.761474609375,25653232897,2510.761474609375
ETH-USD,2025-06-18,2510.81689453125,2546.62744140625,2469.05029296875,2524.301513671875,19873957905,2524.301513671875
ETH-USD,2025-06-19,2524.404052734375,2546.76953125,2486.101806640625,2521.653564453125,12782730709,2521.653564453125
ETH-USD,2025-06-20,2521.5263671875,2569.0146484375,2371.474365234375,2407.30419921875,22592586688,2407.30419921875
ETH-USD,2025-06-21,2407.34765625,2448.41162109375,2222.8125,2300.49560546875,16108791762,2300.49560546875
ETH-USD,2025-06-22,2298.8427734375,2313.85302734375,2116.681396484375,2228.213134765625,28458151601,2228.213134765625
ETH-USD,2025-06-23,2228.484619140625,2434.23974609375,2191.418212890625,2421.824951171875,26247439429,2421.824951171875
ETH-USD,2025-06-24,2421.83056640625,2481.222900390625,2379.5693359375,2448.0087890625,19539047009,2448.0087890625
ETH-USD,2025-06-25,2448.7373046875,2468.677978515625,2394.607421875,2419.310302734375,17158118625,2419.310302734375
ETH-USD,2025-06-26,2419.15478515625,2519.619873046875,2399.533935546875,2416.146728515625,18300413888,2416.146728515625
ETH-USD,2025-06-27,2416.023193359375,2463.15478515625,2386.324951171875,2423.866943359375,15309834970,2423.866943359375
ETH-USD,2025-06-28,2423.92529296875,2448.191650390625,2407.76171875,2437.109375,8273074809,2437.109375
ETH-USD,2025-06-29,2437.11474609375,2523.320556640625,2417.625244140625,2500.9599609375,12500580479,2500.9599609375
ETH-USD,2025-06-30,2500.60546875,2521.720458984375,2438.054931640625,2486.46435546875,16859727663,2486.46435546875
ETH-USD,2025-07-01,2486.428466796875,2500.591796875,2389.81591796875,2405.792724609375,15025451796,2405.792724609375
ETH-USD,2025-07-02,2405.857421875,2616.78369140625,2378.3935546875,2571.33544921875,22792512025,2571.33544921875
ETH-USD,2025-07-03,2570.796630859375,2635.192138671875,2558.58251953125,2591.00732421875,20873559425,2591.00732421875
ETH-USD,2025-07-04,2590.845703125,2601.11962890625,2475.7548828125,2508.518310546875,17222740209,2508.518310546875
ETH-USD,2025-07-05,2508.095947265625,2529.84228515625,2489.00244140625,2517.280029296875,9289382302,2517.280029296875
ETH-USD,2025-07-06,2517.280029296875,2603.064697265625,2505.370849609375,2571.236572265625,13190436110,2571.236572265625
ETH-USD,2025-07-07,2571.395263671875,2589.324951171875,2517.903564453125,2543.01318359375,18440266947,2543.01318359375
ETH-USD,2025-07-08,2542.97265625,2626.66455078125,2525.437744140625,2615.505859375,17537487206,2615.505859375
ETH-USD,2025-07-09,2615.505859375,2794.5185546875,2591.947021484375,2770.777587890625,27229452849,2770.777587890625
ETH-USD,2025-07-10,2770.7373046875,2995.152099609375,2757.2666015625,2954.84521484375,33929201261,2954.84521484375
ETH-USD,2025-07-11,2954.832763671875,3038.14111328125,2916.95654296875,2957.88623046875,36226558863,2957.88623046875
ETH-USD,2025-07-12,2958.333740234375,2979.780029296875,2907.193603515625,2942.91162109375,16317198254,2942.91162109375
ETH-USD,2025-07-13,2942.853515625,3016.3935546875,2938.736572265625,2973.35888671875,17361753131,2973.35888671875
ETH-USD,2025-07-14,2973.22509765625,3079.985595703125,2965.32373046875,3013.350830078125,36349290556,3013.350830078125
ETH-USD,2025-07-15,3013.29345703125,3142.42724609375,2934.371337890625,3139.8896484375,39013656112,3139.8896484375
ETH-USD,2025-07-16,3139.8896484375,3422.60302734375,3102.477783203125,3371.5068359375,46771354461,3371.5068359375
ETH-USD,2025-07-17,3371.5068359375,3521.685302734375,3315.9990234375,3476.784423828125,47532846793,3476.784423828125
ETH-USD,2025-07-18,3476.1240234375,3674.855224609375,3463.38623046875,3549.016357421875,59198465810,3549.016357421875
ETH-USD,2025-07-19,3548.926025390625,3608.275634765625,3512.97314453125,3595.273681640625,26031719746,3595.273681640625
ETH-USD,2025-07-20,3595.240478515625,3819.398681640625,3582.349609375,3759.471435546875,44600451066,3759.471435546875
ETH-USD,2025-07-21,3758.920654296875,3856.76708984375,3705.353759765625,3763.371337890625,42611467663,3763.371337890625
ETH-USD,2025-07-22,3762.882080078125,3798.100341796875,3624.140380859375,3749.1455078125,45248868820,3749.1455078125
ETH-USD,2025-07-23,3749.238525390625,3765.0263671875,3532.8564453125,3629.70361328125,41283228953,3629.70361328125
ETH-USD,2025-07-24,3629.731689453125,3771.381591796875,3514.999267578125,3708.005615234375,40377960354,3708.005615234375
ETH-USD,2025-07-25,3708.005615234375,3744.820068359375,3579.962890625,3727.266845703125,42264509577,3727.266845703125
ETH-USD,2025-07-26,3727.2373046875,3789.789794921875,3702.774169921875,3741.39599609375,24635287361,3741.39599609375
ETH-USD,2025-07-27,3741.25732421875,3876.93359375,3733.681640625,3875.24658203125,28897450394,3875.24658203125
ETH-USD,2025-07-28,3875.255859375,3940.652099609375,3756.515869140625,3787.42578125,35831336149,3787.42578125
ETH-USD,2025-07-29,3788.319580078125,3883.997802734375,3716.88330078125,3793.454833984375,35540435995,3793.454833984375
ETH-USD,2025-07-30,3793.58251953125,3832.884033203125,3683.14453125,3808.20166015625,34392494235,3808.20166015625
ETH-USD,2025-07-31,3808.24609375,3877.47021484375,3685.004150390625,3696.707763671875,32839839444,3696.707763671875
ETH-USD,2025-08-01,3696.144287109375,3722.585693359375,3432.3798828125,3488.365966796875,46261558200,3488.365966796875
ETH-USD,2025-08-02,3487.956787109375,3535.558837890625,3370.943115234375,3392.7412109375,30165065282,3392.7412109375
ETH-USD,2025-08-03,3392.744384765625,3520.831298828125,3357.93896484375,3497.379150390625,19363593865,3497.379150390625
ETH-USD,2025-08-04,3497.613037109375,3734.9775390625,3491.554931640625,3718.986083984375,30905749658,3718.986083984375
ETH-USD,2025-08-05,3719.81787109375,3720.656494140625,3547.62109375,3611.8994140625,32778742296,3611.8994140625
ETH-USD,2025-08-06,3612.038818359375,3698.124755859375,3567.095947265625,3683.920654296875,26924415763,3683.920654296875
ETH-USD,2025-08-07,3684.06201171875,3926.204345703125,3650.365966796875,3914.325927734375,38627826066,3914.325927734375
ETH-USD,2025-08-08,3914.110595703125,4068.84765625,3882.443115234375,4009.848876953125,45460293892,4009.848876953125
ETH-USD,2025-08-09,4009.150634765625,4323.76123046875,4007.709228515625,4263.59912109375,45279715746,4263.59912109375
ETH-USD,2025-08-10,4263.552734375,4332.21044921875,4163.9404296875,4254.2177734375,36173931367,4254.2177734375
ETH-USD,2025-08-11,4254.2314453125,4362.0927734375,4168.875,4226.966796875,49989853803,4226.966796875
ETH-USD,2025-08-12,4227.20703125,4634.05517578125,4222.3623046875,4590.9248046875,57237189036,4590.9248046875
ETH-USD,2025-08-13,4590.65771484375,4784.6689453125,4566.23876953125,4756.27587890625,62550014642,4756.27587890625
ETH-USD,2025-08-14,4756.04345703125,4788.5517578125,4461.28173828125,4548.16650390625,75681632806,4548.16650390625
ETH-USD,2025-08-15,4549.07568359375,4667.72998046875,4375.54541015625,4439.98876953125,55445715824,4439.98876953125
ETH-USD,2025-08-16,4439.998046875,4493.1494140625,4379.16455078125,4426.18017578125,26816931514,4426.18017578125
ETH-USD,2025-08-17,4426.259765625,4575.87646484375,4400.71337890625,4473.271484375,31348101438,4473.271484375
ETH-USD,2025-08-18,4473.33056640625,4484.009765625,4229.3798828125,4312.5048828125,53518423360,4312.5048828125
ETH-USD,2025-08-19,4312.5302734375,4355.0751953125,4070.535400390625,4073.464111328125,50440367102,4073.464111328125
ETH-USD,2025-08-20,4073.168212890625,4376.78955078125,4064.965087890625,4334.50048828125,49577862965,4334.50048828125
ETH-USD,2025-08-21,4334.5673828125,4338.826171875,4205.77685546875,4223.2099609375,33618359942,4223.2099609375
ETH-USD,2025-08-22,4223.73095703125,4884.22802734375,4209.47216796875,4831.3486328125,75965521535,4831.3486328125
ETH-USD,2025-08-23,4831.08837890625,4831.61083984375,4669.72509765625,4776.09033203125,36503623278,4776.09033203125
ETH-USD,2025-08-24,4776.70458984375,4953.73291015625,4714.47265625,4779.6474609375,52405003873,4779.6474609375
ETH-USD,2025-08-25,4779.76953125,4796.35009765625,4343.947265625,4372.98779296875,63936163545,4372.98779296875
ETH-USD,2025-08-26,4372.88037109375,4632.0732421875,4316.30078125,4600.4267578125,53829747706,4600.4267578125
ETH-USD,2025-08-27,4600.51025390625,4659.9873046875,4489.2978515625,4503.39306640625,43509902322,4503.39306640625
ETH-USD,2025-08-28,4503.63134765625,4629.03125,4435.109375,4507.177734375,36045274078,4507.177734375
ETH-USD,2025-08-29,4507.63134765625,4513.859375,4272.45947265625,4360.15283203125,46899991962,4360.15283203125
ETH-USD,2025-08-30,4360.0888671875,4413.27490234375,4264.1953125,4374.1533203125,25883112278,4374.1533203125
ETH-USD,2025-08-31,4374.8935546875,4497.1767578125,4373.5966796875,4390.01904296875,26683044984,4390.01904296875
ETH-USD,2025-09-01,4389.6259765625,4490.3466796875,4221.24755859375,4314.47021484375,37530746508,4314.47021484375
ETH-USD,2025-09-02,4314.39111328125,4414.93408203125,4260.45947265625,4325.36572265625,39884692334,4325.36572265625
ETH-USD,2025-09-03,4324.6962890625,4489.19873046875,4286.2060546875,4450.38916015625,35260873497,4450.38916015625
ETH-USD,2025-09-04,4450.2158203125,4483.451171875,4268.5888671875,4298.744140625,34919798552,4298.744140625
ETH-USD,2025-09-05,4298.8369140625,4484.361328125,4258.0498046875,4306.98876953125,44163736676,4306.98876953125
ETH-USD,2025-09-06,4306.97314453125,4327.43994140625,4244.7548828125,4274.2421875,18108246446,4274.2421875
ETH-USD,2025-09-07,4274.1669921875,4334.2744140625,4271.5341796875,4305.34765625,17426783536,4305.34765625
ETH-USD,2025-09-08,4305.38134765625,4381.27490234375,4279.97216796875,4308.072265625,32277142378,4308.072265625
ETH-USD,2025-09-09,4308.283203125,4381.2265625,4277.85302734375,4309.04150390625,30703320925,4309.04150390625
ETH-USD,2025-09-10,4309.091796875,4450.41796875,4286.0625,4349.14599609375,39521365146,4349.14599609375
ETH-USD,2025-09-11,4349.2001953125,4471.69873046875,4339.716796875,4461.2333984375,35959212991,4461.2333984375
ETH-USD,2025-09-12,4461.4794921875,4734.27392578125,4453.28466796875,4715.24609375,43839753626,4715.24609375
ETH-USD,2025-09-13,4714.70361328125,4763.361328125,4609.12548828125,4668.1796875,34843845977,4668.1796875
ETH-USD,2025-09-14,4668.17138671875,4690.64208984375,4581.84716796875,4609.59765625,28394160275,4609.59765625
ETH-USD,2025-09-15,4609.72314453125,4670.5302734375,4469.861328125,4526.8203125,40224062009,4526.8203125
ETH-USD,2025-09-16,4526.078125,4537.599609375,4428.330078125,4503.564453125,32761501436,4503.564453125
ETH-USD,2025-09-17,4503.6357421875,4617.23486328125,4429.64453125,4592.7333984375,44120899417,4592.7333984375
ETH-USD,2025-09-18,4592.44287109375,4643.97265625,4556.27001953125,4589.9189453125,33497259158,4589.9189453125
ETH-USD,2025-09-19,4589.505859375,4620.79296875,4443.2646484375,4470.9169921875,30352619653,4470.9169921875
ETH-USD,2025-09-20,4470.978515625,4509.81201171875,4459.1591796875,4482.265625,18056494322,4482.265625
ETH-USD,2025-09-21,4482.583984375,4499.38916015625,4447.119140625,4451.3291015625,19330306133,4451.3291015625
ETH-USD,2025-09-22,4451.58056640625,4457.08251953125,4092.396728515625,4202.87744140625,58221334533,4202.87744140625
ETH-USD,2025-09-23,4203.021484375,4227.7314453125,4120.8154296875,4165.50390625,32460075911,4165.50390625
ETH-USD,2025-09-24,4165.41259765625,4206.90185546875,4081.34765625,4153.46923828125,33538388785,4153.46923828125
ETH-USD,2025-09-25,4153.52099609375,4162.0625,3829.0107421875,3868.333984375,68963092031,3868.333984375
ETH-USD,2025-09-26,3868.69091796875,4069.168701171875,3868.43359375,4035.887939453125,47873508328,4035.887939453125
ETH-USD,2025-09-27,4035.91455078125,4038.45166015625,3975.758056640625,4018.658203125,20382555776,4018.658203125
ETH-USD,2025-09-28,4018.65966796875,4143.00390625,3969.79296875,4141.4765625,24631307054,4141.4765625
ETH-USD,2025-09-29,4141.3564453125,4234.78271484375,4087.92724609375,4217.341796875,38560429932,4217.341796875
ETH-USD,2025-09-30,4217.05517578125,4238.67138671875,4095.443603515625,4145.95751953125,37679153330,4145.95751953125
ETH-USD,2025-10-01,4146.03369140625,4351.1123046875,4125.5419921875,4351.1123046875,46161664723,4351.1123046875
ETH-USD,2025-10-02,4352.24072265625,4517.6650390625,4336.5263671875,4487.923828125,48074066058,4487.923828125
ETH-USD,2025-10-03,4486.9345703125,4591.44384765625,4431.47900390625,4514.87060546875,49603450230,4514.87060546875
ETH-USD,2025-10-04,4514.9091796875,4519.52685546875,4444.0126953125,4489.197265625,21832270764,4489.197265625
ETH-USD,2025-10-05,4489.05322265625,4616.533203125,4472.138671875,4515.4228515625,44880806324,4515.4228515625
ETH-USD,2025-10-06,4515.30078125,4736.208984375,4492.8701171875,4687.771484375,44992456374,4687.771484375
ETH-USD,2025-10-07,4687.7099609375,4755.22021484375,4443.5712890625,4451.15185546875,54879425294,4451.15185546875
ETH-USD,2025-10-08,4451.10791015625,4556.2216796875,4417.76806640625,4527.64794921875,40456628235,4527.64794921875
ETH-USD,2025-10-09,4526.9609375,4531.716796875,4273.5595703125,4369.1435546875,47903074596,4369.1435546875
ETH-USD,2025-10-10,4369.0654296875,4395.57080078125,3460.222412109375,3843.0087890625,97736621123,3843.0087890625
ETH-USD,2025-10-11,3840.96044921875,3882.241455078125,3652.7900390625,3750.611572265625,62475475938,3750.611572265625
ETH-USD,2025-10-12,3750.946044921875,4195.3974609375,3701.478271484375,4164.427734375,61216174681,4164.427734375
ETH-USD,2025-10-13,4164.04931640625,4292.845703125,4061.224609375,4245.4677734375,50253782420,4245.4677734375
ETH-USD,2025-10-14,4245.37255859375,4265.10546875,3895.9736328125,4125.412109375,67094148347,4125.412109375
ETH-USD,2025-10-15,4125.361328125,4213.85595703125,3935.161376953125,3987.45947265625,50462889453,3987.45947265625
ETH-USD,2025-10-16,3987.14892578125,4079.648193359375,3829.654052734375,3894.75439453125,49147390731,3894.75439453125
ETH-USD,2025-10-17,3894.377685546875,3950.56689453125,3678.620361328125,3832.558837890625,57404271888,3832.558837890625
ETH-USD,2025-10-18,3833.009521484375,3927.24560546875,3822.266357421875,3890.34619140625,23815676385,3890.34619140625
ETH-USD,2025-10-19,3890.58349609375,4029.35546875,3843.77294921875,3984.649658203125,32870655221,3984.649658203125
ETH-USD,2025-10-20,3984.6962890625,4084.15966796875,3911.726318359375,3980.76025390625,40224612563,3980.76025390625
ETH-USD,2025-10-21,3980.740478515625,4109.533203125,3843.227783203125,3876.76416015625,49960290350,3876.76416015625
ETH-USD,2025-10-22,3877.363037109375,3890.63232421875,3718.0771484375,3808.122314453125,46173305673,3808.122314453125
ETH-USD,2025-10-23,3808.0849609375,3930.974853515625,3801.241455078125,3856.0263671875,36361652714,3856.0263671875
ETH-USD,2025-10-24,3856.033203125,4002.561767578125,3849.724853515625,3934.5673828125,34090708715,3934.5673828125
ETH-USD,2025-10-25,3934.489990234375,3967.6455078125,3914.640625,3953.470947265625,15245229017,3953.470947265625
ETH-USD,2025-10-26,3953.437255859375,4177.310546875,3923.192626953125,4157.9892578125,29120786315,4157.9892578125
ETH-USD,2025-10-27,4158.0107421875,4250.669921875,4099.56982421875,4120.1220703125,40271333201,4120.1220703125
ETH-USD,2025-10-28,4120.27490234375,4173.50537109375,3940.834228515625,3982.262451171875,39684155177,3982.262451171875
ETH-USD,2025-10-29,3980.759033203125,4036.35302734375,3849.538818359375,3903.35302734375,35255876156,3903.35302734375
ETH-USD,2025-10-30,3903.322509765625,3948.22265625,3681.909423828125,3804.375244140625,39981939289,3804.375244140625
ETH-USD,2025-10-31,3805.082763671875,3900.580322265625,3797.669189453125,3847.080322265625,37800100395,3847.080322265625
ETH-USD,2025-11-01,3847.17138671875,3906.7802734375,3832.634765625,3874.18798828125,17490279524,3874.18798828125
ETH-USD,2025-11-02,3873.894287109375,3914.87548828125,3839.997314453125,3911.063232421875,20479611654,3911.063232421875
ETH-USD,2025-11-03,3911.747802734375,3912.63330078125,3560.263671875,3602.30810546875,53091469560,3602.30810546875
ETH-USD,2025-11-04,3602.040771484375,3652.687255859375,3063.0869140625,3292.574462890625,76827517773,3292.574462890625
ETH-USD,2025-11-05,3292.148193359375,3479.8095703125,3170.513916015625,3425.171142578125,46955882330,3425.171142578125
ETH-USD,2025-11-06,3425.361083984375,3454.3359375,3245.28173828125,3312.2578125,36731850433,3312.2578125
ETH-USD,2025-11-07,3312.029296875,3471.804931640625,3195.896728515625,3435.301025390625,42609994022,3435.301025390625
ETH-USD,2025-11-08,3435.1474609375,3482.268310546875,3357.713134765625,3400.3759765625,23613870398,3400.3759765625
ETH-USD,2025-11-09,3400.0986328125,3616.43701171875,3359.717529296875,3582.621337890625,28821543888,3582.621337890625
ETH-USD,2025-11-10,3583.44482421875,3656.14892578125,3508.98583984375,3568.4599609375,35638045619,3568.4599609375
ETH-USD,2025-11-11,3568.47265625,3644.5283203125,3404.86181640625,3415.2822265625,39734688531,3415.2822265625
ETH-USD,2025-11-12,3415.7958984375,3586.013916015625,3373.711669921875,3413.09423828125,34898956623,3413.09423828125
ETH-USD,2025-11-13,3412.994873046875,3561.86083984375,3156.03076171875,3232.757080078125,50283416669,3232.757080078125
ETH-USD,2025-11-14,3232.295166015625,3252.660888671875,3071.970703125,3103.78564453125,47003809463,3103.78564453125
ETH-USD,2025-11-15,3104.230224609375,3227.690185546875,3104.230224609375,3166.63134765625,19932940649,3166.63134765625
ETH-USD,2025-11-16,3166.79345703125,3244.837646484375,3007.07275390625,3092.847412109375,30987886524,3092.847412109375
ETH-USD,2025-11-17,3092.941650390625,3218.13037109375,2957.3095703125,3024.538818359375,41026793235,3024.538818359375
ETH-USD,2025-11-18,3024.4140625,3167.9326171875,2948.329345703125,3122.97900390625,41581494270,3122.97900390625
ETH-USD,2025-11-19,3122.64599609375,3122.64599609375,2871.22802734375,3023.07080078125,40229739844,3023.07080078125
ETH-USD,2025-11-20,3022.885498046875,3057.78857421875,2790.597900390625,2831.777587890625,43917885207,2831.777587890625
ETH-USD,2025-11-21,2829.2646484375,2880.60302734375,2626.87158203125,2765.69921875,51476486049,2765.69921875
ETH-USD,2025-11-22,2766.090576171875,2795.4267578125,2704.502197265625,2767.607421875,15408928941,2767.607421875
ETH-USD,2025-11-23,2767.594970703125,2856.446533203125,2767.472900390625,2801.676025390625,20358404499,2801.676025390625
ETH-USD,2025-11-24,2801.204345703125,2982.822021484375,2763.3779296875,2952.71337890625,32491657389,2952.71337890625
ETH-USD,2025-11-25,2952.58447265625,2978.704345703125,2857.8359375,2957.936279296875,23336017779,2957.936279296875
ETH-USD,2025-11-26,2958.32958984375,3043.927001953125,2889.890625,3027.81201171875,21433162961,3027.81201171875
ETH-USD,2025-11-27,3027.799072265625,3070.73193359375,2987.19775390625,3014.542236328125,16972780500,3014.542236328125
ETH-USD,2025-11-28,3014.543701171875,3095.033203125,2995.76513671875,3032.304443359375,20659958964,3032.304443359375
ETH-USD,2025-11-29,3032.29541015625,3051.962890625,2966.850830078125,2991.685302734375,12775481230,2991.685302734375
ETH-USD,2025-11-30,2991.375244140625,3051.597900390625,2978.826171875,2992.112548828125,11530446514,2992.112548828125
ETH-USD,2025-12-01,2991.923095703125,2996.8818359375,2720.4365234375,2800.18896484375,36679598313,2800.18896484375
ETH-USD,2025-12-02,2800.22314453125,3032.76123046875,2784.390625,2997.939697265625,26593645111,2997.939697265625
ETH-USD,2025-12-03,2997.801513671875,3212.559814453125,2988.14208984375,3191.57177734375,29949301036,3191.57177734375
ETH-USD,2025-12-04,3188.343505859375,3238.555419921875,3071.31005859375,3134.31640625,27434991113,3134.31640625
ETH-USD,2025-12-05,3134.357421875,3192.45703125,2989.83154296875,3024.432861328125,28000268228,3024.432861328125
ETH-USD,2025-12-06,3024.487548828125,3067.661376953125,3013.98193359375,3040.207763671875,10962819760,3040.207763671875
ETH-USD,2025-12-07,3040.17919921875,3148.7734375,2930.645263671875,3061.3017578125,20383496376,3061.3017578125
ETH-USD,2025-12-08,3061.013671875,3177.86767578125,3043.703857421875,3125.197998046875,25262165670,3125.197998046875
ETH-USD,2025-12-09,3124.942626953125,3395.838623046875,3092.87646484375,3321.114990234375,32012553374,3321.114990234375
ETH-USD,2025-12-10,3321.2041015625,3446.622802734375,3290.14697265625,3325.39013671875,30694387989,3325.39013671875
ETH-USD,2025-12-11,3324.38671875,3327.344482421875,3149.034423828125,3237.056884765625,29066243707,3237.056884765625
ETH-USD,2025-12-12,3237.025634765625,3265.37255859375,3050.267333984375,3084.172607421875,24391003174,3084.172607421875
ETH-USD,2025-12-13,3084.129638671875,3134.849365234375,3080.07861328125,3116.6953125,9916869400,3116.6953125
ETH-USD,2025-12-14,3116.743896484375,3128.622802734375,3034.692626953125,3060.5947265625,15619543350,3060.5947265625
ETH-USD,2025-12-15,3060.4814453125,3175.1181640625,2899.685791015625,2964.18310546875,28765976892,2964.18310546875
ETH-USD,2025-12-16,2964.379638671875,2978.92138671875,2890.01171875,2964.180908203125,22709189818,2964.180908203125
ETH-USD,2025-12-17,2964.01953125,3025.8154296875,2791.333984375,2831.403564453125,26159825528,2831.403564453125
ETH-USD,2025-12-18,2831.48828125,2994.552734375,2777.11962890625,2827.069091796875,29194181349,2827.069091796875
ETH-USD,2025-12-19,2827.410400390625,3014.6123046875,2811.3916015625,2977.970703125,27870687989,2977.970703125
ETH-USD,2025-12-20,2977.869140625,2992.31005859375,2967.838623046875,2977.58251953125,7612418215,2977.58251953125
ETH-USD,2025-12-21,2977.508544921875,3009.80712890625,2945.394775390625,3001.61376953125,11178096676,3001.61376953125
ETH-USD,2025-12-22,3001.61279296875,3073.353759765625,2965.175048828125,3006.07373046875,20342034264,3006.07373046875
ETH-USD,2025-12-23,3006.073974609375,3033.1962890625,2902.3330078125,2963.3740234375,21453213168,2963.3740234375
ETH-USD,2025-12-24,2962.922607421875,2975.171142578125,2888.988037109375,2945.590576171875,13984770325,2945.590576171875
ETH-USD,2025-12-25,2945.423095703125,2968.705078125,2891.10888671875,2903.57958984375,11828871179,2903.57958984375
ETH-USD,2025-12-26,2903.625,2991.219970703125,2894.15380859375,2925.74560546875,18562196049,2925.74560546875
ETH-USD,2025-12-27,2925.7451171875,2957.300537109375,2917.271240234375,2947.998291015625,7378783299,2947.998291015625
ETH-USD,2025-12-28,2947.898193359375,2957.138671875,2925.745361328125,2948.568115234375,9227601389,2948.568115234375
ETH-USD,2025-12-29,2948.55908203125,3051.94189453125,2908.748046875,2934.538330078125,25957694515,2934.538330078125
ETH-USD,2025-12-30,2934.416259765625,3002.8046875,2916.330078125,2971.416748046875,18816704381,2971.416748046875
ETH-USD,2025-12-31,2971.407470703125,3021.849609375,2959.143798828125,2967.03759765625,16451891101,2967.03759765625
ETH-USD,2026-01-01,2966.997314453125,3006.01025390625,2966.84521484375,3000.394287109375,10268796662,3000.394287109375
ETH-USD,2026-01-02,3000.453125,3146.984375,2989.9013671875,3124.422607421875,25242778003,3124.422607421875
ETH-USD,2026-01-03,3124.310302734375,3135.025634765625,3077.4658203125,3125.91748046875,11460707919,3125.91748046875
ETH-USD,2026-01-04,3125.960205078125,3160.551025390625,3119.427490234375,3140.71044921875,13890479323,3140.71044921875
ETH-USD,2026-01-05,3141.486328125,3261.245849609375,3134.0927734375,3226.13037109375,27211995956,3226.13037109375
ETH-USD,2026-01-06,3226.116455078125,3303.5634765625,3184.0146484375,3295.94677734375,27853981622,3295.94677734375
ETH-USD,2026-01-07,3295.91259765625,3296.394287109375,3126.552001953125,3166.843994140625,22665982583,3166.843994140625
ETH-USD,2026-01-08,3166.924072265625,3179.866455078125,3052.509765625,3104.382568359375,22760237888,3104.382568359375
ETH-USD,2026-01-09,3104.334716796875,3140.709228515625,3058.096923828125,3083.047119140625,18879517395,3083.047119140625
ETH-USD,2026-01-10,3083.16650390625,3099.16748046875,3075.135498046875,3082.39599609375,6960662969,3082.39599609375
ETH-USD,2026-01-11,3082.407470703125,3141.9580078125,3080.747802734375,3118.88525390625,10497219711,3118.88525390625
ETH-USD,2026-01-12,3118.828857421875,3166.219970703125,3068.07275390625,3092.3251953125,21152711365,3092.3251953125
ETH-USD,2026-01-13,3092.008544921875,3352.580078125,3088.512939453125,3322.095458984375,27237310134,3322.095458984375
ETH-USD,2026-01-14,3322.192138671875,3397.897705078125,3280.378662109375,3354.72265625,33926411912,3354.72265625
ETH-USD,2026-01-15,3354.765869140625,3382.44873046875,3276.820068359375,3317.101318359375,27598686935,3317.101318359375
ETH-USD,2026-01-16,3317.341796875,3325.25048828125,3251.814453125,3295.482177734375,22732887284,3295.482177734375
ETH-USD,2026-01-17,3295.482666015625,3328.283447265625,3282.661865234375,3308.8642578125,11206492253,3308.8642578125
ETH-USD,2026-01-18,3308.90576171875,3367.167724609375,3278.4267578125,3281.15771484375,13557863288,3281.15771484375
ETH-USD,2026-01-19,3282.19921875,3282.65478515625,3166.0166015625,3186.62109375,27956112545,3186.62109375
ETH-USD,2026-01-20,3186.62109375,3197.391845703125,2925.54345703125,2935.605712890625,32985301273,2935.605712890625
ETH-USD,2026-01-21,2935.882080078125,3064.390625,2867.264404296875,2978.901123046875,35797876195,2978.901123046875
ETH-USD,2026-01-22,2979.307861328125,3034.338134765625,2905.562744140625,2949.63330078125,21993593333,2949.63330078125
ETH-USD,2026-01-23,2949.44580078125,3013.9541015625,2892.52099609375,2953.25634765625,22417700837,2953.25634765625
ETH-USD,2026-01-24,2953.23828125,2965.46875,2942.444580078125,2948.74072265625,8198666763,2948.74072265625
ETH-USD,2026-01-25,2948.534423828125,2955.016845703125,2785.896728515625,2815.90234375,22414089670,2815.90234375
ETH-USD,2026-01-26,2815.768798828125,2945.99755859375,2811.074951171875,2926.45703125,29668620102,2926.45703125
ETH-USD,2026-01-27,2926.201171875,3031.03857421875,2898.3115234375,3022.2109375,27976005223,3022.2109375
ETH-USD,2026-01-28,3022.237548828125,3040.718505859375,2981.589599609375,3006.607421875,21751566455,3006.607421875
ETH-USD,2026-01-29,3006.26171875,3008.03759765625,2751.64501953125,2818.232666015625,37487198041,2818.232666015625
ETH-USD,2026-01-30,2818.135498046875,2823.91455078125,2633.8388671875,2702.375244140625,41877689970,2702.375244140625
ETH-USD,2026-01-31,2702.301513671875,2709.53369140625,2248.69873046875,2445.091796875,47569532203,2445.091796875
ETH-USD,2026-02-01,2445.0693359375,2472.646240234375,2224.117919921875,2267.96484375,40358630560,2267.96484375
ETH-USD,2026-02-02,2267.5625,2393.0634765625,2158.937255859375,2344.356689453125,48844346396,2344.356689453125
ETH-USD,2026-02-03,2344.44580078125,2357.2060546875,2109.05517578125,2227.558837890625,47906083919,2227.558837890625
ETH-USD,2026-02-04,2227.967041015625,2291.13134765625,2074.102783203125,2143.504150390625,45219604814,2143.504150390625
ETH-USD,2026-02-05,2143.618896484375,2167.139892578125,1818.664306640625,1821.68310546875,60381662655,1821.68310546875
ETH-USD,2026-02-06,1821.12939453125,2090.328125,1748.627685546875,2063.386962890625,64998454203,2063.386962890625
ETH-USD,2026-02-07,2063.333740234375,2115.824951171875,1995.9185791015625,2090.54931640625,41145430304,2090.54931640625
ETH-USD,2026-02-08,2090.633544921875,2148.12060546875,2066.3837890625,2088.762939453125,19541713443,2088.762939453125
ETH-USD,2026-02-09,2087.92138671875,2144.97607421875,2008.3623046875,2103.567626953125,26750982266,2103.567626953125
ETH-USD,2026-02-10,2104.181884765625,2122.021484375,1990.1405029296875,2019.4974365234375,23267337087,2019.4974365234375
ETH-USD,2026-02-11,2019.580078125,2030.409423828125,1903.6851806640625,1940.621337890625,23922680362,1940.621337890625
ETH-USD,2026-02-12,1940.8411865234375,1999.5028076171875,1897.3348388671875,1946.940673828125,20106364835,1946.940673828125
ETH-USD,2026-02-13,1946.6107177734375,2069.456787109375,1924.136962890625,2048.52734375,20412430639,2048.52734375
ETH-USD,2026-02-14,2048.330322265625,2105.067626953125,2042.6414794921875,2086.009765625,16925555543,2086.009765625
ETH-USD,2026-02-15,NA,NA,NA,NA,NA,NA
